Station_ID,Timestamp,CO_Channel,NOx_Channel,NO2_Channel,Ambient_Temperature,Relative_Humidity,Absolute_Humidity
STN-01,2021-01-01 00:00:00,1.2,411.0,157.0,4.8,56.3,0.9245
STN-01,2021-01-01 01:00:00,1.5,397.0,167.0,2.9,54.7,0.8249
STN-01,2021-01-01 02:00:00,0.7,300.0,135.0,1.8,50.1,0.7405
STN-01,2021-01-01 03:00:00,0.5,284.0,142.0,0.9,48.8,0.6769
STN-01,2021-01-01 04:00:00,0.0,209.0,118.0,0.9,53.6,0.7118
STN-01,2021-01-01 05:00:00,0.0,284.0,111.0,1.6,54.2,0.7196
STN-01,2021-01-01 06:00:00,0.9,334.0,122.0,2.7,57.3,0.7971
STN-01,2021-01-01 07:00:00,2.0,418.0,161.0,1.4,50.9,0.6762
STN-01,2021-01-01 08:00:00,2.4,468.0,152.0,2.1,50.5,0.7257
STN-01,2021-01-01 09:00:00,2.6,482.0,158.0,3.5,47.7,0.7078
STN-01,2021-01-01 10:00:00,1.9,386.0,141.0,5.8,41.5,0.7022
STN-01,2021-01-01 11:00:00,2.4,436.0,152.0,7.6,46.0,0.7934
STN-01,2021-01-01 12:00:00,2.0,349.0,146.0,8.7,46.7,0.8085
STN-01,2021-01-01 13:00:00,1.9,314.0,,8.6,46.4,0.7946
STN-01,2021-01-01 14:00:00,1.8,237.0,115.0,10.0,41.9,0.7829
STN-01,2021-01-01 15:00:00,1.2,198.0,124.0,10.2,37.0,0.7102
STN-01,2021-01-01 16:00:00,0.8,230.0,135.0,9.5,36.8,0.689
STN-01,2021-01-01 17:00:00,1.1,,144.0,9.3,38.2,0.6873
STN-01,2021-01-01 18:00:00,1.4,159.0,113.0,7.9,48.1,0.8073
STN-01,2021-01-01 19:00:00,1.9,239.0,125.0,7.8,49.4,0.8062
STN-01,2021-01-01 20:00:00,1.7,,104.0,5.2,54.3,0.7896
STN-01,2021-01-01 21:00:00,1.2,147.0,96.0,4.2,52.3,0.7494
STN-01,2021-01-01 22:00:00,0.6,129.0,97.0,2.1,59.0,0.7594
STN-01,2021-01-01 23:00:00,2.0,329.0,135.0,0.2,55.9,0.6626
STN-01,2021-01-02 00:00:00,1.5,295.0,111.0,1.0,59.2,0.706
STN-01,2021-01-02 01:00:00,1.3,190.0,110.0,1.0,58.8,0.676
STN-01,2021-01-02 02:00:00,1.2,197.0,117.0,1.4,112.03896675956639,0.6673
STN-01,2021-01-02 03:00:00,0.9,161.0,126.0,0.3,55.7,0.6207
STN-01,2021-01-02 04:00:00,0.3,154.0,99.0,-0.4,55.2,0.5673
STN-01,2021-01-02 05:00:00,0.0,151.0,85.0,0.5,54.9,0.5951
STN-01,2021-01-02 06:00:00,1.9,309.0,111.0,0.0,65.2,0.717
STN-01,2021-01-02 07:00:00,3.5,469.0,140.0,0.9,66.3,0.7656
STN-01,2021-01-02 08:00:00,4.1,541.0,149.0,1.7,67.7,0.7781
STN-01,2021-01-02 09:00:00,4.5,544.0,153.0,2.4,69.2,0.8069
STN-01,2021-01-02 10:00:00,4.3,526.0,157.0,5.0,66.2,0.8174
STN-01,2021-01-02 11:00:00,2.8,353.0,128.0,6.6,60.2,0.7579
STN-01,2021-01-02 12:00:00,2.1,196.0,109.0,7.4,59.6,0.7734
STN-01,2021-01-02 13:00:00,1.0,14.0,75.0,7.4,54.9,0.7034
STN-01,2021-01-02 14:00:00,1.3,45.0,87.0,8.1,52.0,0.6649
STN-01,2021-01-02 15:00:00,0.6,6.0,83.0,9.1,44.3,0.6149
STN-01,2021-01-02 16:00:00,1.6,134.0,120.0,9.1,41.2,0.5828
STN-01,2021-01-02 17:00:00,2.2,216.0,149.0,8.2,39.3,0.5195
STN-01,2021-01-02 18:00:00,2.6,241.0,165.0,,36.1,
STN-01,2021-01-02 19:00:00,2.6,,176.0,4.4,37.3,0.4248
STN-01,2021-01-02 20:00:00,2.3,349.0,159.0,2.9,40.3,0.4332
STN-01,2021-01-02 21:00:00,1.4,289.0,145.0,2.7,41.2,0.3847
STN-01,2021-01-02 22:00:00,0.0,95.0,117.0,1.9,48.4,0.4621
STN-01,2021-01-02 23:00:00,0.2,103.0,119.0,-0.2,54.9,0.4603
STN-01,2021-01-03 00:00:00,0.1,79.0,95.0,0.3,55.9,0.4832
STN-01,2021-01-03 01:00:00,0.0,43.0,97.0,-0.6,58.8,0.4344
STN-01,2021-01-03 02:00:00,0.0,10.0,92.0,-1.1,65.8,0.4825
STN-01,2021-01-03 03:00:00,0.2,30.0,92.0,-1.3,68.8,0.5275
STN-01,2021-01-03 04:00:00,0.0,1.0,62.0,-0.6,69.2,0.558
STN-01,2021-01-03 05:00:00,0.7,81.0,86.0,-1.4,69.7,0.5264
STN-01,2021-01-03 06:00:00,0.4,56.0,74.0,-0.4,68.1,0.539
STN-01,2021-01-03 07:00:00,1.7,213.0,110.0,0.9,59.1,0.469
STN-01,2021-01-03 08:00:00,1.4,124.0,97.0,1.7,53.7,0.4496
STN-01,2021-01-03 09:00:00,1.3,123.0,89.0,3.5,48.5,0.4679
STN-01,2021-01-03 10:00:00,1.9,238.0,138.0,6.2,40.5,0.4698
STN-01,2021-01-03 11:00:00,2.4,276.0,135.0,7.6,35.4,0.4575
STN-01,2021-01-03 12:00:00,2.8,275.0,127.0,9.6,34.1,0.4988
STN-01,2021-01-03 13:00:00,3.0,243.0,127.0,11.2,31.9,0.5065
STN-01,2021-01-03 14:00:00,2.6,169.0,104.0,10.5,28.2,0.4418
STN-01,2021-01-03 15:00:00,2.6,173.0,100.0,11.4,30.9,0.4891
STN-01,2021-01-03 16:00:00,3.3,330.0,120.0,11.4,35.1,0.5406
STN-01,2021-01-03 17:00:00,3.9,505.0,160.0,11.2,33.9,0.5722
STN-01,2021-01-03 18:00:00,4.7,505.0,148.0,9.0,43.1,0.6443
STN-01,2021-01-03 19:00:00,5.3,512.0,152.0,9.7,47.4,0.7176
STN-01,2021-01-03 20:00:00,4.6,484.0,139.0,9.2,47.5,0.6901
STN-01,2021-01-03 21:00:00,3.2,321.0,118.0,6.4,48.3,0.6259
STN-01,2021-01-03 22:00:00,2.0,190.0,108.0,5.6,51.5,0.6154
STN-01,2021-01-03 23:00:00,2.4,286.0,127.0,4.2,60.0,0.6379
STN-01,2021-01-04 00:00:00,,321.0,120.0,3.6,65.2,0.6167
STN-01,2021-01-04 01:00:00,2.4,291.0,119.0,1.9,71.7,0.6559
STN-01,2021-01-04 02:00:00,1.7,252.0,106.0,2.3,75.1,0.6955
STN-01,2021-01-04 03:00:00,5.4229033022362145,294.0,141.0,2.8,76.9,0.6981
STN-01,2021-01-04 04:00:00,0.9,208.0,98.0,3.3,70.5,0.6704
STN-01,2021-01-04 05:00:00,1.5,251.0,100.0,3.8,75.7,0.758
STN-01,2021-01-04 06:00:00,1.9,,95.0,3.9,73.2,0.7425
STN-01,2021-01-04 07:00:00,2.4,414.0,116.0,4.5,65.1,0.691
STN-01,2021-01-04 08:00:00,2.8,489.0,145.0,6.6,60.6,0.6918
STN-01,2021-01-04 09:00:00,2.5,407.0,146.0,8.4,55.1,0.6917
STN-01,2021-01-04 10:00:00,2.4,521.0,163.0,11.0,50.7,0.7289
STN-01,2021-01-04 11:00:00,2.6,591.0,168.0,13.2,41.5,0.6629
STN-01,2021-01-04 12:00:00,2.1,492.0,155.0,15.4,38.3,0.7017
STN-01,2021-01-04 13:00:00,2.3,525.0,163.0,15.3,37.8,0.6807
STN-01,2021-01-04 14:00:00,1.6,435.0,125.0,15.7,39.3,0.668
STN-01,2021-01-04 15:00:00,0.8,305.0,112.0,16.1,34.8,0.6153
STN-01,2021-01-04 16:00:00,1.1,911.953775477608,,16.2,33.8,
STN-01,2021-01-04 17:00:00,1.4,292.0,110.0,16.0,36.4,0.6753
STN-01,2021-01-04 18:00:00,2.6,378.0,145.0,13.9,42.0,0.7015
STN-01,2021-01-04 19:00:00,3.4,400.0,141.0,13.2,38.8,0.6631
STN-01,2021-01-04 20:00:00,4.3,493.0,172.0,10.8,49.4,0.7251
STN-01,2021-01-04 21:00:00,3.7,520.0,177.0,9.1,56.0,0.7263
STN-01,2021-01-04 22:00:00,2.0,293.0,126.0,8.3,55.5,0.7217
STN-01,2021-01-04 23:00:00,2.3,310.0,128.0,7.2,56.4,0.7165
STN-01,2021-01-05 00:00:00,2.3,374.0,150.0,6.6,53.7,0.6438
STN-01,2021-01-05 01:00:00,2.2,417.0,147.0,5.7,52.3,0.5558
STN-01,2021-01-05 02:00:00,1.6,323.0,133.0,5.5,51.7,0.5131
STN-01,2021-01-05 03:00:00,1.3,277.0,128.0,6.1,54.6,0.5771
STN-01,2021-01-05 04:00:00,1.5,286.0,107.0,6.1,55.9,0.5719
STN-01,2021-01-05 05:00:00,1.6,303.0,108.0,6.4,57.1,0.5963
STN-01,2021-01-05 06:00:00,2.1,425.0,140.0,5.9,53.4,0.5476
STN-01,2021-01-05 07:00:00,3.0,590.0,177.0,7.3,53.1,0.5878
STN-01,2021-01-05 08:00:00,3.6,651.0,189.0,7.2,47.4,0.539
STN-01,2021-01-05 09:00:00,3.7,610.0,190.0,9.0,43.6,0.5682
STN-01,2021-01-05 10:00:00,3.8,593.0,192.0,10.8,,
STN-01,2021-01-05 11:00:00,3.2,,172.0,12.5,35.1,0.5273
STN-01,2021-01-05 12:00:00,3.9,535.0,173.0,12.7,33.0,0.4724
STN-01,2021-01-05 13:00:00,4.4,516.0,154.0,13.6,30.0,0.4738
STN-01,2021-01-05 14:00:00,3.6,480.0,152.0,13.9,30.2,0.4781
STN-01,2021-01-05 15:00:00,3.5,506.0,155.0,12.4,34.1,0.438
STN-01,2021-01-05 16:00:00,3.1,475.0,153.0,12.2,33.2,0.4367
STN-01,2021-01-05 17:00:00,4.2,512.0,160.0,12.5,35.6,0.5043
STN-01,2021-01-05 18:00:00,5.2,609.0,190.0,11.3,36.6,0.5048
STN-01,2021-01-05 19:00:00,5.2,671.0,198.0,9.0,44.1,0.524
STN-01,2021-01-05 20:00:00,4.7,634.0,196.0,6.9,50.5,0.5156
STN-01,2021-01-05 21:00:00,3.4,570.0,205.0,5.5,48.3,0.4519
STN-01,2021-01-05 22:00:00,3.0,567.0,206.0,5.3,49.9,0.4625
STN-01,2021-01-05 23:00:00,2.9,555.0,212.0,5.0,52.2,0.4968
STN-01,2021-01-06 00:00:00,2.6,575.0,214.0,4.9,58.7,0.5747
STN-01,2021-01-06 01:00:00,2.4,512.0,174.0,4.2,55.8,0.5214
STN-01,2021-01-06 02:00:00,1.2,298.0,122.0,3.4,54.9,0.4904
STN-01,2021-01-06 03:00:00,0.3,261.0,115.0,3.6,57.5,0.5196
STN-01,2021-01-06 04:00:00,1.2,320.0,112.0,3.4,56.8,0.4965
STN-01,2021-01-06 05:00:00,1.5,313.0,106.0,3.6,58.0,0.5205
STN-01,2021-01-06 06:00:00,,232.0,95.0,4.1,63.3,0.5905
STN-01,2021-01-06 07:00:00,1.7,294.0,119.0,5.7,60.6,0.636
STN-01,2021-01-06 08:00:00,,443.0,158.0,6.8,59.4,0.6598
STN-01,2021-01-06 09:00:00,3.4,460.0,158.0,7.7,57.1,0.6846
STN-01,2021-01-06 10:00:00,2.6,467.0,161.0,9.2,49.7,0.6174
STN-01,2021-01-06 11:00:00,1.7,385.0,132.0,12.7,43.0,0.6488
STN-01,2021-01-06 12:00:00,2.9,457.0,165.0,16.4,39.8,0.7407
STN-01,2021-01-06 13:00:00,2.6,463.0,161.0,17.8,,0.7788
STN-01,2021-01-06 14:00:00,1.2,360.0,139.0,16.6,41.7,0.732
STN-01,2021-01-06 15:00:00,1.0,280.0,127.0,16.6,40.7,0.7225
STN-01,2021-01-06 16:00:00,1.8,339.0,130.0,15.3,47.3,2.0509433564629322
STN-01,2021-01-06 17:00:00,2.5,389.0,154.0,14.5,54.4,0.8273
STN-01,2021-01-06 18:00:00,3.2,433.0,158.0,,57.4,0.7984
STN-01,2021-01-06 19:00:00,2.5,349.0,144.0,,58.2,0.8124
STN-01,2021-01-06 20:00:00,2.1,292.0,143.0,8.7,55.6,0.7443
STN-01,2021-01-06 21:00:00,0.5,185.0,105.0,6.4,63.7,0.76
STN-01,2021-01-06 22:00:00,0.05,1.0,10.230695608695953,8.3,61.6,0.7709
STN-01,2021-01-06 23:00:00,0.05,1.0,1.0,7.4,62.0,0.7476
STN-01,2021-01-07 00:00:00,0.05,1.0,1.0,6.2,65.5,0.7171
STN-01,2021-01-07 01:00:00,0.05,1.0,1.0,5.7,67.0,0.728
STN-01,2021-01-07 02:00:00,0.05,1.0,1.0,4.8,65.3,0.6636
STN-01,2021-01-07 03:00:00,0.0,161.0,83.0,4.6,66.9,0.6894
STN-01,2021-01-07 04:00:00,0.0,200.0,89.0,3.4,62.8,0.6059
STN-01,2021-01-07 05:00:00,0.3,349.0,108.0,2.5,64.1,0.5633
STN-01,2021-01-07 06:00:00,0.4,360.0,97.0,1.8,66.9,0.6073
STN-01,2021-01-07 07:00:00,2.4,,136.0,2.4,67.5,0.618
STN-01,2021-01-07 08:00:00,3.6,705.0,167.0,4.4,65.1,0.6779
STN-01,2021-01-07 09:00:00,4.1,800.0,200.0,7.5,56.5,0.6575
STN-01,2021-01-07 10:00:00,3.3,770.0,206.0,11.1,49.3,0.6538
STN-01,2021-01-07 11:00:00,3.1,747.0,213.0,13.9,42.6,0.6339
STN-01,2021-01-07 12:00:00,2.2,557.0,179.0,15.7,31.7,0.5528
STN-01,2021-01-07 13:00:00,1.5,476.0,162.0,17.4,27.1,0.5526
STN-01,2021-01-07 14:00:00,1.6,422.0,155.0,16.9,26.7,0.4907
STN-01,2021-01-07 15:00:00,2.2,418.0,150.0,16.8,32.7,0.529
STN-01,2021-01-07 16:00:00,2.7,428.0,136.0,16.5,34.3,0.5288
STN-01,2021-01-07 17:00:00,2.7,429.0,139.0,15.7,33.2,0.4793
STN-01,2021-01-07 18:00:00,2.7,391.0,150.0,14.5,30.3,0.4743
STN-01,2021-01-07 19:00:00,3.4,370.0,140.0,13.1,35.9,0.4936
STN-01,2021-01-07 20:00:00,3.7,416.0,135.0,12.6,39.8,0.5016
STN-01,2021-01-07 21:00:00,2.5,305.0,110.0,,47.6,0.5098
STN-01,2021-01-07 22:00:00,1.2,139.0,97.0,10.8,46.7,0.5308
STN-01,2021-01-07 23:00:00,1.3,186.0,114.0,8.9,48.8,0.4813
STN-01,2021-01-08 00:00:00,0.3,73.0,101.0,9.6,47.3,0.4743
STN-01,2021-01-08 01:00:00,0.0,12.0,76.0,9.3,49.0,0.5199
STN-01,2021-01-08 02:00:00,0.0,1.0,49.0,8.5,51.7,0.5016
STN-01,2021-01-08 03:00:00,0.1,129.0,85.0,7.5,57.8,0.5558
STN-01,2021-01-08 04:00:00,0.0,61.0,54.0,6.3,61.5,0.5654
STN-01,2021-01-08 05:00:00,0.0,133.0,68.0,3.0,61.6,0.4826
STN-01,2021-01-08 06:00:00,0.0,163.0,71.0,3.0,64.3,0.5366
STN-01,2021-01-08 07:00:00,0.1,105.0,81.0,3.6,64.2,0.5295
STN-01,2021-01-08 08:00:00,1.8,311.0,150.0,4.1,61.5,0.5002
STN-01,2021-01-08 09:00:00,2.6,336.0,133.0,5.6,60.4,0.5401
STN-01,2021-01-08 10:00:00,2.5,368.0,152.0,8.2,59.3,
STN-01,2021-01-08 11:00:00,2.6,401.0,160.0,9.3,55.1,0.5759
STN-01,2021-01-08 12:00:00,2.6,360.0,153.0,11.3,48.4,0.5481
STN-01,2021-01-08 13:00:00,2.4,312.0,132.0,13.0,44.8,0.5835
STN-01,2021-01-08 14:00:00,1.0,194.0,95.0,13.1,43.1,0.5588
STN-01,2021-01-08 15:00:00,1.1,195.0,92.0,12.4,45.5,0.5313
STN-01,2021-01-08 16:00:00,0.9,203.0,84.0,12.7,47.0,0.5602
STN-01,2021-01-08 17:00:00,1.6,249.0,94.0,12.2,51.5,0.6078
STN-01,2021-01-08 18:00:00,2.4,373.0,111.0,11.7,55.3,0.6379
STN-01,2021-01-08 19:00:00,3.1,436.0,119.0,12.0,60.4,0.7318
STN-01,2021-01-08 20:00:00,3.2,462.0,126.0,10.2,70.8,0.8102
STN-01,2021-01-08 21:00:00,2.4,340.0,90.0,8.8,72.8,0.8355
STN-01,2021-01-08 22:00:00,3.0,380.0,85.0,9.1,71.7,0.8407
STN-01,2021-01-08 23:00:00,3.2,432.0,102.0,8.4,73.1,0.8515
STN-01,2021-01-09 00:00:00,3.4,566.0,137.0,6.7,75.7,0.8296
STN-01,2021-01-09 01:00:00,1.9,432.0,101.0,7.0,76.1,0.8773
STN-01,2021-01-09 02:00:00,,419.0,85.0,7.4,73.4,0.8562
STN-01,2021-01-09 03:00:00,1.7,421.0,103.0,6.3,75.9,0.8401
STN-01,2021-01-09 04:00:00,1.3,,62.0,5.7,74.7,0.8023
STN-01,2021-01-09 05:00:00,0.7,322.0,53.0,4.8,80.2,0.8669
STN-01,2021-01-09 06:00:00,0.8,408.0,66.0,4.2,79.5,0.8408
STN-01,2021-01-09 07:00:00,1.6,501.0,83.0,4.7,84.2,0.8889
STN-01,2021-01-09 08:00:00,2.2,622.0,115.0,5.4,86.1,0.951
STN-01,2021-01-09 09:00:00,2.1,578.0,125.0,7.1,81.4,0.9671
STN-01,2021-01-09 10:00:00,1.3,536.0,133.0,9.0,76.2,1.0017
STN-01,2021-01-09 11:00:00,1.2,522.0,129.0,11.7,71.8,1.0294
STN-01,2021-01-09 12:00:00,0.8,354.0,115.0,14.2,67.8,1.0991
STN-01,2021-01-09 13:00:00,1.6,387.0,130.0,13.7,68.0,1.0585
STN-01,2021-01-09 14:00:00,1.6,404.0,123.0,13.5,69.6,1.0719
STN-01,2021-01-09 15:00:00,1.9,414.0,145.0,12.3,67.4,0.9994
STN-01,2021-01-09 16:00:00,,316.0,149.0,13.3,59.6,0.9741
STN-01,2021-01-09 17:00:00,2.4,416.0,175.0,12.3,63.0,0.9819
STN-01,2021-01-09 18:00:00,3.0,459.0,182.0,9.9,65.1,1.023
STN-01,2021-01-09 19:00:00,3.7,495.0,191.0,8.9,,0.99
STN-01,2021-01-09 20:00:00,3.5,499.0,188.0,7.9,60.7,0.9368
STN-01,2021-01-09 21:00:00,2.2,456.0,144.0,6.4,65.0,0.9074
STN-01,2021-01-09 22:00:00,1.5,399.0,122.0,7.9,65.1,0.969
STN-01,2021-01-09 23:00:00,2.9,,150.0,6.4,67.1,0.9381
STN-01,2021-01-10 00:00:00,1.9,419.0,148.0,4.0,71.3,0.8685
STN-01,2021-01-10 01:00:00,1.0,295.0,127.0,3.4,74.8,0.8716
STN-01,2021-01-10 02:00:00,1.0,284.0,109.0,2.8,73.4,0.8021
STN-01,2021-01-10 03:00:00,1.4,364.0,125.0,2.9,81.0,0.8592
STN-01,2021-01-10 04:00:00,1.4,313.0,103.0,3.3,81.3,0.9065
STN-01,2021-01-10 05:00:00,1.0,285.0,99.0,2.2,79.0,0.8547
STN-01,2021-01-10 06:00:00,0.6,268.0,102.0,1.5,77.9,0.8249
STN-01,2021-01-10 07:00:00,1.8,352.0,125.0,1.9,77.1,0.8167
STN-01,2021-01-10 08:00:00,1.7,375.0,126.0,2.2,70.1,0.7404
STN-01,2021-01-10 09:00:00,2.4,431.0,133.0,3.6,68.3,0.7611
STN-01,2021-01-10 10:00:00,2.2,398.0,146.0,5.9,58.9,0.7237
STN-01,2021-01-10 11:00:00,2.2,378.0,145.0,8.4,55.8,0.7353
STN-01,2021-01-10 12:00:00,2.0,358.0,154.0,8.4,55.0,0.6911
STN-01,2021-01-10 13:00:00,,271.0,144.0,8.8,51.3,0.6239
STN-01,2021-01-10 14:00:00,1.8,288.0,135.0,,47.7,0.6193
STN-01,2021-01-10 15:00:00,1.3,324.0,145.0,10.1,44.1,0.565
STN-01,2021-01-10 16:00:00,1.0,331.0,168.0,,43.2,
STN-01,2021-01-10 17:00:00,3.2,487.0,210.0,10.2,47.3,0.6058
STN-01,2021-01-10 18:00:00,4.4,629.0,219.0,7.2,54.2,0.5675
STN-01,2021-01-10 19:00:00,3.8,501.0,178.0,5.9,56.0,0.5656
STN-01,2021-01-10 20:00:00,2.7,427.0,161.0,5.4,52.2,0.4831
STN-01,2021-01-10 21:00:00,1.6,310.0,131.0,4.5,,0.5182
STN-01,2021-01-10 22:00:00,,237.0,116.0,2.9,59.5,0.4891
STN-01,2021-01-10 23:00:00,1.3,237.0,113.0,2.9,66.2,
STN-01,2021-01-11 00:00:00,1.1,196.0,99.0,2.8,63.9,0.5637
STN-01,2021-01-11 01:00:00,0.9,176.0,85.0,1.1,68.4,0.5576
STN-01,2021-01-11 02:00:00,1.2,206.0,82.0,0.5,68.0,0.5241
STN-01,2021-01-11 03:00:00,1.0,181.0,87.0,1.4,70.4,0.5769
STN-01,2021-01-11 04:00:00,0.7,222.0,88.0,2.2,68.1,0.5606
STN-01,2021-01-11 05:00:00,1.9,405.0,119.0,1.4,70.0,0.5593
STN-01,2021-01-11 06:00:00,1.8,409.0,125.0,2.1,75.5,0.6269
STN-01,2021-01-11 07:00:00,1.8,419.0,128.0,0.2,75.3,0.5717
STN-01,2021-01-11 08:00:00,2.1,521.0,149.0,1.3,66.9,0.5213
STN-01,2021-01-11 09:00:00,1.8,424.0,150.0,3.9,,0.5112
STN-01,2021-01-11 10:00:00,1.6,463.0,176.0,6.2,47.3,0.3922
STN-01,2021-01-11 11:00:00,2.1,477.0,199.0,9.5,38.1,0.3666
STN-01,2021-01-11 12:00:00,1.1,333.0,155.0,10.2,36.6,0.3567
STN-01,2021-01-11 13:00:00,1.8,331.0,164.0,10.5,38.2,0.3081
STN-01,2021-01-11 14:00:00,1.2,294.0,156.0,10.9,39.2,0.3422
STN-01,2021-01-11 15:00:00,1.3,281.0,151.0,13.5,38.8,0.4358
STN-01,2021-01-11 16:00:00,2.1,338.0,144.0,14.8,39.1,0.5177
STN-01,2021-01-11 17:00:00,2.4,332.0,149.0,14.5,37.9,0.4954
STN-01,2021-01-11 18:00:00,3.7,434.0,146.0,13.4,48.3,0.604
STN-01,2021-01-11 19:00:00,3.6,470.0,142.0,11.1,49.3,0.5626
STN-01,2021-01-11 20:00:00,3.7,519.0,154.0,9.9,55.6,0.6
STN-01,2021-01-11 21:00:00,2.7,418.0,130.0,9.0,58.2,0.622
STN-01,2021-01-11 22:00:00,2.6,346.0,124.0,7.7,62.3,0.6021
STN-01,2021-01-11 23:00:00,3.1,449.0,124.0,6.3,72.8,0.6886
STN-01,2021-01-12 00:00:00,3.5,473.0,128.0,6.2,76.4,0.7767
STN-01,2021-01-12 01:00:00,1.7,322.0,88.0,5.1,78.9,0.7576
STN-01,2021-01-12 02:00:00,2.6,384.0,,4.7,83.7,0.813
STN-01,2021-01-12 03:00:00,2.2,359.0,93.0,3.7,88.0,
STN-01,2021-01-12 04:00:00,1.9,336.0,81.0,2.4,97.2,0.9004
STN-01,2021-01-12 05:00:00,1.7,364.0,101.0,2.2,98.6,0.918
STN-01,2021-01-12 06:00:00,2.0,493.0,115.0,1.6,94.0,0.8272
STN-01,2021-01-12 07:00:00,3.3,600.0,153.0,1.1,91.9,0.8227
STN-01,2021-01-12 08:00:00,3.4,580.0,146.0,0.8,88.3,0.7791
STN-01,2021-01-12 09:00:00,3.4,606.0,155.0,3.6,77.6,0.7464
STN-01,2021-01-12 10:00:00,2.5,542.0,155.0,6.0,71.7,0.7637
STN-01,2021-01-12 11:00:00,1.3,389.0,140.0,8.9,66.3,0.7594
STN-01,2021-01-12 12:00:00,2.9,491.0,145.0,10.6,61.0,0.7277
STN-01,2021-01-12 13:00:00,4.1,,159.0,10.9,58.6,0.6787
STN-01,2021-01-12 14:00:00,3.8,576.0,143.0,11.8,69.5,0.7989
STN-01,2021-01-12 15:00:00,3.0,460.0,116.0,11.8,68.5,0.8215
STN-01,2021-01-12 16:00:00,2.9,433.0,132.0,,63.0,0.7671
STN-01,2021-01-12 17:00:00,3.7,559.0,153.0,13.2,66.1,0.7629
STN-01,2021-01-12 18:00:00,4.4,575.0,166.0,14.5,65.2,0.8443
STN-01,2021-01-12 19:00:00,5.6,658.0,197.0,14.0,64.7,0.8743
STN-01,2021-01-12 20:00:00,4.6,610.0,179.0,13.6,63.2,0.8494
STN-01,2021-01-12 21:00:00,2.6,470.0,139.0,13.1,60.6,0.838
STN-01,2021-01-12 22:00:00,1.1,349.0,130.0,10.0,62.6,0.7385
STN-01,2021-01-12 23:00:00,1.2,280.0,123.0,7.7,64.5,0.7116
STN-01,2021-01-13 00:00:00,2.6,374.0,145.0,7.5,66.4,0.7079
STN-01,2021-01-13 01:00:00,1.4,287.0,137.0,6.4,66.0,0.6404
STN-01,2021-01-13 02:00:00,1.2,250.0,125.0,-17.90142221675993,69.0,0.6039
STN-01,2021-01-13 03:00:00,0.9,302.0,135.0,3.5,72.6,0.5701
STN-01,2021-01-13 04:00:00,0.6,238.0,108.0,3.9,67.7,0.5055
STN-01,2021-01-13 05:00:00,0.9,360.0,115.0,4.8,66.5,0.5231
STN-01,2021-01-13 06:00:00,0.1,289.0,102.0,4.5,62.4,0.4663
STN-01,2021-01-13 07:00:00,1.0,421.0,135.0,3.3,56.0,0.3472
STN-01,2021-01-13 08:00:00,2.0,520.0,163.0,4.8,53.3,0.3544
STN-01,2021-01-13 09:00:00,2.0,537.0,167.0,7.5,51.3,0.4708
STN-01,2021-01-13 10:00:00,0.8,470.0,160.0,9.5,41.1,0.3821
STN-01,2021-01-13 11:00:00,0.7,464.0,155.0,12.1,32.1,0.3355
STN-01,2021-01-13 12:00:00,,409.0,157.0,13.9,28.2,0.3191
STN-01,2021-01-13 13:00:00,1.1,407.0,160.0,12.7,30.8,0.2509
STN-01,2021-01-13 14:00:00,0.7,321.0,137.0,14.1,25.3,0.2156
STN-01,2021-01-13 15:00:00,1.2,434.0,164.0,14.3,31.2,0.2709
STN-01,2021-01-13 16:00:00,2.1,509.0,174.0,16.2,33.1,0.3151
STN-01,2021-01-13 17:00:00,,525.0,175.0,15.7,34.1,0.3374
STN-01,2021-01-13 18:00:00,3.9,536.0,174.0,13.0,40.2,0.3548
STN-01,2021-01-13 19:00:00,5.0,633.0,195.0,12.1,43.2,0.3636
STN-01,2021-01-13 20:00:00,4.4,504.0,168.0,10.6,43.9,0.3403
STN-01,2021-01-13 21:00:00,1.8,256.0,121.0,9.9,45.7,0.3853
STN-01,2021-01-13 22:00:00,1.0,176.0,87.0,9.2,48.8,0.3905
STN-01,2021-01-13 23:00:00,1.2,135.0,66.0,8.1,53.6,0.3908
STN-01,2021-01-14 00:00:00,2.3,308.0,87.0,7.1,60.4,0.4004
STN-01,2021-01-14 01:00:00,,322.0,85.0,6.2,67.2,0.4651
STN-01,2021-01-14 02:00:00,2.3,318.0,97.0,5.2,70.2,0.4783
STN-01,2021-01-14 03:00:00,0.9,194.0,91.0,2.9,78.2,0.4756
STN-01,2021-01-14 04:00:00,1.2,175.0,63.0,3.3,82.3,0.5463
STN-01,2021-01-14 05:00:00,1.4,120.0,79.0,2.6,88.0,0.6129
STN-01,2021-01-14 06:00:00,2.2,197.0,112.0,2.3,84.0,0.5523
STN-01,2021-01-14 07:00:00,1.7,207.0,115.0,3.9,83.1,0.6276
STN-01,2021-01-14 08:00:00,1.3,247.0,122.0,4.0,79.0,0.5947
STN-01,2021-01-14 09:00:00,1.5,326.0,158.0,6.1,68.8,0.5551
STN-01,2021-01-14 10:00:00,1.8,293.0,164.0,8.5,61.5,0.5182
STN-01,2021-01-14 11:00:00,2.5,316.0,159.0,9.9,60.8,0.5541
STN-01,2021-01-14 12:00:00,3.4,380.0,177.0,11.3,50.3,0.4553
STN-01,2021-01-14 13:00:00,3.5,353.0,149.0,13.5,51.6,0.5211
STN-01,2021-01-14 14:00:00,3.7,382.0,146.0,14.7,51.6,0.5573
STN-01,2021-01-14 15:00:00,3.2,334.0,146.0,16.1,,0.5327
STN-01,2021-01-14 16:00:00,3.2,338.0,,16.7,45.9,0.5508
STN-01,2021-01-14 17:00:00,4.1,439.0,188.0,14.4,50.8,0.5532
STN-01,2021-01-14 18:00:00,4.5,461.0,199.0,13.1,48.8,0.5254
STN-01,2021-01-14 19:00:00,4.1,435.0,193.0,13.0,49.4,0.5281
STN-01,2021-01-14 20:00:00,4.3,568.0,217.0,11.0,57.4,0.58
STN-01,2021-01-14 21:00:00,2.8,424.0,174.0,11.5,51.2,0.5724
STN-01,2021-01-14 22:00:00,2.7,415.0,160.0,11.8,57.6,0.6499
STN-01,2021-01-14 23:00:00,3.0,470.0,186.0,11.6,58.8,0.6522
STN-01,2021-01-15 00:00:00,3.0,444.0,164.0,11.9,60.5,0.7304
STN-01,2021-01-15 01:00:00,1.7,278.0,,11.3,74.5,0.8758
STN-01,2021-01-15 02:00:00,0.7,195.0,87.0,9.6,75.8,0.8318
STN-01,2021-01-15 03:00:00,0.6,208.0,95.0,7.3,81.3,0.7976
STN-01,2021-01-15 04:00:00,0.7,163.0,68.0,7.4,83.2,0.8504
STN-01,2021-01-15 05:00:00,1.1,187.0,79.0,7.3,78.3,0.8063
STN-01,2021-01-15 06:00:00,1.2,242.0,,5.7,82.1,0.7828
STN-01,2021-01-15 07:00:00,2.6,331.0,106.0,7.0,78.6,0.7463
STN-01,2021-01-15 08:00:00,3.9,485.0,145.0,8.4,73.4,
STN-01,2021-01-15 09:00:00,3.9,495.0,138.0,10.9,72.9,0.8445
STN-01,2021-01-15 10:00:00,4.2,484.0,166.0,13.1,65.2,0.8102
STN-01,2021-01-15 11:00:00,3.5,481.0,174.0,14.2,63.2,0.7759
STN-01,2021-01-15 12:00:00,3.5,481.0,174.0,14.2,63.2,0.7759
STN-01,2021-01-15 13:00:00,,358.0,130.0,14.6,63.0,0.7737
STN-01,2021-01-15 14:00:00,1.4,322.0,106.0,14.4,61.4,0.7431
STN-01,2021-01-15 15:00:00,0.9,297.0,95.0,15.8,56.6,0.7655
STN-01,2021-01-15 16:00:00,1.4,340.0,102.0,14.1,63.0,0.7722
STN-01,2021-01-15 17:00:00,1.2,326.0,131.0,14.2,58.3,0.7247
STN-01,2021-01-15 18:00:00,1.9,400.0,142.0,12.6,65.7,0.8036
STN-01,2021-01-15 19:00:00,2.3,490.0,169.0,11.4,68.4,0.8023
STN-01,2021-01-15 20:00:00,2.5,448.0,154.0,8.8,69.6,0.74
STN-01,2021-01-15 21:00:00,1.6,486.0,159.0,7.5,73.2,0.7195
STN-01,2021-01-15 22:00:00,0.7,386.0,135.0,5.3,74.7,0.6622
STN-01,2021-01-15 23:00:00,1.7,481.0,147.0,6.8,75.6,0.7066
STN-01,2021-01-16 00:00:00,2.8,653.0,168.0,8.4,82.5,0.7856
STN-01,2021-01-16 01:00:00,2.5,690.0,159.0,7.8,88.8,0.8647
STN-01,2021-01-16 02:00:00,2.1,609.0,149.0,6.1,87.7,0.8015
STN-01,2021-01-16 03:00:00,1.3,572.0,141.0,5.2,89.7,0.8045
STN-01,2021-01-16 04:00:00,1.3,518.0,97.0,5.4,93.2,0.8597
STN-01,2021-01-16 05:00:00,1.7,576.0,115.0,5.0,99.0,0.9119
STN-01,2021-01-16 06:00:00,1.7,604.0,,3.7,99.0,0.8527
STN-01,2021-01-16 07:00:00,2.7,732.0,161.0,2.6,99.0,0.797
STN-01,2021-01-16 08:00:00,4.5,923.0,208.0,,99.0,0.8028
STN-01,2021-01-16 09:00:00,3.8,843.0,207.0,5.6,91.6,0.7789
STN-01,2021-01-16 10:00:00,3.8,855.0,234.0,8.1,81.8,0.7511
STN-01,2021-01-16 11:00:00,3.0,741.0,211.0,8.9,82.8,0.7799
STN-01,2021-01-16 12:00:00,2.9,696.0,208.0,11.2,78.6,0.7864
STN-01,2021-01-16 13:00:00,2.7,600.0,193.0,12.5,76.0,0.789
STN-01,2021-01-16 14:00:00,2.4,515.0,170.0,14.3,70.1,0.7907
STN-01,2021-01-16 15:00:00,3.3,582.0,181.0,14.9,70.1,0.804
STN-01,2021-01-16 16:00:00,,715.0,201.0,15.4,76.0,0.882
STN-01,2021-01-16 17:00:00,4.9,679.0,213.0,15.6,74.5,0.9171
STN-01,2021-01-16 18:00:00,4.8,680.0,225.0,12.2,76.3,0.8585
STN-01,2021-01-16 19:00:00,4.0,495.0,,11.4,73.5,0.8701
STN-01,2021-01-16 20:00:00,3.6,407.0,189.0,8.8,75.5,0.8546
STN-01,2021-01-16 21:00:00,3.0,375.0,178.0,9.2,74.2,0.8565
STN-01,2021-01-16 22:00:00,2.0,265.0,,8.1,75.7,0.8393
STN-01,2021-01-16 23:00:00,1.9,263.0,155.0,8.0,77.6,0.8502
STN-01,2021-01-17 00:00:00,,355.0,156.0,6.9,83.7,0.8942
STN-01,2021-01-17 01:00:00,1.9,378.0,146.0,6.9,84.6,0.9489
STN-01,2021-01-17 02:00:00,2.0,413.0,152.0,6.3,83.1,0.9151
STN-01,2021-01-17 03:00:00,1.2,326.0,115.0,4.9,89.9,0.9161
STN-01,2021-01-17 04:00:00,0.7,224.0,93.0,5.0,80.2,0.8087
STN-01,2021-01-17 05:00:00,1.0,269.0,74.0,4.9,76.2,0.7326
STN-01,2021-01-17 06:00:00,1.9,,100.0,4.5,79.7,0.7699
STN-01,2021-01-17 07:00:00,2.7,434.0,126.0,5.3,69.4,0.7168
STN-01,2021-01-17 08:00:00,2.9,491.0,152.0,5.5,62.7,0.6322
STN-01,2021-01-17 09:00:00,3.5,630.0,169.0,6.2,61.1,0.6456
STN-01,2021-01-17 10:00:00,2.5,545.0,152.0,8.7,55.4,0.6683
STN-01,2021-01-17 11:00:00,1.4,407.0,121.0,10.3,50.7,0.6644
STN-01,2021-01-17 12:00:00,1.6,411.0,112.0,12.5,53.8,0.7504
STN-01,2021-01-17 13:00:00,3.1,449.0,143.0,13.7,51.5,0.7468
STN-01,2021-01-17 14:00:00,2.9,,151.0,12.7,50.5,0.6829
STN-01,2021-01-17 15:00:00,2.2,435.0,152.0,13.6,47.2,0.6783
STN-01,2021-01-17 16:00:00,2.5,432.0,150.0,12.6,50.6,0.6895
STN-01,2021-01-17 17:00:00,3.3,502.0,157.0,12.2,57.8,0.7499
STN-01,2021-01-17 18:00:00,4.4,567.0,,9.7,60.2,0.7201
STN-01,2021-01-17 19:00:00,4.7,531.0,163.0,8.6,63.3,
STN-01,2021-01-17 20:00:00,3.2,368.0,149.0,8.0,59.2,0.7494
STN-01,2021-01-17 21:00:00,2.1,375.0,160.0,7.2,57.1,0.6622
STN-01,2021-01-17 22:00:00,1.9,312.0,,6.3,57.2,0.6263
STN-01,2021-01-17 23:00:00,0.8,264.0,130.0,5.1,61.6,
STN-01,2021-01-18 00:00:00,0.7,228.0,110.0,3.9,64.4,0.5759
STN-01,2021-01-18 01:00:00,0.0,207.0,102.0,3.7,64.5,0.5723
STN-01,2021-01-18 02:00:00,0.8,295.0,105.0,4.4,66.8,0.5633
STN-01,2021-01-18 03:00:00,0.5,196.0,,4.6,69.0,0.59
STN-01,2021-01-18 04:00:00,0.0,79.0,62.0,3.8,68.4,0.5727
STN-01,2021-01-18 05:00:00,0.0,132.0,63.0,4.3,70.7,0.5801
STN-01,2021-01-18 06:00:00,0.3,215.0,61.0,2.3,69.5,0.5206
STN-01,2021-01-18 07:00:00,0.9,298.0,81.0,1.8,64.6,0.4855
STN-01,2021-01-18 08:00:00,3.2,524.0,135.0,1.3,59.9,0.4168
STN-01,2021-01-18 09:00:00,4.8,655.0,180.0,1.8,55.4,0.3482
STN-01,2021-01-18 10:00:00,4.0,654.0,198.0,5.3,50.1,0.372
STN-01,2021-01-18 11:00:00,2.5,563.0,177.0,5.6,45.0,0.2875
STN-01,2021-01-18 12:00:00,2.8,663.0,186.0,5.8,43.6,0.2388
STN-01,2021-01-18 13:00:00,2.6,690.0,180.0,5.6,42.3,0.1858
STN-01,2021-01-18 14:00:00,,,183.0,5.7,41.6,0.1896
STN-01,2021-01-18 15:00:00,1.7,606.0,176.0,5.6,46.5,0.2514
STN-01,2021-01-18 16:00:00,1.7,599.0,190.0,6.5,44.5,0.2408
STN-01,2021-01-18 17:00:00,2.7,603.0,199.0,7.3,43.9,0.2673
STN-01,2021-01-18 18:00:00,3.3,541.0,197.0,5.1,48.2,0.2589
STN-01,2021-01-18 19:00:00,3.3,542.0,191.0,2.8,52.5,0.2549
STN-01,2021-01-18 20:00:00,3.3,586.0,200.0,1.3,58.0,0.2832
STN-01,2021-01-18 21:00:00,1.8,451.0,176.0,0.7,58.1,0.2784
STN-01,2021-01-18 22:00:00,2.4,431.0,147.0,-0.9,66.8,0.3357
STN-01,2021-01-18 23:00:00,3.0,407.0,138.0,-1.1,70.6,0.3882
STN-01,2021-01-19 00:00:00,2.6,400.0,134.0,-1.8,73.1,0.407
STN-01,2021-01-19 01:00:00,1.7,256.0,97.0,-0.4,72.2,0.4805
STN-01,2021-01-19 02:00:00,1.0,182.0,77.0,0.8,72.3,0.5123
STN-01,2021-01-19 03:00:00,0.3,101.0,83.0,1.5,64.4,0.4197
STN-01,2021-01-19 04:00:00,0.0,38.0,43.0,0.3,66.7,0.3858
STN-01,2021-01-19 05:00:00,0.0,20.0,61.0,0.4,,0.3687
STN-01,2021-01-19 06:00:00,0.1,93.0,97.0,-0.2,72.0,0.3819
STN-01,2021-01-19 07:00:00,1.1,283.0,130.0,0.8,66.1,0.3469
STN-01,2021-01-19 08:00:00,3.1,486.0,164.0,2.4,64.5,0.4022
STN-01,2021-01-19 09:00:00,3.3,528.0,188.0,4.8,53.7,0.4134
STN-01,2021-01-19 10:00:00,4.3,629.0,212.0,7.7,46.3,0.3907
STN-01,2021-01-19 11:00:00,2.8,521.0,200.0,9.4,37.7,0.347
STN-01,2021-01-19 12:00:00,2.8,419.0,182.0,11.2,34.3,0.298
STN-01,2021-01-19 13:00:00,2.4,426.0,169.0,10.8,37.3,
STN-01,2021-01-19 14:00:00,2.1,396.0,163.0,11.3,32.6,0.3061
STN-01,2021-01-19 15:00:00,2.0,,155.0,12.2,32.6,0.3204
STN-01,2021-01-19 16:00:00,2.6,418.0,151.0,12.8,30.4,0.3095
STN-01,2021-01-19 17:00:00,3.1,482.0,151.0,12.8,33.7,0.3628
STN-01,2021-01-19 18:00:00,3.5,538.0,164.0,11.6,40.0,0.42
STN-01,2021-01-19 19:00:00,3.4,462.0,164.0,10.2,43.2,0.4352
STN-01,2021-01-19 20:00:00,3.6,543.0,185.0,9.2,48.4,0.475
STN-01,2021-01-19 21:00:00,1.8,441.0,160.0,8.3,55.5,0.5644
STN-01,2021-01-19 22:00:00,1.1,406.0,157.0,7.5,57.2,0.5575
STN-01,2021-01-19 23:00:00,0.4,314.0,129.0,6.7,62.7,0.5934
STN-01,2021-01-20 00:00:00,0.0,272.0,121.0,6.6,60.2,0.5773
STN-01,2021-01-20 01:00:00,0.2,224.0,95.0,4.7,64.9,0.5881
STN-01,2021-01-20 02:00:00,0.0,162.0,67.0,3.8,69.8,0.6308
STN-01,2021-01-20 03:00:00,0.0,160.0,82.0,3.3,71.7,0.6112
STN-01,2021-01-20 04:00:00,0.0,128.0,60.0,3.5,68.4,0.5762
STN-01,2021-01-20 05:00:00,0.0,99.0,62.0,1.9,72.9,0.5245
STN-01,2021-01-20 06:00:00,0.0,212.0,105.0,1.5,73.2,0.5025
STN-01,2021-01-20 07:00:00,1.9,,142.0,1.8,77.7,0.5733
STN-01,2021-01-20 08:00:00,2.5,513.0,163.0,4.1,72.7,0.5939
STN-01,2021-01-20 09:00:00,4.2,629.0,194.0,7.1,71.2,0.6709
STN-01,2021-01-20 10:00:00,4.0,623.0,209.0,10.1,59.4,0.6149
STN-01,2021-01-20 11:00:00,3.0,553.0,193.0,12.4,53.6,0.5962
STN-01,2021-01-20 12:00:00,2.5,474.0,165.0,14.1,49.0,0.6218
STN-01,2021-01-20 13:00:00,2.6,434.0,169.0,13.0,50.4,0.6036
STN-01,2021-01-20 14:00:00,1.4,263.0,129.0,14.0,57.0,0.7116
STN-01,2021-01-20 15:00:00,1.3,244.0,113.0,14.3,51.9,0.6764
STN-01,2021-01-20 16:00:00,0.8,174.0,120.0,15.5,49.8,0.7395
STN-01,2021-01-20 17:00:00,2.0,271.0,126.0,14.5,52.4,0.7454
STN-01,2021-01-20 18:00:00,2.3,193.0,129.0,12.0,54.8,0.696
STN-01,2021-01-20 19:00:00,2.8,275.0,157.0,10.4,56.6,0.7085
STN-01,2021-01-20 20:00:00,2.7,217.0,131.0,11.2,56.6,0.7318
STN-01,2021-01-20 21:00:00,2.0,272.0,132.0,9.8,59.3,0.7112
STN-01,2021-01-20 22:00:00,1.5,273.0,130.0,10.3,59.3,0.7231
STN-01,2021-01-20 23:00:00,,313.0,125.0,9.9,61.9,0.7305
STN-01,2021-01-21 00:00:00,1.0,271.0,118.0,10.6,62.2,0.7394
STN-01,2021-01-21 01:00:00,0.9,246.0,119.0,8.8,62.0,0.6981
STN-01,2021-01-21 02:00:00,1.2,254.0,113.0,9.2,68.1,0.7913
STN-01,2021-01-21 03:00:00,1.5,234.0,128.0,11.2,65.9,0.8567
STN-01,2021-01-21 04:00:00,0.3,84.0,71.0,11.0,65.9,0.8467
STN-01,2021-01-21 05:00:00,0.0,56.0,67.0,9.6,63.2,0.7743
STN-01,2021-01-21 06:00:00,0.0,28.0,,9.1,64.1,0.8133
STN-01,2021-01-21 07:00:00,0.5,151.0,102.0,8.5,63.8,0.7835
STN-01,2021-01-21 08:00:00,1.2,266.0,139.0,9.7,58.2,0.799
STN-01,2021-01-21 09:00:00,1.3,349.0,150.0,10.7,57.4,0.8305
STN-01,2021-01-21 10:00:00,1.9,414.0,175.0,13.1,51.4,0.7988
STN-01,2021-01-21 11:00:00,1.7,386.0,172.0,14.1,41.2,0.6589
STN-01,2021-01-21 12:00:00,0.8,331.0,155.0,13.9,40.2,0.6243
STN-01,2021-01-21 13:00:00,1.1,364.0,140.0,15.2,47.3,0.7433
STN-01,2021-01-21 14:00:00,1.5,386.0,131.0,14.4,52.2,0.7674
STN-01,2021-01-21 15:00:00,1.6,383.0,138.0,15.3,47.2,0.7047
STN-01,2021-01-21 16:00:00,2.3,425.0,138.0,16.2,43.7,
STN-01,2021-01-21 17:00:00,2.5,432.0,139.0,15.0,43.8,0.6874
STN-01,2021-01-21 18:00:00,4.4,593.0,162.0,,53.9,0.731
STN-01,2021-01-21 19:00:00,3.4,453.0,118.0,12.2,57.8,0.7954
STN-01,2021-01-21 20:00:00,3.6,460.0,131.0,10.9,57.8,0.7349
STN-01,2021-01-21 21:00:00,2.8,378.0,105.0,10.6,64.6,0.779
STN-01,2021-01-21 22:00:00,2.4,362.0,81.0,10.9,65.0,0.7848
STN-01,2021-01-21 23:00:00,,257.0,72.0,11.2,65.0,0.8007
STN-01,2021-01-22 00:00:00,0.8,166.0,59.0,9.8,68.3,0.799
STN-01,2021-01-22 01:00:00,1.0,205.0,72.0,10.0,61.1,0.7191
STN-01,2021-01-22 02:00:00,0.0,155.0,56.0,8.9,68.3,0.7928
STN-01,2021-01-22 03:00:00,0.2,67.0,61.0,,70.4,0.7666
STN-01,2021-01-22 04:00:00,0.5,93.0,48.0,8.7,76.9,0.8384
STN-01,2021-01-22 05:00:00,0.2,114.0,49.0,7.8,79.2,0.8495
STN-01,2021-01-22 06:00:00,0.0,66.0,51.0,7.8,80.4,0.8813
STN-01,2021-01-22 07:00:00,0.5,230.0,81.0,6.6,85.1,0.8837
STN-01,2021-01-22 08:00:00,1.9,324.0,126.0,7.2,76.8,0.8345
STN-01,2021-01-22 09:00:00,2.6,401.0,144.0,9.2,73.2,0.8615
STN-01,2021-01-22 10:00:00,2.3,467.0,153.0,12.6,63.4,0.8603
STN-01,2021-01-22 11:00:00,2.0,453.0,159.0,14.1,62.5,0.8762
STN-01,2021-01-22 12:00:00,1.9,403.0,142.0,14.9,66.2,0.9014
STN-01,2021-01-22 13:00:00,2.1,432.0,144.0,15.6,67.3,0.8894
STN-01,2021-01-22 14:00:00,1.2,380.0,146.0,15.2,67.3,0.896
STN-01,2021-01-22 15:00:00,1.5,360.0,146.0,16.7,62.7,0.8977
STN-01,2021-01-22 16:00:00,1.7,381.0,142.0,16.7,62.4,0.9413
STN-01,2021-01-22 17:00:00,2.3,392.0,147.0,17.0,62.6,0.9619
STN-01,2021-01-22 18:00:00,3.7,518.0,187.0,16.0,64.7,0.9827
STN-01,2021-01-22 19:00:00,3.9,553.0,197.0,15.2,60.7,0.9288
STN-01,2021-01-22 20:00:00,4.1,660.0,207.0,14.4,60.8,0.9237
STN-01,2021-01-22 21:00:00,3.0,512.0,179.0,14.7,65.9,0.9802
STN-01,2021-01-22 22:00:00,2.2,429.0,158.0,15.0,66.2,1.0032
STN-01,2021-01-22 23:00:00,1.6,393.0,146.0,12.1,64.9,0.8709
STN-01,2021-01-23 00:00:00,0.3,183.0,122.0,11.8,59.3,0.8013
STN-01,2021-01-23 01:00:00,0.0,158.0,95.0,11.5,55.6,0.7939
STN-01,2021-01-23 02:00:00,0.4,211.0,102.0,13.3,47.7,0.7584
STN-01,2021-01-23 03:00:00,0.1,176.0,85.0,12.2,52.1,0.7228
STN-01,2021-01-23 04:00:00,0.0,87.0,39.0,11.2,53.5,0.6926
STN-01,2021-01-23 05:00:00,0.0,22.0,40.0,10.5,55.7,0.7186
STN-01,2021-01-23 06:00:00,0.0,1.0,51.0,10.0,49.6,
STN-01,2021-01-23 07:00:00,0.8,182.0,100.0,10.2,47.0,0.6234
STN-01,2021-01-23 08:00:00,1.7,294.0,137.0,11.2,35.5,0.5332
STN-01,2021-01-23 09:00:00,2.2,331.0,162.0,12.0,33.1,0.5218
STN-01,2021-01-23 10:00:00,2.3,416.0,188.0,12.9,30.6,0.4713
STN-01,2021-01-23 11:00:00,1.7,293.0,171.0,15.1,29.1,0.5309
STN-01,2021-01-23 12:00:00,0.8,142.0,147.0,16.4,27.3,0.5355
STN-01,2021-01-23 13:00:00,0.9,190.0,170.0,15.4,,0.4013
STN-01,2021-01-23 14:00:00,0.2,122.0,146.0,16.5,20.1,0.4464
STN-01,2021-01-23 15:00:00,0.0,122.0,142.0,16.1,19.4,0.4208
STN-01,2021-01-23 16:00:00,0.8,187.0,146.0,17.5,20.0,0.4676
STN-01,2021-01-23 17:00:00,1.7,325.0,169.0,17.1,21.9,0.5168
STN-01,2021-01-23 18:00:00,2.7,410.0,181.0,15.9,26.8,0.5416
STN-01,2021-01-23 19:00:00,2.4,365.0,173.0,13.4,33.3,0.5564
STN-01,2021-01-23 20:00:00,2.8,461.0,183.0,11.2,39.7,0.5564
STN-01,2021-01-23 21:00:00,5.8865547588441895,323.0,153.0,10.1,40.8,0.5332
STN-01,2021-01-23 22:00:00,0.7,222.0,116.0,10.9,44.2,0.5826
STN-01,2021-01-23 23:00:00,1.2,258.0,115.0,11.2,50.0,0.6531
STN-01,2021-01-24 00:00:00,1.0,247.0,107.0,11.1,52.5,0.6495
STN-01,2021-01-24 01:00:00,0.8,239.0,88.0,10.6,51.4,0.6173
STN-01,2021-01-24 02:00:00,0.1,,80.0,10.6,53.3,0.653
STN-01,2021-01-24 03:00:00,0.0,89.0,72.0,9.4,55.5,0.6578
STN-01,2021-01-24 04:00:00,0.0,80.0,78.0,9.0,52.8,0.5823
STN-01,2021-01-24 05:00:00,0.6,129.0,81.0,8.3,53.8,0.6101
STN-01,2021-01-24 06:00:00,0.6,,101.0,8.4,50.8,0.6174
STN-01,2021-01-24 07:00:00,1.5,299.0,140.0,9.6,49.3,0.6879
STN-01,2021-01-24 08:00:00,2.1,370.0,155.0,10.7,41.2,0.6358
STN-01,2021-01-24 09:00:00,3.1,452.0,179.0,12.4,38.0,0.6505
STN-01,2021-01-24 10:00:00,1.8,392.0,166.0,14.4,35.4,0.6568
STN-01,2021-01-24 11:00:00,1.9,393.0,163.0,,27.1,0.6089
STN-01,2021-01-24 12:00:00,2.1,346.0,,18.1,21.8,0.5999
STN-01,2021-01-24 13:00:00,2.4,361.0,129.0,19.1,19.9,0.6137
STN-01,2021-01-24 14:00:00,2.3,387.0,140.0,19.4,17.8,0.5661
STN-01,2021-01-24 15:00:00,1.9,341.0,147.0,20.5,17.5,0.56
STN-01,2021-01-24 16:00:00,2.4,395.0,172.0,20.2,18.1,0.5973
STN-01,2021-01-24 17:00:00,3.5,496.0,207.0,19.0,21.9,0.6149
STN-01,2021-01-24 18:00:00,4.0,533.0,204.0,18.1,29.4,0.675
STN-01,2021-01-24 19:00:00,3.4,460.0,201.0,16.7,32.0,0.7112
STN-01,2021-01-24 20:00:00,2.9,377.0,193.0,17.2,34.3,0.7537
STN-01,2021-01-24 21:00:00,2.1,274.0,174.0,16.4,36.6,0.7355
STN-01,2021-01-24 22:00:00,2.1,282.0,169.0,15.3,41.0,0.7531
STN-01,2021-01-24 23:00:00,2.9,378.0,196.0,15.1,41.2,0.7819
STN-01,2021-01-25 00:00:00,3.0,468.0,196.0,15.3,43.9,0.8007
STN-01,2021-01-25 01:00:00,2.7,423.0,179.0,14.9,41.8,0.7488
STN-01,2021-01-25 02:00:00,2.7,442.0,173.0,13.0,45.3,0.7195
STN-01,2021-01-25 03:00:00,1.8,343.0,166.0,12.5,44.4,0.7181
STN-01,2021-01-25 04:00:00,2.0,313.0,132.0,11.7,44.2,0.6944
STN-01,2021-01-25 05:00:00,1.6,242.0,116.0,11.8,42.2,0.6569
STN-01,2021-01-25 06:00:00,1.9,314.0,131.0,10.9,44.8,0.6456
STN-01,2021-01-25 07:00:00,2.9,418.0,163.0,11.8,36.9,0.5947
STN-01,2021-01-25 08:00:00,4.1,620.0,181.0,12.9,38.1,0.6587
STN-01,2021-01-25 09:00:00,4.7,,180.0,13.8,36.2,0.6618
STN-01,2021-01-25 10:00:00,3.4,,171.0,14.2,36.5,0.6883
STN-01,2021-01-25 11:00:00,2.7,484.0,150.0,17.1,30.2,0.6934
STN-01,2021-01-25 12:00:00,2.6,422.0,158.0,17.3,28.9,0.6388
STN-01,2021-01-25 13:00:00,2.2,301.0,143.0,18.7,22.9,0.6225
STN-01,2021-01-25 14:00:00,2.2,306.0,128.0,17.8,25.7,0.5969
STN-01,2021-01-25 15:00:00,2.0,433.0,142.0,19.5,27.3,0.6737
STN-01,2021-01-25 16:00:00,2.5,497.0,156.0,19.9,31.4,0.7233
STN-01,2021-01-25 17:00:00,2.8,527.0,157.0,17.8,40.3,0.76
STN-01,2021-01-25 18:00:00,3.7,684.0,184.0,14.1,46.6,0.7638
STN-01,2021-01-25 19:00:00,3.4,529.0,184.0,12.5,52.9,0.847
STN-01,2021-01-25 20:00:00,3.2,547.0,187.0,11.8,54.4,0.8642
STN-01,2021-01-25 21:00:00,2.9,553.0,192.0,11.4,54.0,0.8682
STN-01,2021-01-25 22:00:00,1.9,430.0,165.0,10.0,60.6,0.9007
STN-01,2021-01-25 23:00:00,2.1,451.0,153.0,10.4,60.6,0.9237
STN-01,2021-01-26 00:00:00,1.8,398.0,155.0,9.2,60.6,0.8727
STN-01,2021-01-26 01:00:00,1.3,352.0,149.0,8.3,61.1,0.8573
STN-01,2021-01-26 02:00:00,0.0,200.0,105.0,7.3,60.7,0.8208
STN-01,2021-01-26 03:00:00,0.0,182.0,105.0,8.1,64.3,0.8605
STN-01,2021-01-26 04:00:00,0.1,216.0,87.0,6.0,68.5,0.8088
STN-01,2021-01-26 05:00:00,0.7,252.0,104.0,6.4,73.1,0.8745
STN-01,2021-01-26 06:00:00,1.2,370.0,125.0,5.6,71.7,0.8472
STN-01,2021-01-26 07:00:00,2.2,438.0,129.0,4.7,63.0,0.6983
STN-01,2021-01-26 08:00:00,2.4,467.0,135.0,4.8,62.9,0.6764
STN-01,2021-01-26 09:00:00,2.7,472.0,140.0,5.8,59.8,0.6695
STN-01,2021-01-26 10:00:00,2.7,531.0,166.0,6.2,54.9,0.6087
STN-01,2021-01-26 11:00:00,2.4,506.0,,8.2,55.0,0.6834
STN-01,2021-01-26 12:00:00,2.1,502.0,165.0,10.4,46.0,0.6331
STN-01,2021-01-26 13:00:00,2.2,486.0,156.0,10.4,46.4,
STN-01,2021-01-26 14:00:00,1.7,438.0,162.0,,45.5,0.5242
STN-01,2021-01-26 15:00:00,1.2,404.0,147.0,10.6,44.9,0.5944
STN-01,2021-01-26 16:00:00,0.9,301.0,127.0,9.9,45.4,0.5927
STN-01,2021-01-26 17:00:00,1.4,284.0,107.0,9.7,45.6,0.5979
STN-01,2021-01-26 18:00:00,2.0,348.0,122.0,7.2,46.2,0.5459
STN-01,2021-01-26 19:00:00,2.2,287.0,124.0,5.8,53.1,0.6015
STN-01,2021-01-26 20:00:00,1.6,293.0,104.0,5.3,55.2,0.6222
STN-01,2021-01-26 21:00:00,0.4,190.0,99.0,5.2,59.9,0.6458
STN-01,2021-01-26 22:00:00,0.0,139.0,102.0,4.7,59.3,0.6203
STN-01,2021-01-26 23:00:00,0.0,113.0,95.0,4.0,62.5,0.598
STN-01,2021-01-27 00:00:00,0.0,119.0,101.0,3.5,63.9,0.5162
STN-01,2021-01-27 01:00:00,0.0,6.0,89.0,4.1,63.0,0.5116
STN-01,2021-01-27 02:00:00,0.0,45.0,74.0,2.8,62.3,0.4268
STN-01,2021-01-27 03:00:00,0.8,169.0,107.0,1.7,63.5,0.4255
STN-01,2021-01-27 04:00:00,1.2,190.0,93.0,1.8,65.0,0.4268
STN-01,2021-01-27 05:00:00,0.0,10.0,70.0,1.3,57.0,0.3291
STN-01,2021-01-27 06:00:00,0.0,46.0,75.0,1.9,57.2,0.3236
STN-01,2021-01-27 07:00:00,0.0,94.0,86.0,2.6,56.2,0.3481
STN-01,2021-01-27 08:00:00,1.0,253.0,110.0,1.9,58.3,0.3446
STN-01,2021-01-27 09:00:00,0.0,167.0,95.0,3.4,50.4,0.3221
STN-01,2021-01-27 10:00:00,0.0,107.0,76.0,6.4,136.35370155473439,0.3792
STN-01,2021-01-27 11:00:00,0.0,119.0,,7.3,47.2,0.3741
STN-01,2021-01-27 12:00:00,0.5,192.0,99.0,8.2,47.2,0.4
STN-01,2021-01-27 13:00:00,0.9,242.0,119.0,8.7,50.5,0.4473
STN-01,2021-01-27 14:00:00,1.3,209.0,108.0,9.2,57.7,0.517
STN-01,2021-01-27 15:00:00,1.8,327.0,127.0,10.5,56.4,0.5225
STN-01,2021-01-27 16:00:00,2.2,423.0,144.0,9.8,56.5,0.4764
STN-01,2021-01-27 17:00:00,2.6,386.0,118.0,8.7,60.6,0.4982
STN-01,2021-01-27 18:00:00,3.7,423.0,169.0,7.2,64.4,0.5285
STN-01,2021-01-27 19:00:00,2.9,276.0,153.0,5.4,67.3,0.5371
STN-01,2021-01-27 20:00:00,3.2,287.0,146.0,3.5,77.2,0.6225
STN-01,2021-01-27 21:00:00,1.9,296.0,,1.8,77.1,0.5508
STN-01,2021-01-27 22:00:00,2.3,364.0,154.0,0.9,77.9,0.5288
STN-01,2021-01-27 23:00:00,3.3,548.0,179.0,2.5,72.9,0.5293
STN-01,2021-01-28 00:00:00,2.4,514.0,169.0,2.0,77.1,0.5409
STN-01,2021-01-28 01:00:00,1.7,479.0,147.0,2.2,85.6,0.6247
STN-01,2021-01-28 02:00:00,1.7,439.0,116.0,2.6,86.3,0.6503
STN-01,2021-01-28 03:00:00,1.9,496.0,122.0,2.4,86.7,0.6444
STN-01,2021-01-28 04:00:00,1.7,451.0,106.0,1.1,83.4,0.6264
STN-01,2021-01-28 05:00:00,0.9,384.0,99.0,-0.1,81.7,0.5621
STN-01,2021-01-28 06:00:00,0.5,381.0,99.0,-0.4,78.8,0.5171
STN-01,2021-01-28 07:00:00,1.6,442.0,115.0,0.3,80.0,0.5358
STN-01,2021-01-28 08:00:00,2.2,531.0,124.0,1.9,72.7,0.5211
STN-01,2021-01-28 09:00:00,2.1,443.0,123.0,2.6,65.2,0.4739
STN-01,2021-01-28 10:00:00,1.8,428.0,120.0,6.0,60.1,0.4951
STN-01,2021-01-28 11:00:00,1.8,426.0,124.0,8.0,57.2,0.4869
STN-01,2021-01-28 12:00:00,0.9,348.0,131.0,8.8,47.2,0.3902
STN-01,2021-01-28 13:00:00,1.1,305.0,124.0,11.0,49.2,0.4645
STN-01,2021-01-28 14:00:00,1.2,274.0,132.0,11.3,46.5,0.4124
STN-01,2021-01-28 15:00:00,0.9,243.0,112.0,11.1,49.7,0.3998
STN-01,2021-01-28 16:00:00,0.6,231.0,109.0,11.0,48.2,0.3525
STN-01,2021-01-28 17:00:00,1.1,267.0,122.0,10.9,50.3,0.3707
STN-01,2021-01-28 18:00:00,2.4,341.0,155.0,11.0,49.3,0.4274
STN-01,2021-01-28 19:00:00,3.0,407.0,171.0,10.5,58.6,0.541
STN-01,2021-01-28 20:00:00,2.9,455.0,,10.1,58.3,0.5544
STN-01,2021-01-28 21:00:00,2.6,413.0,175.0,10.5,59.1,0.5852
STN-01,2021-01-28 22:00:00,2.4,447.0,169.0,9.6,61.1,0.5733
STN-01,2021-01-28 23:00:00,2.7,479.0,189.0,9.8,62.5,0.5956
STN-01,2021-01-29 00:00:00,2.1,482.0,183.0,9.3,53.7,0.5196
STN-01,2021-01-29 01:00:00,0.9,348.0,142.0,9.5,58.2,0.5862
STN-01,2021-01-29 02:00:00,0.8,314.0,146.0,9.6,60.1,0.5984
STN-01,2021-01-29 03:00:00,0.2,305.0,141.0,9.3,62.2,0.5918
STN-01,2021-01-29 04:00:00,0.6,333.0,125.0,9.0,58.7,0.5654
STN-01,2021-01-29 05:00:00,0.9,356.0,136.0,8.6,58.9,0.5724
STN-01,2021-01-29 06:00:00,1.2,301.0,136.0,9.6,56.1,0.5906
STN-01,2021-01-29 07:00:00,2.6,477.0,165.0,7.8,63.0,0.6021
STN-01,2021-01-29 08:00:00,3.3,550.0,182.0,9.7,61.4,0.6399
STN-01,2021-01-29 09:00:00,3.4,613.0,170.0,10.5,59.7,0.6449
STN-01,2021-01-29 10:00:00,2.5,468.0,149.0,13.8,46.5,0.6287
STN-01,2021-01-29 11:00:00,1.9,469.0,132.0,15.2,44.2,0.6645
STN-01,2021-01-29 12:00:00,2.3,436.0,133.0,15.7,44.4,0.6626
STN-01,2021-01-29 13:00:00,2.3,334.0,116.0,17.3,41.8,0.7132
STN-01,2021-01-29 14:00:00,1.7,311.0,105.0,16.4,39.1,0.6129
STN-01,2021-01-29 15:00:00,1.6,241.0,117.0,16.2,34.4,0.5191
STN-01,2021-01-29 16:00:00,2.0,309.0,122.0,15.5,42.1,0.5657
STN-01,2021-01-29 17:00:00,2.6,371.0,134.0,16.3,46.9,0.6741
STN-01,2021-01-29 18:00:00,3.5,424.0,168.0,15.6,49.8,0.7288
STN-01,2021-01-29 19:00:00,3.7,492.0,200.0,14.3,49.5,0.7183
STN-01,2021-01-29 20:00:00,2.9,400.0,177.0,13.4,54.7,0.7755
STN-01,2021-01-29 21:00:00,2.7,394.0,176.0,12.1,58.5,0.8145
STN-01,2021-01-29 22:00:00,2.6,388.0,167.0,13.6,62.5,0.9268
STN-01,2021-01-29 23:00:00,1.9,338.0,144.0,11.5,59.9,0.8087
STN-01,2021-01-30 00:00:00,2.5,401.0,154.0,10.5,63.9,0.8577
STN-01,2021-01-30 01:00:00,3.0,429.0,154.0,10.7,68.4,0.8913
STN-01,2021-01-30 02:00:00,2.2,355.0,129.0,8.9,73.3,0.8668
STN-01,2021-01-30 03:00:00,1.4,288.0,119.0,9.8,75.1,0.9495
STN-01,2021-01-30 04:00:00,1.6,253.0,93.0,9.5,78.0,0.9727
STN-01,2021-01-30 05:00:00,1.6,253.0,93.0,9.5,78.0,0.9727
STN-01,2021-01-30 06:00:00,3.2,460.0,119.0,8.9,82.2,0.9901
STN-01,2021-01-30 07:00:00,2.7,471.0,130.0,8.9,86.0,1.0421
STN-01,2021-01-30 08:00:00,3.9,622.0,157.0,10.0,75.1,0.974
STN-01,2021-01-30 09:00:00,3.1,503.0,153.0,10.6,68.0,0.9116
STN-01,2021-01-30 10:00:00,2.9,489.0,,14.9,58.2,0.9605
STN-01,2021-01-30 11:00:00,2.4,407.0,147.0,16.6,57.9,0.9988
STN-01,2021-01-30 12:00:00,2.7,391.0,153.0,16.0,53.7,0.9228
STN-01,2021-01-30 13:00:00,4.0,512.0,162.0,16.0,57.7,0.9631
STN-01,2021-01-30 14:00:00,2.9,373.0,131.0,15.9,53.1,0.8674
STN-01,2021-01-30 15:00:00,2.7,387.0,147.0,14.9,50.6,0.8191
STN-01,2021-01-30 16:00:00,2.8,499.0,163.0,14.9,51.6,0.8362
STN-01,2021-01-30 17:00:00,3.8,649.0,193.0,13.8,52.9,0.8503
STN-01,2021-01-30 18:00:00,4.9,712.0,206.0,13.9,52.1,0.9049
STN-01,2021-01-30 19:00:00,5.0,640.0,220.0,12.0,57.3,0.9217
STN-01,2021-01-30 20:00:00,3.9,540.0,194.0,9.6,59.8,0.8976
STN-01,2021-01-30 21:00:00,3.7,564.0,199.0,8.5,61.3,0.8662
STN-01,2021-01-30 22:00:00,3.4,460.0,172.0,7.2,59.4,0.7925
STN-01,2021-01-30 23:00:00,3.1,441.0,168.0,6.6,61.4,0.8094
STN-01,2021-01-31 00:00:00,2.5,439.0,152.0,4.6,71.9,0.7811
STN-01,2021-01-31 01:00:00,2.1,472.0,169.0,4.1,74.5,0.7722
STN-01,2021-01-31 02:00:00,1.5,400.0,137.0,4.6,79.7,0.8662
STN-01,2021-01-31 03:00:00,1.1,467.0,156.0,2.3,76.5,0.7381
STN-01,2021-01-31 04:00:00,0.6,421.0,129.0,2.0,82.0,0.7564
STN-01,2021-01-31 05:00:00,0.6,358.0,126.0,1.8,79.9,0.7435
STN-01,2021-01-31 06:00:00,0.4,308.0,129.0,0.1,83.3,0.74
STN-01,2021-01-31 07:00:00,1.8,520.0,158.0,-1.2,88.4,0.791
STN-01,2021-01-31 08:00:00,1.8,528.0,153.0,-1.4,90.1,0.8024
STN-01,2021-01-31 09:00:00,1.3,448.0,164.0,1.0,82.5,0.8074
STN-01,2021-01-31 10:00:00,0.8,410.0,167.0,3.8,72.7,0.7538
STN-01,2021-01-31 11:00:00,0.2,340.0,161.0,5.3,61.8,0.6331
STN-01,2021-01-31 12:00:00,0.3,337.0,154.0,7.1,56.7,0.6033
STN-01,2021-01-31 13:00:00,0.4,270.0,155.0,6.9,58.2,0.5735
STN-01,2021-01-31 14:00:00,0.0,121.0,,8.0,49.8,0.5201
STN-01,2021-01-31 15:00:00,0.0,212.0,132.0,7.8,55.2,0.5436
STN-01,2021-01-31 16:00:00,0.7,313.0,141.0,6.9,63.0,0.6138
STN-01,2021-01-31 17:00:00,1.1,310.0,150.0,6.4,62.4,0.6044
STN-01,2021-01-31 18:00:00,1.8,344.0,158.0,5.6,63.1,0.6041
STN-01,2021-01-31 19:00:00,2.1,357.0,165.0,3.5,65.8,0.5912
STN-01,2021-01-31 20:00:00,1.6,288.0,176.0,2.9,60.2,0.5105
STN-01,2021-01-31 21:00:00,1.3,303.0,182.0,2.2,56.9,0.4638
STN-01,2021-01-31 22:00:00,1.4,329.0,177.0,3.3,58.3,0.5008
STN-01,2021-01-31 23:00:00,2.2,474.0,197.0,2.3,59.0,0.4856
STN-01,2021-02-01 00:00:00,2.0,406.0,215.0,1.1,55.7,0.3827
STN-01,2021-02-01 01:00:00,1.5,379.0,201.0,-0.1,60.2,0.3901
STN-01,2021-02-01 02:00:00,0.6,240.0,169.0,-1.1,58.8,0.3157
STN-01,2021-02-01 03:00:00,0.6,247.0,160.0,-2.0,67.0,0.3326
STN-01,2021-02-01 04:00:00,0.8,292.0,162.0,-3.4,65.3,0.2574
STN-01,2021-02-01 05:00:00,0.5,223.0,152.0,-1.7,66.7,0.3684
STN-01,2021-02-01 06:00:00,1.5,375.0,177.0,-0.5,65.4,0.3621
STN-01,2021-02-01 07:00:00,1.8,481.0,200.0,-0.9,66.7,0.3459
STN-01,2021-02-01 08:00:00,3.5,650.0,238.0,-0.5,62.3,0.3317
STN-01,2021-02-01 09:00:00,3.0,494.0,215.0,2.3,53.0,0.3606
STN-01,2021-02-01 10:00:00,1.3,418.0,208.0,4.9,44.7,0.3347
STN-01,2021-02-01 11:00:00,0.8,362.0,200.0,7.3,35.3,0.2785
STN-01,2021-02-01 12:00:00,0.2,308.0,180.0,6.7,33.0,0.2125
STN-01,2021-02-01 13:00:00,0.5,268.0,178.0,8.5,33.9,0.2311
STN-01,2021-02-01 14:00:00,0.7,319.0,186.0,7.5,36.1,0.1869
STN-01,2021-02-01 15:00:00,0.9,340.0,189.0,7.1,37.2,0.1912
STN-01,2021-02-01 16:00:00,1.3,413.0,201.0,8.4,36.1,0.2147
STN-01,2021-02-01 17:00:00,1.6,391.0,205.0,8.0,39.8,0.2509
STN-01,2021-02-01 18:00:00,,464.0,219.0,6.6,44.5,0.2932
STN-01,2021-02-01 19:00:00,2.5,465.0,200.0,5.5,41.4,0.2633
STN-01,2021-02-01 20:00:00,2.1,434.0,187.0,4.3,44.8,0.2484
STN-01,2021-02-01 21:00:00,0.7,276.0,153.0,3.6,46.5,0.2921
STN-01,2021-02-01 22:00:00,0.0,178.0,,3.3,55.9,0.3875
STN-01,2021-02-01 23:00:00,0.0,88.0,106.0,3.8,52.9,0.3392
STN-01,2021-02-02 00:00:00,0.0,83.0,101.0,5.8,48.1,0.4083
STN-01,2021-02-02 01:00:00,0.0,99.0,109.0,7.5,40.2,0.3489
STN-01,2021-02-02 02:00:00,0.0,78.0,130.0,7.5,37.7,0.2855
STN-01,2021-02-02 03:00:00,0.0,151.0,149.0,6.8,41.1,0.2768
STN-01,2021-02-02 04:00:00,0.0,121.0,123.0,6.0,46.5,0.2923
STN-01,2021-02-02 05:00:00,0.1,162.0,123.0,5.4,48.7,0.3122
STN-01,2021-02-02 06:00:00,0.0,21.0,102.0,4.6,52.4,0.3092
STN-01,2021-02-02 07:00:00,0.1,218.0,145.0,4.9,48.0,0.2312
STN-01,2021-02-02 08:00:00,1.7,476.0,181.0,5.2,52.7,0.2972
STN-01,2021-02-02 09:00:00,2.2,521.0,196.0,5.3,52.5,0.2874
STN-01,2021-02-02 10:00:00,2.0,499.0,206.0,7.9,51.9,0.3248
STN-01,2021-02-02 11:00:00,2.7,528.0,214.0,9.0,51.5,0.3295
STN-01,2021-02-02 12:00:00,2.7,528.0,214.0,9.0,51.5,0.3295
STN-01,2021-02-02 13:00:00,2.5,391.0,176.0,11.8,43.0,0.2657
STN-01,2021-02-02 14:00:00,2.0,403.0,182.0,10.2,56.7,0.3693
STN-01,2021-02-02 15:00:00,2.0,420.0,196.0,10.6,56.5,0.3649
STN-01,2021-02-02 16:00:00,2.3,387.0,179.0,10.8,53.5,0.3318
STN-01,2021-02-02 17:00:00,3.4,450.0,196.0,9.8,53.6,0.3203
STN-01,2021-02-02 18:00:00,4.0,546.0,205.0,6.9,62.7,0.3426
STN-01,2021-02-02 19:00:00,5.1,641.0,203.0,4.3,72.0,0.3771
STN-01,2021-02-02 20:00:00,4.5,569.0,179.0,1.8,78.7,0.3745
STN-01,2021-02-02 21:00:00,2.6,339.0,133.0,1.9,75.2,0.3812
STN-01,2021-02-02 22:00:00,1.6,236.0,124.0,1.4,73.3,0.365
STN-01,2021-02-02 23:00:00,1.1,198.0,102.0,-1.1,78.5,0.3609
STN-01,2021-02-03 00:00:00,0.2,185.0,78.0,-1.3,83.9,0.4297
STN-01,2021-02-03 01:00:00,,187.0,77.0,-1.5,80.6,0.3801
STN-01,2021-02-03 02:00:00,0.0,131.0,74.0,-2.3,82.6,0.3778
STN-01,2021-02-03 03:00:00,0.3,205.0,92.0,-3.1,86.8,0.4106
STN-01,2021-02-03 04:00:00,0.0,,63.0,-2.9,91.3,0.4997
STN-01,2021-02-03 05:00:00,0.0,106.0,64.0,-2.1,92.7,0.5555
STN-01,2021-02-03 06:00:00,1.0,266.0,108.0,-0.8,86.9,0.5483
STN-01,2021-02-03 07:00:00,2.4,464.0,164.0,0.4,90.9,0.6419
STN-01,2021-02-03 08:00:00,3.0,558.0,166.0,0.6,82.2,0.561
STN-01,2021-02-03 09:00:00,3.4,571.0,172.0,3.4,77.1,0.5715
STN-01,2021-02-03 10:00:00,3.9,640.0,199.0,4.7,73.4,0.5776
STN-01,2021-02-03 11:00:00,2.8,472.0,165.0,8.9,66.4,0.6189
STN-01,2021-02-03 12:00:00,2.9,387.0,148.0,9.5,67.7,0.644
STN-01,2021-02-03 13:00:00,3.4,421.0,160.0,10.7,61.9,0.6
STN-01,2021-02-03 14:00:00,2.5,340.0,,12.2,61.6,0.6247
STN-01,2021-02-03 15:00:00,3.3,,181.0,11.1,63.7,0.5664
STN-01,2021-02-03 16:00:00,3.2,442.0,206.0,12.9,56.9,0.5564
STN-01,2021-02-03 17:00:00,3.4,514.0,207.0,11.9,58.3,0.5553
STN-01,2021-02-03 18:00:00,,466.0,191.0,12.2,61.1,0.6601
STN-01,2021-02-03 19:00:00,3.6,543.0,217.0,10.7,66.1,0.699
STN-01,2021-02-03 20:00:00,3.2,,200.0,9.6,63.2,0.7051
STN-01,2021-02-03 21:00:00,2.6,374.0,191.0,9.0,63.4,0.6978
STN-01,2021-02-03 22:00:00,2.0,307.0,187.0,8.0,64.4,0.6735
STN-01,2021-02-03 23:00:00,1.7,207.0,150.0,9.3,66.2,0.7542
STN-01,2021-02-04 00:00:00,0.9,205.0,153.0,8.0,56.9,0.5841
STN-01,2021-02-04 01:00:00,0.0,62.0,115.0,6.6,56.6,0.533
STN-01,2021-02-04 02:00:00,0.0,121.0,115.0,5.7,54.5,0.4786
STN-01,2021-02-04 03:00:00,0.0,126.0,130.0,5.6,56.1,0.4835
STN-01,2021-02-04 04:00:00,0.0,185.0,124.0,4.2,,0.4756
STN-01,2021-02-04 05:00:00,0.2,,135.0,3.9,71.9,0.5498
STN-01,2021-02-04 06:00:00,0.6,166.0,138.0,5.7,74.0,0.6598
STN-01,2021-02-04 07:00:00,1.6,269.0,173.0,5.7,75.9,0.6949
STN-01,2021-02-04 08:00:00,2.5,346.0,187.0,5.0,74.0,0.6752
STN-01,2021-02-04 09:00:00,2.2,271.0,181.0,-22.119906166528985,68.3,0.661
STN-01,2021-02-04 10:00:00,1.0,178.0,162.0,9.9,55.0,0.6661
STN-01,2021-02-04 11:00:00,1.5,148.0,163.0,10.6,55.6,0.6749
STN-01,2021-02-04 12:00:00,1.5,177.0,169.0,11.8,49.7,0.6475
STN-01,2021-02-04 13:00:00,1.9,237.0,,13.2,43.4,0.578
STN-01,2021-02-04 14:00:00,2.2,192.0,165.0,14.2,44.8,0.6063
STN-01,2021-02-04 15:00:00,2.4,243.0,182.0,14.1,42.5,0.5639
STN-01,2021-02-04 16:00:00,2.0,240.0,187.0,13.4,45.5,0.5784
STN-01,2021-02-04 17:00:00,2.4,302.0,187.0,12.9,46.2,0.5677
STN-01,2021-02-04 18:00:00,2.8,425.0,434.4096772070619,11.6,55.8,0.6646
STN-01,2021-02-04 19:00:00,4.3,572.0,244.0,,63.2,0.6944
STN-01,2021-02-04 20:00:00,3.7,564.0,237.0,7.5,65.6,0.6304
STN-01,2021-02-04 21:00:00,3.0,568.0,234.0,6.4,66.6,0.6092
STN-01,2021-02-04 22:00:00,2.4,515.0,231.0,5.8,75.6,0.688
STN-01,2021-02-04 23:00:00,2.8,576.0,219.0,4.3,80.6,0.6598
STN-01,2021-02-05 00:00:00,2.4,537.0,212.0,3.4,85.8,0.6463
STN-01,2021-02-05 01:00:00,1.5,474.0,211.0,2.8,78.3,0.566
STN-01,2021-02-05 02:00:00,1.2,438.0,193.0,1.8,77.7,0.5383
STN-01,2021-02-05 03:00:00,0.6,406.0,193.0,2.3,76.0,0.5529
STN-01,2021-02-05 04:00:00,0.1,315.0,156.0,3.4,76.5,0.6182
STN-01,2021-02-05 05:00:00,0.8,,174.0,3.5,73.1,0.5886
STN-01,2021-02-05 06:00:00,0.7,453.0,185.0,3.2,75.5,0.5661
STN-01,2021-02-05 07:00:00,1.2,520.0,219.0,3.1,73.9,0.5437
STN-01,2021-02-05 08:00:00,2.3,671.0,236.0,4.6,71.0,0.5637
STN-01,2021-02-05 09:00:00,3.1,720.0,255.0,4.0,70.0,0.5496
STN-01,2021-02-05 10:00:00,3.5,744.0,276.0,5.7,61.3,0.4759
STN-01,2021-02-05 11:00:00,2.6,595.0,259.0,6.4,53.3,0.4527
STN-01,2021-02-05 12:00:00,1.2,476.0,226.0,7.4,46.2,0.4094
STN-01,2021-02-05 13:00:00,1.6,444.0,233.0,7.9,46.1,0.4142
STN-01,2021-02-05 14:00:00,1.0,356.0,200.0,7.6,48.8,0.4221
STN-01,2021-02-05 15:00:00,1.0,329.0,173.0,6.6,54.6,0.4374
STN-01,2021-02-05 16:00:00,2.4,467.0,188.0,6.0,57.9,0.4547
STN-01,2021-02-05 17:00:00,3.1,477.0,208.0,5.6,64.6,0.5311
STN-01,2021-02-05 18:00:00,3.1,435.0,207.0,6.0,65.4,0.5978
STN-01,2021-02-05 19:00:00,2.2,434.0,205.0,2.9,63.0,0.4869
STN-01,2021-02-05 20:00:00,2.1,423.0,209.0,,71.5,0.5794
STN-01,2021-02-05 21:00:00,0.9,362.0,188.0,0.9,76.9,
STN-01,2021-02-05 22:00:00,0.6,285.0,172.0,-0.6,86.2,0.7068
STN-01,2021-02-05 23:00:00,0.0,193.0,154.0,-1.9,88.4,0.6506
STN-01,2021-02-06 00:00:00,0.0,202.0,162.0,-0.1,83.0,0.6246
STN-01,2021-02-06 01:00:00,0.0,128.0,127.0,-2.1,85.2,0.5821
STN-01,2021-02-06 02:00:00,0.0,34.0,94.0,-2.7,89.3,0.5812
STN-01,2021-02-06 03:00:00,0.0,56.0,112.0,-2.0,91.1,0.6306
STN-01,2021-02-06 04:00:00,0.0,90.0,,-2.0,85.1,0.581
STN-01,2021-02-06 05:00:00,0.4,183.0,130.0,-1.8,86.4,0.5829
STN-01,2021-02-06 06:00:00,0.0,167.0,126.0,-1.1,89.3,0.7025
STN-01,2021-02-06 07:00:00,0.9,317.0,161.0,-2.8,86.6,0.6185
STN-01,2021-02-06 08:00:00,1.9,521.0,200.0,-1.2,80.9,0.5812
STN-01,2021-02-06 09:00:00,1.4,394.0,198.0,1.9,71.3,0.558
STN-01,2021-02-06 10:00:00,1.3,344.0,193.0,3.3,59.6,0.4677
STN-01,2021-02-06 11:00:00,0.5,184.0,172.0,5.0,54.3,0.4516
STN-01,2021-02-06 12:00:00,1.2,226.0,174.0,,52.6,0.4709
STN-01,2021-02-06 13:00:00,2.1,236.0,161.0,8.2,55.7,0.5636
STN-01,2021-02-06 14:00:00,0.9,208.0,145.0,7.9,49.5,0.4953
STN-01,2021-02-06 15:00:00,1.0,152.0,135.0,27.175129193240796,41.2,0.5174
STN-01,2021-02-06 16:00:00,1.5,135.0,144.0,3.9599240205215818,37.4,0.4746
STN-01,2021-02-06 17:00:00,2.0,240.0,173.0,26.707287954897218,37.0,0.4502
STN-01,2021-02-06 18:00:00,2.9,248.0,163.0,11.4,40.7,0.5154
STN-01,2021-02-06 19:00:00,2.9,240.0,158.0,12.1,42.9,0.5729
STN-01,2021-02-06 20:00:00,1.8,151.0,144.0,9.4,49.1,0.5599
STN-01,2021-02-06 21:00:00,1.6,205.0,151.0,10.1,53.0,0.6116
STN-01,2021-02-06 22:00:00,0.8,46.0,130.0,9.7,55.9,0.628
STN-01,2021-02-06 23:00:00,1.0,98.0,132.0,7.3,64.0,0.6345
STN-01,2021-02-07 00:00:00,1.3,111.0,138.0,6.5,66.4,0.6199
STN-01,2021-02-07 01:00:00,1.5,128.0,140.0,5.6,75.1,
STN-01,2021-02-07 02:00:00,0.9,89.0,127.0,5.3,69.2,0.5802
STN-01,2021-02-07 03:00:00,0.4,167.0,154.0,5.1,65.5,0.5194
STN-01,2021-02-07 04:00:00,0.0,59.0,118.0,3.7,62.8,0.4566
STN-01,2021-02-07 05:00:00,0.0,128.0,129.0,3.0,62.6,0.4184
STN-01,2021-02-07 06:00:00,,229.0,148.0,3.0,63.5,0.4522
STN-01,2021-02-07 07:00:00,0.5,283.0,145.0,2.4,65.5,0.4744
STN-01,2021-02-07 08:00:00,1.8,413.0,190.0,3.6,58.1,0.4344
STN-01,2021-02-07 09:00:00,2.1,432.0,198.0,2.8,60.4,0.4194
STN-01,2021-02-07 10:00:00,,345.0,161.0,6.5,46.1,0.3929
STN-01,2021-02-07 11:00:00,0.0,318.0,149.0,6.6,41.4,0.2996
STN-01,2021-02-07 12:00:00,0.0,390.0,175.0,7.8,38.3,0.2595
STN-01,2021-02-07 13:00:00,0.3,418.0,174.0,9.5,37.8,0.2827
STN-01,2021-02-07 14:00:00,0.4,,178.0,9.8,35.5,0.244
STN-01,2021-02-07 15:00:00,0.2,294.0,173.0,9.8,31.2,0.1763
STN-01,2021-02-07 16:00:00,0.7,265.0,169.0,10.4,34.6,0.2844
STN-01,2021-02-07 17:00:00,2.3,330.0,178.0,11.1,37.1,0.3467
STN-01,2021-02-07 18:00:00,,318.0,180.0,,40.9,0.4281
STN-01,2021-02-07 19:00:00,3.1,319.0,212.0,9.8,41.8,0.4569
STN-01,2021-02-07 20:00:00,3.1,330.0,201.0,8.4,52.7,0.5529
STN-01,2021-02-07 21:00:00,2.1,293.0,195.0,7.2,53.7,0.5235
STN-01,2021-02-07 22:00:00,1.1,259.0,172.0,5.3,62.0,0.5234
STN-01,2021-02-07 23:00:00,2.0,333.0,185.0,5.2,67.5,0.55
STN-01,2021-02-08 00:00:00,1.9,285.0,157.0,5.0,71.0,0.5727
STN-01,2021-02-08 01:00:00,1.3,253.0,148.0,5.8,65.1,0.5388
STN-01,2021-02-08 02:00:00,0.9,212.0,129.0,4.4,67.1,0.5503
STN-01,2021-02-08 03:00:00,1.1,208.0,132.0,4.2,69.1,0.5576
STN-01,2021-02-08 04:00:00,0.6,187.0,100.0,4.2,73.8,0.5891
STN-01,2021-02-08 05:00:00,0.6,192.0,90.0,4.3,76.2,0.647
STN-01,2021-02-08 06:00:00,0.3,160.0,84.0,4.2,75.0,0.6443
STN-01,2021-02-08 07:00:00,1.4,333.0,110.0,4.6,69.5,0.5974
STN-01,2021-02-08 08:00:00,1.8,396.0,137.0,5.6,63.4,0.573
STN-01,2021-02-08 09:00:00,1.6,417.0,,6.6,62.7,0.5957
STN-01,2021-02-08 10:00:00,1.4,403.0,152.0,8.7,51.4,0.5453
STN-01,2021-02-08 11:00:00,1.5,321.0,137.0,10.7,46.2,0.4985
STN-01,2021-02-08 12:00:00,2.5,285.0,140.0,14.4,44.4,0.5534
STN-01,2021-02-08 13:00:00,2.1,220.0,123.0,17.3,42.4,0.6427
STN-01,2021-02-08 14:00:00,1.9,155.0,114.0,16.0,50.4,0.6991
STN-01,2021-02-08 15:00:00,2.4,243.0,119.0,17.4,51.9,0.7395
STN-01,2021-02-08 16:00:00,1.8,201.0,112.0,17.4,53.9,0.7806
STN-01,2021-02-08 17:00:00,2.8,281.0,129.0,15.9,63.4,0.8585
STN-01,2021-02-08 18:00:00,3.2,370.0,164.0,14.6,61.1,0.8307
STN-01,2021-02-08 19:00:00,3.5,497.0,195.0,12.7,57.2,0.7246
STN-01,2021-02-08 20:00:00,3.3,491.0,,13.2,59.4,0.7754
STN-01,2021-02-08 21:00:00,1.8,326.0,158.0,14.0,57.7,0.8064
STN-01,2021-02-08 22:00:00,0.4,225.0,147.0,10.3,68.4,0.839
STN-01,2021-02-08 23:00:00,0.3,217.0,166.0,10.0,63.7,0.7547
STN-01,2021-02-09 00:00:00,1.1,248.0,160.0,8.2,70.1,0.7722
STN-01,2021-02-09 01:00:00,0.0,89.0,131.0,8.1,75.5,0.8546
STN-01,2021-02-09 02:00:00,0.0,15.0,,5.8,77.1,0.7629
STN-01,2021-02-09 03:00:00,0.7,110.0,128.0,6.3,77.9,
STN-01,2021-02-09 04:00:00,0.7,132.0,115.0,4.1,81.2,0.7096
STN-01,2021-02-09 05:00:00,0.6,129.0,107.0,4.2,78.5,0.7315
STN-01,2021-02-09 06:00:00,1.4,231.0,130.0,4.4,73.8,0.7016
STN-01,2021-02-09 07:00:00,1.6,256.0,133.0,5.9,69.8,0.6861
STN-01,2021-02-09 08:00:00,3.4,458.0,155.0,7.5,66.1,0.6728
STN-01,2021-02-09 09:00:00,3.9,532.0,193.0,8.5,64.1,0.6636
STN-01,2021-02-09 10:00:00,3.1,500.0,176.0,9.5,66.0,0.6831
STN-01,2021-02-09 11:00:00,2.9,477.0,282.9548538525253,11.4,65.4,0.7175
STN-01,2021-02-09 12:00:00,-1.5491693167126854,392.0,145.0,12.0,63.4,0.6763
STN-01,2021-02-09 13:00:00,1.8,405.0,136.0,12.5,60.7,0.6327
STN-01,2021-02-09 14:00:00,0.0,173.0,78.0,13.0,58.2,0.634
STN-01,2021-02-09 15:00:00,0.0,160.0,80.0,12.8,54.5,0.6343
STN-01,2021-02-09 16:00:00,1.5,306.0,124.0,13.1,57.7,0.6878
STN-01,2021-02-09 17:00:00,2.3,306.0,134.0,13.9,58.0,0.8018
STN-01,2021-02-09 18:00:00,2.9,,152.0,11.6,62.4,0.8335
STN-01,2021-02-09 19:00:00,3.6,,173.0,10.1,64.2,0.8677
STN-01,2021-02-09 20:00:00,3.2,458.0,170.0,8.5,65.9,0.8386
STN-01,2021-02-09 21:00:00,3.0,395.0,156.0,7.8,70.0,0.8763
STN-01,2021-02-09 22:00:00,1.8,286.0,136.0,7.9,73.9,0.9323
STN-01,2021-02-09 23:00:00,2.4,351.0,165.0,8.2,70.4,0.8983
STN-01,2021-02-10 00:00:00,2.9,418.0,158.0,6.6,72.4,0.79
STN-01,2021-02-10 01:00:00,2.0,348.0,140.0,4.2,81.4,0.8375
STN-01,2021-02-10 02:00:00,1.8,341.0,128.0,3.6,79.6,0.7746
STN-01,2021-02-10 03:00:00,1.4,355.0,129.0,4.6,77.7,0.7954
STN-01,2021-02-10 04:00:00,0.4,241.0,115.0,3.0,82.3,0.7899
STN-01,2021-02-10 05:00:00,0.3,261.0,129.0,2.1,86.2,0.7855
STN-01,2021-02-10 06:00:00,0.7,234.0,128.0,2.3,83.4,0.7694
STN-01,2021-02-10 07:00:00,1.9,380.0,143.0,2.7,88.2,0.8467
STN-01,2021-02-10 08:00:00,2.7,451.0,167.0,4.7,82.2,0.8503
STN-01,2021-02-10 09:00:00,3.1,532.0,194.0,5.4,77.3,0.8439
STN-01,2021-02-10 10:00:00,,563.0,196.0,10.4,65.9,0.8622
STN-01,2021-02-10 11:00:00,2.0,414.0,192.0,12.4,58.3,0.8169
STN-01,2021-02-10 12:00:00,1.7,336.0,196.0,13.1,56.3,0.7649
STN-01,2021-02-10 13:00:00,1.2,273.0,,13.4,58.6,0.7805
STN-01,2021-02-10 14:00:00,0.8,161.0,163.0,14.1,54.4,0.7498
STN-01,2021-02-10 15:00:00,1.8,245.0,173.0,15.0,57.1,0.7713
STN-01,2021-02-10 16:00:00,1.9,275.0,180.0,14.9,59.7,0.7995
STN-01,2021-02-10 17:00:00,1.3,211.0,,14.0,64.4,0.889
STN-01,2021-02-10 18:00:00,2.2,248.0,173.0,13.3,70.0,0.9544
STN-01,2021-02-10 19:00:00,3.2,338.0,206.0,13.7,69.9,0.9922
STN-01,2021-02-10 20:00:00,2.3,,198.0,13.0,73.7,1.0583
STN-01,2021-02-10 21:00:00,0.7,206.0,189.0,12.1,69.7,0.9909
STN-01,2021-02-10 22:00:00,0.3,144.0,161.0,10.9,73.7,0.9948
STN-01,2021-02-10 23:00:00,0.0,120.0,150.0,10.4,69.7,0.9328
STN-01,2021-02-11 00:00:00,0.9,239.0,164.0,10.1,70.0,0.9503
STN-01,2021-02-11 01:00:00,0.5,149.0,145.0,10.6,65.3,0.9331
STN-01,2021-02-11 02:00:00,0.8,170.0,144.0,10.9,67.0,0.9698
STN-01,2021-02-11 03:00:00,0.6,186.0,163.0,11.1,64.1,0.9553
STN-01,2021-02-11 04:00:00,0.6,190.0,150.0,10.0,64.1,0.8826
STN-01,2021-02-11 05:00:00,1.1,247.0,144.0,10.5,67.9,0.9563
STN-01,2021-02-11 06:00:00,2.3,350.0,141.0,10.5,71.9,1.0037
STN-01,2021-02-11 07:00:00,2.3,365.0,151.0,9.9,73.3,1.0084
STN-01,2021-02-11 08:00:00,3.3,451.0,178.0,10.7,72.2,1.0101
STN-01,2021-02-11 09:00:00,,490.0,193.0,10.4,72.2,1.0104
STN-01,2021-02-11 10:00:00,1.5,361.0,188.0,13.4,63.8,0.9855
STN-01,2021-02-11 11:00:00,1.0,343.0,183.0,15.7,54.7,0.9334
STN-01,2021-02-11 12:00:00,1.6,300.0,173.0,,55.8,0.9601
STN-01,2021-02-11 13:00:00,2.1,318.0,161.0,16.5,57.9,0.9639
STN-01,2021-02-11 14:00:00,0.6,160.0,141.0,15.3,58.4,0.9041
STN-01,2021-02-11 15:00:00,0.5,174.0,150.0,15.2,55.8,0.856
STN-01,2021-02-11 16:00:00,0.5,182.0,147.0,15.4,58.4,1.032475317743402
STN-01,2021-02-11 17:00:00,1.5,243.0,176.0,13.5,65.5,0.6798306088460062
STN-01,2021-02-11 18:00:00,2.6,375.0,207.0,12.9,70.7,1.000341336262144
STN-01,2021-02-11 19:00:00,3.3,461.0,202.0,10.2,72.3,1.3284671840224827
STN-01,2021-02-11 20:00:00,3.4,516.0,193.0,9.4,69.7,0.5654132953286238
STN-01,2021-02-11 21:00:00,1.4,413.0,149.0,7.2,73.5,0.8803
STN-01,2021-02-11 22:00:00,0.8,328.0,144.0,6.4,73.4,0.8661
STN-01,2021-02-11 23:00:00,0.7,252.0,116.0,5.3,73.0,0.8545
STN-01,2021-02-12 00:00:00,1.8,354.0,119.0,5.9,72.3,0.9082
STN-01,2021-02-12 01:00:00,1.8,357.0,115.0,4.8,72.7,0.8987
STN-01,2021-02-12 02:00:00,0.7,234.0,80.0,4.4,73.6,0.8693
STN-01,2021-02-12 03:00:00,0.0,124.0,71.0,3.9,78.5,0.8722
STN-01,2021-02-12 04:00:00,0.2,145.0,85.0,2.8,77.3,0.8216
STN-01,2021-02-12 05:00:00,0.3,172.0,91.0,2.2,78.2,0.8196
STN-01,2021-02-12 06:00:00,0.5,166.0,90.0,2.9,,0.8792
STN-01,2021-02-12 07:00:00,1.1,193.0,112.0,4.2,79.3,0.9374
STN-01,2021-02-12 08:00:00,1.5,259.0,126.0,5.0,73.7,0.8856
STN-01,2021-02-12 09:00:00,1.0,270.0,126.0,5.1,74.6,0.9031
STN-01,2021-02-12 10:00:00,,256.0,142.0,,65.2,0.8118
STN-01,2021-02-12 11:00:00,0.0,225.0,149.0,8.1,53.9,0.7467
STN-01,2021-02-12 12:00:00,1.1,268.0,161.0,9.0,48.2,0.6494
STN-01,2021-02-12 13:00:00,1.1,221.0,152.0,8.6,49.2,0.6431
STN-01,2021-02-12 14:00:00,0.1,193.0,149.0,11.2,47.9,0.6481
STN-01,2021-02-12 15:00:00,0.6,319.0,152.0,12.4,46.8,0.6804
STN-01,2021-02-12 16:00:00,1.2,402.0,176.0,13.0,46.2,0.6772
STN-01,2021-02-12 17:00:00,1.9,454.0,192.0,12.3,48.6,0.7171
STN-01,2021-02-12 18:00:00,3.2,573.0,237.0,11.1,53.6,0.7379
STN-01,2021-02-12 19:00:00,3.2,521.0,232.0,10.7,59.1,0.8022
STN-01,2021-02-12 20:00:00,2.3,426.0,223.0,9.6,59.2,0.785
STN-01,2021-02-12 21:00:00,1.2,360.0,194.0,8.2,57.3,0.7281
STN-01,2021-02-12 22:00:00,0.4,287.0,190.0,6.8,60.4,0.6918
STN-01,2021-02-12 23:00:00,0.2,186.0,161.0,7.3,63.9,0.7551
STN-01,2021-02-13 00:00:00,0.1,211.0,146.0,6.4,68.0,0.7474
STN-01,2021-02-13 01:00:00,0.0,,118.0,6.9,69.2,0.7553
STN-01,2021-02-13 02:00:00,0.0,,107.0,6.6,69.6,0.7053
STN-01,2021-02-13 03:00:00,0.0,59.0,95.0,7.6,69.6,0.756
STN-01,2021-02-13 04:00:00,0.0,47.0,70.0,7.4,72.6,0.7894
STN-01,2021-02-13 05:00:00,0.0,93.0,85.0,6.8,70.1,0.719
STN-01,2021-02-13 06:00:00,0.0,86.0,114.0,6.4,65.1,0.6591
STN-01,2021-02-13 07:00:00,0.0,187.0,145.0,6.8,,
STN-01,2021-02-13 08:00:00,1.1,394.0,180.0,8.0,54.8,0.5657
STN-01,2021-02-13 09:00:00,0.7,309.0,165.0,11.0,52.5,0.6433
STN-01,2021-02-13 10:00:00,0.5,289.0,168.0,12.4,49.4,0.6383
STN-01,2021-02-13 11:00:00,0.0,206.0,156.0,15.0,42.2,0.5999
STN-01,2021-02-13 12:00:00,0.0,229.0,177.0,16.6,34.2,0.4964
STN-01,2021-02-13 13:00:00,0.0,279.0,171.0,17.1,34.4,0.4982
STN-01,2021-02-13 14:00:00,0.0,246.0,168.0,17.9,30.0,0.4989
STN-01,2021-02-13 15:00:00,,361.0,181.0,18.9,31.1,0.554
STN-01,2021-02-13 16:00:00,1.0,311.0,180.0,19.4,35.1,0.6376
STN-01,2021-02-13 17:00:00,1.3,310.0,194.0,17.2,34.8,0.5945
STN-01,2021-02-13 18:00:00,2.0,357.0,,15.3,,0.6355
STN-01,2021-02-13 19:00:00,2.8,437.0,230.0,12.5,48.1,0.6599
STN-01,2021-02-13 20:00:00,2.2,388.0,219.0,10.5,54.3,0.641
STN-01,2021-02-13 21:00:00,1.8,352.0,193.0,9.2,54.0,0.5841
STN-01,2021-02-13 22:00:00,1.2,245.0,169.0,8.4,57.6,0.6137
STN-01,2021-02-13 23:00:00,,283.0,155.0,6.2,61.5,0.6096
STN-01,2021-02-14 00:00:00,1.3,256.0,139.0,4.8,62.0,0.5967
STN-01,2021-02-14 01:00:00,1.0,175.0,138.0,3.6,59.5,0.5492
STN-01,2021-02-14 02:00:00,0.9,210.0,136.0,1.7,58.3,0.4651
STN-01,2021-02-14 03:00:00,1.3,320.0,164.0,2.2,67.4,0.5499
STN-01,2021-02-14 04:00:00,1.4,309.0,131.0,2.8,68.8,0.566
STN-01,2021-02-14 05:00:00,1.6,292.0,133.0,2.0,73.2,0.6319
STN-01,2021-02-14 06:00:00,1.4,265.0,140.0,1.3,75.1,0.6059
STN-01,2021-02-14 07:00:00,2.0,282.0,169.0,1.6,71.5,0.5924
STN-01,2021-02-14 08:00:00,3.0,386.0,172.0,3.0,66.4,0.6014
STN-01,2021-02-14 09:00:00,4.3,447.0,193.0,5.6,65.2,0.669
STN-01,2021-02-14 10:00:00,3.1,386.0,187.0,8.3,58.3,0.6475
STN-01,2021-02-14 11:00:00,2.0,335.0,,8.8,56.1,0.6064
STN-01,2021-02-14 12:00:00,2.4,316.0,166.0,10.5,55.6,0.6751
STN-01,2021-02-14 13:00:00,3.0,312.0,171.0,12.0,53.5,0.6797
STN-01,2021-02-14 14:00:00,2.8,392.0,204.0,13.2,51.4,0.6698
STN-01,2021-02-14 15:00:00,2.9,383.0,219.0,14.0,49.5,0.6773
STN-01,2021-02-14 16:00:00,3.1,387.0,233.0,14.7,49.5,0.7117
STN-01,2021-02-14 17:00:00,4.5,545.0,253.0,14.4,50.4,0.7503
STN-01,2021-02-14 18:00:00,5.4,651.0,265.0,12.3,54.5,0.7531
STN-01,2021-02-14 19:00:00,5.5,631.0,282.0,10.6,55.7,0.7222
STN-01,2021-02-14 20:00:00,5.2,594.0,250.0,9.6,56.2,0.7105
STN-01,2021-02-14 21:00:00,3.1,483.0,228.0,,53.6,0.6798
STN-01,2021-02-14 22:00:00,2.6,509.0,251.0,8.9,61.8,0.7547
STN-01,2021-02-14 23:00:00,2.0,431.0,216.0,6.9,62.7,0.7049
STN-01,2021-02-15 00:00:00,0.6,267.0,177.0,6.2,57.6,0.6574
STN-01,2021-02-15 01:00:00,0.0,211.0,153.0,6.1,,
STN-01,2021-02-15 02:00:00,0.1,202.0,130.0,5.6,64.7,0.7282
STN-01,2021-02-15 03:00:00,0.4,195.0,129.0,5.2,66.6,0.7757
STN-01,2021-02-15 04:00:00,0.0,95.0,89.0,5.0,73.4,0.8413
STN-01,2021-02-15 05:00:00,0.0,87.0,75.0,4.8,78.1,0.8825
STN-01,2021-02-15 06:00:00,0.0,117.0,85.0,3.6,79.0,0.8457
STN-01,2021-02-15 07:00:00,0.7,192.0,105.0,3.3,72.9,0.765
STN-01,2021-02-15 08:00:00,2.2,450.0,170.0,5.2,69.4,0.8203
STN-01,2021-02-15 09:00:00,1.7,432.0,163.0,7.2,65.5,0.8343
STN-01,2021-02-15 10:00:00,0.7,281.0,149.0,9.5,55.1,0.7936
STN-01,2021-02-15 11:00:00,0.3,207.0,148.0,11.5,49.0,0.7506
STN-01,2021-02-15 12:00:00,0.2,213.0,162.0,13.2,44.0,0.7014
STN-01,2021-02-15 13:00:00,0.2,,145.0,12.8,49.5,0.7538
STN-01,2021-02-15 14:00:00,0.2,135.0,130.0,12.5,50.7,0.7402
STN-01,2021-02-15 15:00:00,1.3,239.0,157.0,13.7,50.3,0.7508
STN-01,2021-02-15 16:00:00,1.1,229.0,176.0,11.8,48.2,
STN-01,2021-02-15 17:00:00,1.5,284.0,176.0,12.8,46.1,0.6539
STN-01,2021-02-15 18:00:00,2.6,284.0,193.0,9.6,51.2,0.6251
STN-01,2021-02-15 19:00:00,3.6,284.0,205.0,7.2,58.7,0.6431
STN-01,2021-02-15 20:00:00,3.0,284.0,184.0,7.3,61.5,0.7012
STN-01,2021-02-15 21:00:00,1.8,284.0,157.0,6.7,56.8,0.5907
STN-01,2021-02-15 22:00:00,1.3,255.0,160.0,5.6,59.9,0.5778
STN-01,2021-02-15 23:00:00,1.5,219.0,151.0,3.1,59.4,0.5193
STN-01,2021-02-16 00:00:00,1.6,215.0,150.0,2.2,53.9,0.4426
STN-01,2021-02-16 01:00:00,1.3,153.0,121.0,2.4,57.9,0.4764
STN-01,2021-02-16 02:00:00,1.4,130.0,115.0,2.6,60.4,0.529
STN-01,2021-02-16 03:00:00,1.4,129.0,123.0,2.3,69.2,0.6304
STN-01,2021-02-16 04:00:00,1.7,163.0,95.0,1.5,70.8,0.6437
STN-01,2021-02-16 05:00:00,1.3,116.0,91.0,1.8,72.9,0.6589
STN-01,2021-02-16 06:00:00,1.6,216.0,107.0,2.7,75.6,0.7301
STN-01,2021-02-16 07:00:00,3.3,380.0,153.0,,69.6,0.6454
STN-01,2021-02-16 08:00:00,4.2,552.0,189.0,2.9,65.0,0.6203
STN-01,2021-02-16 09:00:00,4.8,621.0,223.0,5.0,55.7,0.5964
STN-01,2021-02-16 10:00:00,3.7,482.0,216.0,8.1,48.0,0.5864
STN-01,2021-02-16 11:00:00,3.3,,218.0,9.3,52.5,0.6175
STN-01,2021-02-16 12:00:00,2.8,445.0,201.0,11.2,46.6,0.6081
STN-01,2021-02-16 13:00:00,3.6,437.0,198.0,12.9,43.1,0.6188
STN-01,2021-02-16 14:00:00,2.5,373.0,192.0,13.1,40.4,0.5757
STN-01,2021-02-16 15:00:00,2.9,384.0,198.0,13.7,40.5,0.5838
STN-01,2021-02-16 16:00:00,2.4,350.0,202.0,13.4,38.4,0.5233
STN-01,2021-02-16 17:00:00,,,214.0,12.4,40.8,0.5077
STN-01,2021-02-16 18:00:00,2.6,342.0,205.0,12.3,47.0,0.5967
STN-01,2021-02-16 19:00:00,3.1,396.0,205.0,11.7,49.6,0.6209
STN-01,2021-02-16 20:00:00,3.0,441.0,202.0,12.0,50.9,0.6634
STN-01,2021-02-16 21:00:00,3.1,493.0,202.0,11.5,50.9,0.6412
STN-01,2021-02-16 22:00:00,2.9,405.0,185.0,13.0,47.9,0.6565
STN-01,2021-02-16 23:00:00,2.6,431.0,184.0,11.4,53.3,0.6493
STN-01,2021-02-17 00:00:00,2.6,404.0,170.0,12.3,55.0,0.6908
STN-01,2021-02-17 01:00:00,2.2,378.0,164.0,11.9,52.0,0.6222
STN-01,2021-02-17 02:00:00,2.2,378.0,148.0,12.6,50.8,0.6113
STN-01,2021-02-17 03:00:00,2.2,395.0,154.0,10.9,,0.6204
STN-01,2021-02-17 04:00:00,1.1,263.0,107.0,12.0,54.7,0.6293
STN-01,2021-02-17 05:00:00,0.2,196.0,91.0,11.3,55.8,0.6336
STN-01,2021-02-17 06:00:00,0.0,120.0,110.0,10.7,57.1,0.6112
STN-01,2021-02-17 07:00:00,1.1,287.0,143.0,11.7,59.2,0.6561
STN-01,2021-02-17 08:00:00,2.2,469.0,175.0,12.4,54.5,0.6611
STN-01,2021-02-17 09:00:00,3.1,568.0,194.0,12.7,52.1,0.6624
STN-01,2021-02-17 10:00:00,2.5,504.0,185.0,15.2,42.0,0.6313
STN-01,2021-02-17 11:00:00,2.3,367.0,167.0,16.3,37.3,0.6071
STN-01,2021-02-17 12:00:00,2.2,404.0,163.0,18.4,26.8,0.5358
STN-01,2021-02-17 13:00:00,2.5,398.0,178.0,18.8,29.2,0.5712
STN-01,2021-02-17 14:00:00,1.0,234.0,135.0,18.8,31.5,0.5941
STN-01,2021-02-17 15:00:00,0.8,287.0,146.0,19.2,30.2,0.5716
STN-01,2021-02-17 16:00:00,1.0,324.0,179.0,17.7,29.6,0.5383
STN-01,2021-02-17 17:00:00,2.1,460.0,195.0,16.4,37.2,0.6074
STN-01,2021-02-17 18:00:00,3.0,506.0,212.0,16.8,32.2,0.6264
STN-01,2021-02-17 19:00:00,3.3,511.0,218.0,14.6,32.9,0.5961
STN-01,2021-02-17 20:00:00,2.5,393.0,195.0,12.4,35.6,0.5992
STN-01,2021-02-17 21:00:00,0.6,278.0,161.0,10.3,35.8,
STN-01,2021-02-17 22:00:00,1.7,371.0,173.0,11.2,36.4,0.5889
STN-01,2021-02-17 23:00:00,1.2,308.0,160.0,9.5,42.3,0.5873
STN-01,2021-02-18 00:00:00,,368.0,164.0,9.3,44.1,0.619
STN-01,2021-02-18 01:00:00,0.7,324.0,139.0,9.2,46.8,0.6293
STN-01,2021-02-18 02:00:00,0.0,303.0,129.0,8.0,52.7,0.6402
STN-01,2021-02-18 03:00:00,0.0,455.0,161.0,7.0,54.9,0.618
STN-01,2021-02-18 04:00:00,0.8,438.0,129.0,8.3,55.4,0.6988
STN-01,2021-02-18 05:00:00,1.2,480.0,145.0,,55.4,0.6704
STN-01,2021-02-18 06:00:00,1.6,594.0,173.0,7.3,56.7,0.6196
STN-01,2021-02-18 07:00:00,2.2,654.0,176.0,8.4,53.7,0.6185
STN-01,2021-02-18 08:00:00,3.6,824.0,228.0,9.9,52.2,0.645
STN-01,2021-02-18 09:00:00,4.2,872.0,239.0,11.7,,0.6956
STN-01,2021-02-18 10:00:00,2.7,735.0,227.0,12.1,49.7,0.6415
STN-01,2021-02-18 11:00:00,3.2,786.0,233.0,12.2,50.5,0.6402
STN-01,2021-02-18 12:00:00,2.7,711.0,215.0,12.0,47.3,0.5296
STN-01,2021-02-18 13:00:00,2.8,607.0,212.0,12.8,45.3,0.5236
STN-01,2021-02-18 14:00:00,2.3,562.0,208.0,12.3,45.4,0.5131
STN-01,2021-02-18 15:00:00,,677.0,214.0,13.0,52.5,0.6325
STN-01,2021-02-18 16:00:00,3.1,681.0,218.0,12.8,50.0,0.6111
STN-01,2021-02-18 17:00:00,3.5,748.0,223.0,13.5,54.6,0.6963
STN-01,2021-02-18 18:00:00,3.7,748.0,220.0,12.2,61.3,0.7319
STN-01,2021-02-18 19:00:00,4.0,719.0,225.0,11.4,61.8,0.7665
STN-01,2021-02-18 20:00:00,4.1,761.0,231.0,12.7,65.1,0.8775
STN-01,2021-02-18 21:00:00,3.0,632.0,218.0,11.1,70.0,0.9084
STN-01,2021-02-18 22:00:00,1.4,475.0,202.0,10.3,68.7,0.8421
STN-01,2021-02-18 23:00:00,2.0,465.0,187.0,9.6,69.2,0.8584
STN-01,2021-02-19 00:00:00,2.1,501.0,190.0,9.3,73.5,0.8606
STN-01,2021-02-19 01:00:00,1.7,408.0,149.0,7.2,74.7,0.8303
STN-01,2021-02-19 02:00:00,1.8,396.0,135.0,7.3,72.9,0.8352
STN-01,2021-02-19 03:00:00,1.3,413.0,145.0,7.3,71.6,0.8091
STN-01,2021-02-19 04:00:00,0.7,273.0,92.0,5.9,74.8,0.7778
STN-01,2021-02-19 05:00:00,0.6,339.0,104.0,4.7,77.1,0.7407
STN-01,2021-02-19 06:00:00,0.2,337.0,105.0,5.5,82.4,0.8597
STN-01,2021-02-19 07:00:00,1.5,436.0,126.0,,78.5,0.9012
STN-01,2021-02-19 08:00:00,3.0,649.0,158.0,5.3,75.7,0.841
STN-01,2021-02-19 09:00:00,2.5,609.0,160.0,8.3,65.6,0.8587
STN-01,2021-02-19 10:00:00,0.7,451.0,149.0,10.9,56.5,0.825
STN-01,2021-02-19 11:00:00,0.6,484.0,171.0,12.9,55.6,0.8519
STN-01,2021-02-19 12:00:00,1.1,515.0,179.0,14.3,56.3,0.8859
STN-01,2021-02-19 13:00:00,1.9,531.0,189.0,14.7,58.5,0.8876
STN-01,2021-02-19 14:00:00,1.8,474.0,194.0,14.9,59.8,0.9126
STN-01,2021-02-19 15:00:00,0.4,208.0,151.0,15.2,54.7,0.85
STN-01,2021-02-19 16:00:00,1.3,303.0,180.0,14.7,56.4,0.8509
STN-01,2021-02-19 17:00:00,2.9,476.0,192.0,13.3,65.5,0.9207
STN-01,2021-02-19 18:00:00,2.9,393.0,191.0,12.6,69.7,0.9593
STN-01,2021-02-19 19:00:00,2.9,473.0,207.0,11.9,73.5,1.0055
STN-01,2021-02-19 20:00:00,2.9,506.0,211.0,12.2,76.8,1.0974
STN-01,2021-02-19 21:00:00,2.9,506.0,193.0,11.9,79.4,1.167
STN-01,2021-02-19 22:00:00,2.9,506.0,168.0,11.2,87.4,1.2477
STN-01,2021-02-19 23:00:00,2.9,506.0,166.0,10.3,92.6,1.2702
STN-01,2021-02-20 00:00:00,2.9,506.0,168.0,10.0,94.3,1.2571
STN-01,2021-02-20 01:00:00,2.0,506.0,153.0,10.3,93.3,1.2653
STN-01,2021-02-20 02:00:00,0.9,277.0,120.0,9.1,93.2,1.2137
STN-01,2021-02-20 03:00:00,0.2,175.0,121.0,9.6,85.9,1.1526
STN-01,2021-02-20 04:00:00,0.2,174.0,98.0,9.2,86.4,1.1707
STN-01,2021-02-20 05:00:00,0.0,87.0,85.0,8.5,87.3,1.217
STN-01,2021-02-20 06:00:00,0.2,146.0,99.0,9.6,86.7,1.1964
STN-01,2021-02-20 07:00:00,1.0,120.0,106.0,9.4,82.3,1.1644
STN-01,2021-02-20 08:00:00,1.7,332.0,143.0,10.7,79.1,1.1748
STN-01,2021-02-20 09:00:00,2.2,377.0,165.0,,66.8,1.1762
STN-01,2021-02-20 10:00:00,2.4,418.0,183.0,16.5,60.0,1.1303
STN-01,2021-02-20 11:00:00,1.8,392.0,182.0,19.2,52.4,1.0542
STN-01,2021-02-20 12:00:00,2.5,416.0,190.0,20.7,,1.0841
STN-01,2021-02-20 13:00:00,,487.0,210.0,22.5,40.1,1.0548
STN-01,2021-02-20 14:00:00,2.5,487.0,211.0,23.9,,1.0011
STN-01,2021-02-20 15:00:00,1.8,,193.0,21.8,31.0,0.9049
STN-01,2021-02-20 16:00:00,1.7,426.0,188.0,22.8,24.9,0.8716
STN-01,2021-02-20 17:00:00,2.1,462.0,196.0,22.3,26.2,0.8489
STN-01,2021-02-20 18:00:00,2.4,429.0,182.0,20.8,31.9,0.8918
STN-01,2021-02-20 19:00:00,2.8,437.0,176.0,18.9,33.6,0.8587
STN-01,2021-02-20 20:00:00,2.7,,163.0,16.2,41.7,0.8854
STN-01,2021-02-20 21:00:00,1.7,409.0,158.0,14.2,45.3,0.8507
STN-01,2021-02-20 22:00:00,1.6,384.0,153.0,13.0,47.5,0.8224
STN-01,2021-02-20 23:00:00,2.0,357.0,152.0,11.4,53.6,0.8177
STN-01,2021-02-21 00:00:00,1.2,329.0,156.0,10.9,56.6,0.8157
STN-01,2021-02-21 01:00:00,0.2,299.0,144.0,10.1,55.3,0.7938
STN-01,2021-02-21 02:00:00,0.0,238.0,130.0,8.1,60.9,0.7898
STN-01,2021-02-21 03:00:00,0.0,178.0,119.0,8.2,61.3,0.7797
STN-01,2021-02-21 04:00:00,0.0,185.0,101.0,8.1,57.1,0.7156
STN-01,2021-02-21 05:00:00,0.1,244.0,119.0,8.4,65.4,0.8377
STN-01,2021-02-21 06:00:00,0.0,297.0,157.0,6.6,61.7,0.7079
STN-01,2021-02-21 07:00:00,1.2,408.0,195.0,5.5,61.5,0.6255
STN-01,2021-02-21 08:00:00,2.9,591.0,225.0,6.6,51.6,0.5622
STN-01,2021-02-21 09:00:00,2.8,563.0,,9.2,40.1,0.5136
STN-01,2021-02-21 10:00:00,2.1,530.0,239.0,10.0,38.5,0.5141
STN-01,2021-02-21 11:00:00,2.3,447.0,232.0,12.7,33.0,0.5292
STN-01,2021-02-21 12:00:00,2.2,402.0,225.0,14.6,28.6,0.5094
STN-01,2021-02-21 13:00:00,2.2,440.0,213.0,14.2,29.6,0.4982
STN-01,2021-02-21 14:00:00,2.3,471.0,212.0,14.0,27.8,0.4158
STN-01,2021-02-21 15:00:00,1.5,338.0,196.0,13.7,24.6,0.4096
STN-01,2021-02-21 16:00:00,1.5,,172.0,16.9,23.4,0.508
STN-01,2021-02-21 17:00:00,1.6,335.0,167.0,16.1,24.3,0.4834
STN-01,2021-02-21 18:00:00,1.2,267.0,163.0,13.1,26.4,0.4145
STN-01,2021-02-21 19:00:00,2.9,367.0,178.0,10.7,39.9,0.516
STN-01,2021-02-21 20:00:00,2.2,298.0,172.0,8.5,,0.5266
STN-01,2021-02-21 21:00:00,0.7,204.0,130.0,7.4,43.2,0.4934
STN-01,2021-02-21 22:00:00,0.5,156.0,116.0,6.1,44.7,0.4711
STN-01,2021-02-21 23:00:00,0.9,145.0,136.0,5.7,44.5,0.4429
STN-01,2021-02-22 00:00:00,1.3,185.0,130.0,5.8,48.9,0.5168
STN-01,2021-02-22 01:00:00,1.4,175.0,120.0,4.0,53.8,0.5117
STN-01,2021-02-22 02:00:00,2.1,256.0,122.0,3.5,55.8,0.4566
STN-01,2021-02-22 03:00:00,,123.0,91.0,2.4,64.8,0.5124
STN-01,2021-02-22 04:00:00,0.7,4.0,,3.3,60.6,0.49
STN-01,2021-02-22 05:00:00,1.2,103.0,96.0,4.0,60.5,0.5261
STN-01,2021-02-22 06:00:00,1.1,86.0,114.0,3.7,64.4,0.5592
STN-01,2021-02-22 07:00:00,1.7,126.0,139.0,4.5,61.8,0.5571
STN-01,2021-02-22 08:00:00,2.3,224.0,167.0,5.7,62.1,0.5875
STN-01,2021-02-22 09:00:00,2.1,210.0,160.0,6.6,57.4,0.5684
STN-01,2021-02-22 10:00:00,2.2,344.0,190.0,9.3,49.43950041628964,0.5502
STN-01,2021-02-22 11:00:00,2.6,329.0,187.0,11.8,40.87900083257928,0.5289
STN-01,2021-02-22 12:00:00,2.4,323.0,172.0,13.3,33.51850124886892,0.4871
STN-01,2021-02-22 13:00:00,2.5,341.0,185.0,14.6,27.55800166515856,0.4766
STN-01,2021-02-22 14:00:00,2.7,368.0,191.0,13.2,30.5975020814482,0.4827
STN-01,2021-02-22 15:00:00,2.9,412.0,205.0,13.2,27.53700249773784,0.4039
STN-01,2021-02-22 16:00:00,3.0,394.0,219.0,13.5,29.37650291402748,0.471
STN-01,2021-02-22 17:00:00,2.5,372.0,228.0,12.9,32.01600333031712,0.4946
STN-01,2021-02-22 18:00:00,,504.0,250.0,11.2,32.55550374660677,0.4689
STN-01,2021-02-22 19:00:00,4.0,,249.0,10.1,36.295004162896404,
STN-01,2021-02-22 20:00:00,3.5,624.0,261.0,8.9,38.83450457918604,0.503
STN-01,2021-02-22 21:00:00,2.7,494.0,244.0,8.1,45.47400499547568,0.5285
STN-01,2021-02-22 22:00:00,2.2,482.0,235.0,7.8,51.31350541176533,0.6037
STN-01,2021-02-22 23:00:00,1.9,432.0,208.0,6.5,53.45300582805496,0.6049
STN-01,2021-02-23 00:00:00,0.7,359.0,162.0,5.7,62.19250624434461,0.6357
STN-01,2021-02-23 01:00:00,0.05,,132.0,4.1,69.43200666063424,0.6584
STN-01,2021-02-23 02:00:00,0.05,150.0,,4.0,69.5715070769239,0.645
STN-01,2021-02-23 03:00:00,0.05,140.0,111.0,3.5,67.11100749321352,0.6012
STN-01,2021-02-23 04:00:00,0.05,74.0,64.0,2.2,67.85050790950316,0.5627
STN-01,2021-02-23 05:00:00,0.05,123.0,64.0,2.2,69.99000832579281,0.5642
STN-01,2021-02-23 06:00:00,0.05,140.0,93.0,3.8,61.62950874208245,0.5213
STN-01,2021-02-23 07:00:00,0.5,245.0,123.0,5.0,59.56900915837209,0.5277
STN-01,2021-02-23 08:00:00,1.6,381.0,149.0,5.4,56.108509574661724,0.4733
STN-01,2021-02-23 09:00:00,1.8,467.0,165.0,6.9,52.24800999095137,0.4731
STN-01,2021-02-23 10:00:00,1.2,336.0,160.0,11.0,43.28751040724101,0.4738
STN-01,2021-02-23 11:00:00,1.8,367.0,160.0,14.4,39.02701082353065,0.5236
STN-01,2021-02-23 12:00:00,1.4,336.0,153.0,15.5,40.36651123982029,0.52
STN-01,2021-02-23 13:00:00,1.5,329.0,152.0,15.5,40.106011656109935,0.4909
STN-01,2021-02-23 14:00:00,1.7,337.0,162.0,14.6,39.14551207239957,0.4539
STN-01,2021-02-23 15:00:00,1.4,348.0,172.0,15.6,39.58501248868921,0.4812
STN-01,2021-02-23 16:00:00,2.1,368.0,176.0,17.1,41.424512904978855,0.5252
STN-01,2021-02-23 17:00:00,2.6,481.0,196.0,15.2,42.06401332126849,0.4433
STN-01,2021-02-23 18:00:00,3.0,468.0,209.0,15.1,43.303513737558134,0.4715
STN-01,2021-02-23 19:00:00,2.7,458.0,205.0,15.8,48.243014153847774,0.5467
STN-01,2021-02-23 20:00:00,2.7,451.0,218.0,15.2,48.182514570137414,0.5264
STN-01,2021-02-23 21:00:00,2.6,400.0,223.0,14.1,51.222014986427055,0.477
STN-01,2021-02-23 22:00:00,,425.0,219.0,13.3,,0.5737
STN-01,2021-02-23 23:00:00,1.8,297.0,184.0,12.4,61.90101581900634,0.5444
STN-01,2021-02-24 00:00:00,1.8,338.0,195.0,10.9,61.74051623529597,0.4763
STN-01,2021-02-24 01:00:00,1.3,293.0,172.0,9.3,60.28001665158562,0.4611
STN-01,2021-02-24 02:00:00,1.5,240.0,128.0,8.6,67.91951706787526,0.5121
STN-01,2021-02-24 03:00:00,1.1,236.0,132.0,9.3,63.5590174841649,0.4944
STN-01,2021-02-24 04:00:00,1.0,249.0,118.0,7.8,67.19851790045453,0.4649
STN-01,2021-02-24 05:00:00,0.1,126.0,99.0,6.8,68.43801831674418,0.4441
STN-01,2021-02-24 06:00:00,0.3,218.0,111.0,7.7,67.27751873303382,0.464
STN-01,2021-02-24 07:00:00,1.9,446.0,152.0,5.9,70.91701914932347,0.4228
STN-01,2021-02-24 08:00:00,2.6,532.0,185.0,6.5,64.6565195656131,0.367
STN-01,2021-02-24 09:00:00,1.8,486.0,171.0,9.1,62.19601998190274,0.4533
STN-01,2021-02-24 10:00:00,2.0,543.0,200.0,11.0,50.33552039819238,0.3404
STN-01,2021-02-24 11:00:00,1.6,554.0,202.0,12.1,46.47502081448202,0.3361
STN-01,2021-02-24 12:00:00,2.0,577.0,207.0,13.7,52.014521230771656,0.4356
STN-01,2021-02-24 13:00:00,2.2,620.0,208.0,13.6,49.6540216470613,0.3853
STN-01,2021-02-24 14:00:00,1.9,,199.0,14.3,48.593522063350946,0.351
STN-01,2021-02-24 15:00:00,2.4,558.0,208.0,16.2,42.73302247964058,0.3339
STN-01,2021-02-24 16:00:00,1.6,466.0,199.0,15.3,43.07252289593022,0.293
STN-01,2021-02-24 17:00:00,1.7,438.0,217.0,14.7,57.312023312219864,0.4206
STN-01,2021-02-24 18:00:00,,488.0,230.0,13.4,60.0515237285095,0.4361
STN-01,2021-02-24 19:00:00,2.8,414.0,223.0,12.4,61.89102414479914,0.4284
STN-01,2021-02-24 20:00:00,3.0,442.0,237.0,11.4,70.73052456108879,0.5053
STN-01,2021-02-24 21:00:00,2.6,543.0,248.0,10.7,75.27002497737843,0.5344
STN-01,2021-02-24 22:00:00,2.4,444.0,227.0,10.6,74.20952539366807,0.5478
STN-01,2021-02-24 23:00:00,2.8,394.0,221.0,8.1,79.54902580995771,0.5386
STN-01,2021-02-25 00:00:00,2.2,,181.0,7.7,81.48852622624734,0.5725
STN-01,2021-02-25 01:00:00,2.1,238.0,163.0,6.7,81.22802664253697,0.5365
STN-01,2021-02-25 02:00:00,2.0,234.0,146.0,7.1,86.46752705882663,0.624
STN-01,2021-02-25 03:00:00,3.0,306.0,178.0,8.6,81.60702747511627,0.6234
STN-01,2021-02-25 04:00:00,2.4,318.0,163.0,7.3,82.0465278914059,0.6108
STN-01,2021-02-25 05:00:00,1.9,,145.0,6.9,76.48602830769555,0.5567
STN-01,2021-02-25 06:00:00,1.1,160.0,130.0,5.3,76.02552872398519,0.4826
STN-01,2021-02-25 07:00:00,2.6,326.0,152.0,5.4,75.66502914027484,0.4674
STN-01,2021-02-25 08:00:00,2.6,323.0,165.0,6.3,76.10452955656447,0.5134
STN-01,2021-02-25 09:00:00,3.1,334.0,172.0,9.1,,0.485
STN-01,2021-02-25 10:00:00,2.0,290.0,173.0,9.6,65.88353038914376,0.4607
STN-01,2021-02-25 11:00:00,2.8,396.0,188.0,12.2,63.22303080543339,0.4868
STN-01,2021-02-25 12:00:00,2.5,296.0,160.0,13.0,58.16253122172303,0.4396
STN-01,2021-02-25 13:00:00,2.6,191.0,137.0,12.6,64.00203163801267,0.4301
STN-01,2021-02-25 14:00:00,2.5,161.0,,15.6,57.04153205430231,0.4476
STN-01,2021-02-25 15:00:00,3.1,299.0,158.0,15.2,63.58103247059195,
STN-01,2021-02-25 16:00:00,3.4,329.0,162.0,15.3,62.22053288688159,0.5226
STN-01,2021-02-25 17:00:00,3.5,355.0,164.0,15.5,59.16003330317123,0.5106
STN-01,2021-02-25 18:00:00,4.4,419.0,195.0,15.0,62.79953371946087,0.5449
STN-01,2021-02-25 19:00:00,4.6,427.0,203.0,13.2,64.53903413575051,0.5215
STN-01,2021-02-25 20:00:00,4.3,430.0,204.0,13.5,68.57853455204015,0.5857
STN-01,2021-02-25 21:00:00,3.0,401.0,201.0,13.0,73.21803496832979,0.6141
STN-01,2021-02-25 22:00:00,2.7,322.0,191.0,13.3,70.45753538461943,0.5954
STN-01,2021-02-25 23:00:00,2.2,267.0,172.0,13.7,73.09703580090908,0.6588
STN-01,2021-02-26 00:00:00,3.2,359.0,195.0,14.3,75.53653621719872,0.6627
STN-01,2021-02-26 01:00:00,3.0,401.0,203.0,14.3,73.37603663348835,0.6534
STN-01,2021-02-26 02:00:00,1.6,250.0,162.0,12.9,79.315537049778,0.6719
STN-01,2021-02-26 03:00:00,1.8,350.0,181.0,11.3,83.45503746606764,0.6484
STN-01,2021-02-26 04:00:00,0.5,199.0,,11.5,78.29453788235728,0.5976
STN-01,2021-02-26 05:00:00,0.05,96.0,134.0,10.9,74.53403829864692,0.5648
STN-01,2021-02-26 06:00:00,0.4,142.0,148.0,8.9,77.57353871493655,0.5034
STN-01,2021-02-26 07:00:00,2.4,368.0,193.0,9.3,73.6130391312262,0.4779
STN-01,2021-02-26 08:00:00,3.3,511.0,233.0,10.6,69.35253954751585,0.4863
STN-01,2021-02-26 09:00:00,3.0,476.0,225.0,11.0,62.69203996380548,0.4077
STN-01,2021-02-26 10:00:00,2.3,479.0,221.0,12.2,60.931540380095115,0.4189
STN-01,2021-02-26 11:00:00,2.1,455.0,212.0,15.0,47.57104079638476,0.3461
STN-01,2021-02-26 12:00:00,1.5,366.0,194.0,16.7,41.310541212674394,0.2913
STN-01,2021-02-26 13:00:00,0.8,239.0,162.0,16.6,42.55004162896404,0.3159
STN-01,2021-02-26 14:00:00,1.2,288.0,170.0,16.6,42.38954204525368,0.2766
STN-01,2021-02-26 15:00:00,,253.0,170.0,17.1,40.52904246154332,0.2322
STN-01,2021-02-26 16:00:00,0.8,232.0,155.0,16.8,44.26854287783296,0.2819
STN-01,2021-02-26 17:00:00,1.5,322.0,,14.7,51.3080432941226,0.2934
STN-01,2021-02-26 18:00:00,3.0,,193.0,12.1,61.44754371041224,0.3233
STN-01,2021-02-26 19:00:00,3.3,528.0,190.0,10.2,74.88704412670188,0.4235
STN-01,2021-02-26 20:00:00,3.8,540.0,191.0,8.7,83.02654454299152,0.4627
STN-01,2021-02-26 21:00:00,2.6,,164.0,,78.46604495928116,0.4862
STN-01,2021-02-26 22:00:00,1.9,343.0,137.0,8.9,80.70554537557081,0.5131
STN-01,2021-02-26 23:00:00,1.4,300.0,129.0,8.7,80.64504579186044,0.5277
STN-01,2021-02-27 00:00:00,1.0,349.0,140.0,8.6,77.58454620815009,0.4482
STN-01,2021-02-27 01:00:00,1.4,364.0,123.0,8.2,80.22404662443972,0.4813
STN-01,2021-02-27 02:00:00,2.2,444.0,149.0,8.6,85.76354704072936,0.5609
STN-01,2021-02-27 03:00:00,1.8,387.0,162.0,7.5,87.603047457019,0.5484
STN-01,2021-02-27 04:00:00,1.1,375.0,144.0,6.4,89.24254787330865,0.5186
STN-01,2021-02-27 05:00:00,0.6,378.0,150.0,6.3,91.68204828959828,0.5377
STN-01,2021-02-27 06:00:00,1.0,426.0,165.0,5.7,88.12154870588793,0.4514
STN-01,2021-02-27 07:00:00,1.6,445.0,179.0,7.6,78.96104912217757,0.4301
STN-01,2021-02-27 08:00:00,2.7,574.0,201.0,7.4,78.1005495384672,0.4489
STN-01,2021-02-27 09:00:00,3.7,,225.0,9.2,71.64004995475685,0.4264
STN-01,2021-02-27 10:00:00,3.4,650.0,206.0,11.7,62.17955037104649,0.3911
STN-01,2021-02-27 11:00:00,3.3,654.0,206.0,11.8,60.119050787336135,0.3433
STN-01,2021-02-27 12:00:00,1.7,514.0,163.0,14.0,53.95855120362577,0.3542
STN-01,2021-02-27 13:00:00,1.7,514.0,163.0,14.0,54.09805161991541,0.3542
STN-01,2021-02-27 14:00:00,1.2,449.0,152.0,15.8,49.33755203620505,0.3382
STN-01,2021-02-27 15:00:00,1.4,428.0,141.0,16.0,50.97705245249469,0.3818
STN-01,2021-02-27 16:00:00,0.9,457.0,147.0,15.7,54.416552868784336,0.431
STN-01,2021-02-27 17:00:00,0.8,438.0,143.0,13.9,62.85605328507397,0.4786
STN-01,2021-02-27 18:00:00,2.1,532.0,175.0,12.8,67.59555370136361,0.4913
STN-01,2021-02-27 19:00:00,2.8,596.0,197.0,11.5,64.93505411765325,0.4517
STN-01,2021-02-27 20:00:00,2.6,498.0,200.0,12.2,68.1745545339429,0.5465
STN-01,2021-02-27 21:00:00,2.3,486.0,187.0,12.9,72.41405495023253,0.6221
STN-01,2021-02-27 22:00:00,1.6,366.0,150.0,11.3,80.85355536652217,0.6382
STN-01,2021-02-27 23:00:00,1.7,379.0,145.0,11.8,84.49305578281181,0.6937
STN-01,2021-02-28 00:00:00,2.3,407.0,171.0,12.5,85.23255619910145,0.6976
STN-01,2021-02-28 01:00:00,,332.0,131.0,11.6,86.1720566153911,0.672
STN-01,2021-02-28 02:00:00,1.7,381.0,157.0,10.4,88.31155703168074,0.6429
STN-01,2021-02-28 03:00:00,1.8,419.0,169.0,9.6,91.75105744797037,0.6805
STN-01,2021-02-28 04:00:00,2.0,445.0,152.0,9.5,94.69055786426001,0.72
STN-01,2021-02-28 05:00:00,2.1,411.0,135.0,8.8,92.83005828054965,0.6647
STN-01,2021-02-28 06:00:00,2.2,425.0,160.0,8.3,97.4695586968393,0.7209
STN-01,2021-02-28 07:00:00,3.0,479.0,175.0,7.2,96.80905911312894,0.686
STN-01,2021-02-28 08:00:00,4.4,645.0,209.0,9.5,88.44855952941857,0.7297
STN-01,2021-02-28 09:00:00,4.1,757.0,236.0,10.7,86.08805994570822,0.6923
STN-01,2021-02-28 10:00:00,3.2,698.0,235.0,12.6,78.32756036199785,0.6526
STN-01,2021-02-28 11:00:00,2.5,605.0,228.0,13.7,76.5670607782875,0.631
STN-01,2021-02-28 12:00:00,2.1,527.0,219.0,14.2,74.40656119457714,0.6088
STN-01,2021-02-28 13:00:00,2.0,456.0,214.0,15.9,,0.6527
STN-01,2021-02-28 14:00:00,0.5,333.0,,15.5,66.88556202715642,0.5613
STN-01,2021-02-28 15:00:00,1.4,423.0,207.0,16.2,65.92506244344605,0.5554
STN-01,2021-02-28 16:00:00,1.2,418.0,201.0,17.1,72.6645628597357,0.6748
STN-01,2021-02-28 17:00:00,1.0,397.0,202.0,15.8,69.30406327602535,0.6016
STN-01,2021-02-28 18:00:00,2.3,448.0,217.0,14.8,83.44356369231498,0.745
STN-01,2021-02-28 19:00:00,3.2,590.0,224.0,12.1,85.78306410860462,0.7473
STN-01,2021-02-28 20:00:00,3.2,553.0,241.0,11.0,86.82256452489426,0.7328
STN-01,2021-02-28 21:00:00,1.8,384.0,219.0,9.9,90.2620649411839,0.7579
STN-01,2021-02-28 22:00:00,0.8,370.0,199.0,7.4,91.70156535747354,0.6779
STN-01,2021-02-28 23:00:00,0.6,262.0,188.0,8.1,86.64106577376317,0.6618
STN-01,2021-03-01 00:00:00,0.05,165.0,130.0,13.6,85.68056619005282,0.8599
STN-01,2021-03-01 01:00:00,0.05,35.0,75.0,12.3,91.32006660634246,0.876
STN-01,2021-03-01 02:00:00,0.05,103.0,72.0,10.8,95.2595670226321,0.853
STN-01,2021-03-01 03:00:00,0.05,77.0,69.0,11.2,99.0,0.9216
STN-01,2021-03-01 04:00:00,0.05,38.0,52.0,11.4,98.73856785521139,0.9007
STN-01,2021-03-01 05:00:00,0.05,173.0,89.0,10.0,99.0,
STN-01,2021-03-01 06:00:00,0.05,191.0,92.0,10.5,96.61756868779065,0.8718
STN-01,2021-03-01 07:00:00,0.05,226.0,107.0,10.5,93.35706910408031,0.8588
STN-01,2021-03-01 08:00:00,0.7,321.0,135.0,10.6,89.79656952036996,0.8853
STN-01,2021-03-01 09:00:00,1.2,384.0,169.0,13.0,81.83606993665958,0.8762
STN-01,2021-03-01 10:00:00,1.2,454.0,175.0,15.1,73.57557035294923,0.8445
STN-01,2021-03-01 11:00:00,1.9,474.0,202.0,18.0,64.41507076923887,0.8353
STN-01,2021-03-01 12:00:00,3.0,571.0,213.0,18.0,65.8545711855285,0.8312
STN-01,2021-03-01 13:00:00,3.0,562.0,202.0,17.3,64.39407160181815,0.7851
STN-01,2021-03-01 14:00:00,2.9,488.0,187.0,18.3,65.13357201810778,0.772
STN-01,2021-03-01 15:00:00,2.4,537.0,196.0,19.1,63.97307243439743,0.7806
STN-01,2021-03-01 16:00:00,2.9,565.0,210.0,19.8,66.71257285068707,0.8604
STN-01,2021-03-01 17:00:00,4.2,697.0,237.0,18.5,68.65207326697671,0.8764
STN-01,2021-03-01 18:00:00,3.8,561.0,224.0,16.6,70.59157368326635,0.8196
STN-01,2021-03-01 19:00:00,3.8,533.0,223.0,16.6,73.63107409955599,0.8564
STN-01,2021-03-01 20:00:00,,522.0,216.0,14.8,75.17057451584563,0.8516
STN-01,2021-03-01 21:00:00,,494.0,220.0,14.7,80.11007493213526,0.8861
STN-01,2021-03-01 22:00:00,2.2,465.0,194.0,13.0,82.54957534842491,0.8338
STN-01,2021-03-01 23:00:00,1.4,303.0,150.0,12.8,88.18907576471454,0.908
STN-01,2021-03-02 00:00:00,1.2,311.0,136.0,13.2,88.0285761810042,0.9431
STN-01,2021-03-02 01:00:00,1.3,273.0,,13.7,89.56807659729384,0.9696
STN-01,2021-03-02 02:00:00,0.7,204.0,109.0,14.2,93.50757701358347,1.0412
STN-01,2021-03-02 03:00:00,,,125.0,13.4,93.24707742987312,0.9946
STN-01,2021-03-02 04:00:00,0.2,250.0,86.0,12.4,95.38657784616275,0.9411
STN-01,2021-03-02 05:00:00,0.05,145.0,74.0,11.3,95.22607826245239,0.9098
STN-01,2021-03-02 06:00:00,1.4,260.0,99.0,11.6,98.56557867874204,0.891
STN-01,2021-03-02 07:00:00,1.7,278.0,111.0,12.3,96.90507909503168,0.9213
STN-01,2021-03-02 08:00:00,1.9,287.0,115.0,13.3,95.34457951132131,0.9299
STN-01,2021-03-02 09:00:00,2.3,350.0,138.0,15.9,85.98407992761096,0.9378
STN-01,2021-03-02 10:00:00,1.9,349.0,,17.4,79.6235803439006,0.8918
STN-01,2021-03-02 11:00:00,1.5,191.0,150.0,20.7,75.26308076019023,0.8694
STN-01,2021-03-02 12:00:00,1.8,138.0,139.0,23.1,72.80258117647988,0.9076
STN-01,2021-03-02 13:00:00,1.5,136.0,135.0,21.7,72.64208159276951,0.8314
STN-01,2021-03-02 14:00:00,0.6,106.0,124.0,21.6,77.28158200905915,0.8459
STN-01,2021-03-02 15:00:00,0.8,177.0,153.0,22.4,73.4210824253488,0.8137
STN-01,2021-03-02 16:00:00,1.0,176.0,145.0,22.6,71.06058284163844,0.7773
STN-01,2021-03-02 17:00:00,1.1,167.0,140.0,20.6,76.20008325792807,0.7923
STN-01,2021-03-02 18:00:00,1.7,257.0,182.0,18.3,75.63958367421772,0.7504
STN-01,2021-03-02 19:00:00,1.5,273.0,190.0,15.2,81.07908409050737,0.7147
STN-01,2021-03-02 20:00:00,2.2,282.0,189.0,15.9,78.918584506797,0.7523
STN-01,2021-03-02 21:00:00,2.4,273.0,178.0,14.8,88.05808492308664,0.8232
STN-01,2021-03-02 22:00:00,1.3,126.0,144.0,13.3,90.59758533937628,0.8125
STN-01,2021-03-02 23:00:00,1.3,71.0,123.0,14.7,94.43708575566592,0.8725
STN-01,2021-03-03 00:00:00,1.5,96.0,139.0,17.7,89.77658617195556,0.9155
STN-01,2021-03-03 01:00:00,0.6,77.0,113.0,17.9,90.2160865882452,0.9416
STN-01,2021-03-03 02:00:00,0.6,101.0,,18.2,90.45558700453483,0.932
STN-01,2021-03-03 03:00:00,0.3,95.0,106.0,17.8,93.69508742082449,0.962
STN-01,2021-03-03 04:00:00,0.05,1.0,70.0,17.6,89.53458783711412,0.9291
STN-01,2021-03-03 05:00:00,0.05,1.0,68.0,17.0,86.77408825340376,0.8486
STN-01,2021-03-03 06:00:00,0.05,81.0,77.0,15.1,86.91358866969341,0.7885
STN-01,2021-03-03 07:00:00,1.2,227.0,114.0,15.5,89.35308908598304,0.8301
STN-01,2021-03-03 08:00:00,1.9,288.0,131.0,17.0,87.89258950227268,0.853
STN-01,2021-03-03 09:00:00,2.1,342.0,153.0,17.8,79.03208991856232,0.7895
STN-01,2021-03-03 10:00:00,2.1,387.0,172.0,21.7,69.07159033485196,0.7578
STN-01,2021-03-03 11:00:00,,372.0,173.0,23.8,61.1110907511416,0.7112
STN-01,2021-03-03 12:00:00,1.2,233.0,152.0,25.2,60.750591167431246,0.7221
STN-01,2021-03-03 13:00:00,1.0,148.0,124.0,24.7,61.090091583720884,0.6755
STN-01,2021-03-03 14:00:00,0.7,139.0,116.0,23.7,61.029592000010524,0.6468
STN-01,2021-03-03 15:00:00,1.5,228.0,137.0,26.0,59.96909241630017,0.6967
STN-01,2021-03-03 16:00:00,1.5,220.0,139.0,25.4,65.1085928325898,0.7698
STN-01,2021-03-03 17:00:00,2.6,269.0,161.0,24.5,71.44809324887945,0.8124
STN-01,2021-03-03 18:00:00,3.5,304.0,178.0,,78.28759366516908,0.8726
STN-01,2021-03-03 19:00:00,4.3,420.0,202.0,21.1,87.52709408145873,0.8999
STN-01,2021-03-03 20:00:00,3.8,366.0,187.0,19.2,90.66659449774838,0.8833
STN-01,2021-03-03 21:00:00,3.4,398.0,185.0,19.3,87.80609491403801,0.835
STN-01,2021-03-03 22:00:00,2.5,291.0,170.0,19.2,88.64559533032765,0.8396
STN-01,2021-03-03 23:00:00,1.8,136.0,143.0,18.3,91.98509574661729,0.8473
STN-01,2021-03-04 00:00:00,1.5,105.0,128.0,16.8,95.02459616290693,0.8245
STN-01,2021-03-04 01:00:00,,104.0,122.0,18.2,93.16409657919657,
STN-01,2021-03-04 02:00:00,1.9,132.0,123.0,17.1,92.3035969954862,0.824
STN-01,2021-03-04 03:00:00,1.4,159.0,151.0,15.2,90.20359699548621,0.7417
STN-01,2021-03-04 04:00:00,1.6,200.0,132.0,15.8,91.3035969954862,0.7705
STN-01,2021-03-04 05:00:00,1.0,149.0,122.0,16.3,89.60359699548621,0.7385
STN-01,2021-03-04 06:00:00,1.0,203.0,127.0,14.9,94.60359699548621,0.7339
STN-01,2021-03-04 07:00:00,2.7,,155.0,14.7,96.60359699548621,0.7369
STN-01,2021-03-04 08:00:00,3.0,506.0,172.0,14.0,92.70359699548621,0.6856
STN-01,2021-03-04 09:00:00,3.7,540.0,182.0,16.1,87.10359699548621,0.6936
STN-01,2021-03-04 10:00:00,3.1,,185.0,18.3,86.10359699548621,0.7472
STN-01,2021-03-04 11:00:00,2.9,463.0,194.0,21.8,74.10359699548621,0.6961
STN-01,2021-03-04 12:00:00,2.9,420.0,190.0,23.3,75.10359699548621,0.7324
STN-01,2021-03-04 13:00:00,3.1,,190.0,24.2,73.50359699548622,0.7307
STN-01,2021-03-04 14:00:00,2.2,306.0,164.0,24.4,,0.7114
STN-01,2021-03-04 15:00:00,2.3,383.0,170.0,23.8,71.50359699548622,0.6709
STN-01,2021-03-04 16:00:00,3.1,482.0,206.0,22.3,73.60359699548621,0.6582
STN-01,2021-03-04 17:00:00,3.1,482.0,204.0,20.7,78.00359699548622,0.6955
STN-01,2021-03-04 18:00:00,3.4,516.0,213.0,19.6,82.20359699548621,0.7541
STN-01,2021-03-04 19:00:00,4.0,554.0,,17.7,88.90359699548621,0.8048
STN-01,2021-03-04 20:00:00,3.8,531.0,206.0,16.5,88.3035969954862,0.7436
STN-01,2021-03-04 21:00:00,3.1,620.0,215.0,16.2,94.20359699548621,0.7969
STN-01,2021-03-04 22:00:00,1.7,496.0,193.0,15.9,97.8035969954862,0.8407
STN-01,2021-03-04 23:00:00,2.3,568.0,197.0,14.9,99.0,0.8419
STN-01,2021-03-05 00:00:00,2.6,637.0,209.0,15.6,99.0,0.9191
STN-01,2021-03-05 01:00:00,2.3,543.0,182.0,13.2,99.0,0.8989
STN-01,2021-03-05 02:00:00,1.1,397.0,140.0,14.1,99.0,0.9038
STN-01,2021-03-05 03:00:00,0.9,449.0,149.0,15.4,99.0,0.9425
STN-01,2021-03-05 04:00:00,0.7,451.0,137.0,14.5,99.0,0.903
STN-01,2021-03-05 05:00:00,1.2,465.0,159.0,13.7,99.0,0.9159
STN-01,2021-03-05 06:00:00,1.3,500.0,173.0,12.8,99.0,0.9363
STN-01,2021-03-05 07:00:00,1.8,497.0,175.0,13.2,99.0,0.9006
STN-01,2021-03-05 08:00:00,2.9,593.0,208.0,13.3,99.0,0.8833
STN-01,2021-03-05 09:00:00,2.4,657.0,226.0,16.0,99.0,0.867
STN-01,2021-03-05 10:00:00,1.6,595.0,211.0,18.0,93.40359699548621,0.8592
STN-01,2021-03-05 11:00:00,2.5,683.0,229.0,17.7,88.60359699548621,0.8044
STN-01,2021-03-05 12:00:00,2.7,600.0,195.0,20.1,81.20359699548621,0.7979
STN-01,2021-03-05 13:00:00,2.5,490.0,167.0,21.6,76.8035969954862,0.7849
STN-01,2021-03-05 14:00:00,1.7,437.0,170.0,22.1,74.3035969954862,0.7513
STN-01,2021-03-05 15:00:00,1.3,290.0,150.0,24.3,76.20359699548621,0.8532
STN-01,2021-03-05 16:00:00,1.2,282.0,161.0,,76.8035969954862,0.8517
STN-01,2021-03-05 17:00:00,2.3,349.0,193.0,23.9,72.90359699548621,0.8508
STN-01,2021-03-05 18:00:00,3.6,410.0,201.0,22.5,78.50359699548622,0.9104
STN-01,2021-03-05 19:00:00,3.4,283.0,170.0,22.0,78.40359699548621,0.8917
STN-01,2021-03-05 20:00:00,3.3,280.0,166.0,23.5,77.90359699548621,0.9618
STN-01,2021-03-05 21:00:00,2.6,222.0,158.0,22.2,81.00359699548622,0.9519
STN-01,2021-03-05 22:00:00,2.4,199.0,160.0,20.7,90.10359699548621,1.0367
STN-01,2021-03-05 23:00:00,1.5,108.0,124.0,20.4,92.70359699548621,1.0645
STN-01,2021-03-06 00:00:00,,136.0,112.0,20.2,99.0,1.1675
STN-01,2021-03-06 01:00:00,1.3,112.0,111.0,18.2,97.8035969954862,1.0418
STN-01,2021-03-06 02:00:00,0.7,43.0,95.0,18.0,99.0,1.0914
STN-01,2021-03-06 03:00:00,1.1,148.0,119.0,15.8,99.0,1.0304
STN-01,2021-03-06 04:00:00,0.8,197.0,111.0,13.8,99.0,0.9952
STN-01,2021-03-06 05:00:00,0.1,242.0,114.0,11.7,99.0,
STN-01,2021-03-06 06:00:00,0.7,273.0,135.0,11.7,99.0,0.9898
STN-01,2021-03-06 07:00:00,2.4,427.0,175.0,9.9,99.0,0.9388
STN-01,2021-03-06 08:00:00,4.5,598.0,203.0,11.1,99.0,1.0157
STN-01,2021-03-06 09:00:00,4.6,581.0,203.0,13.3,99.0,1.0252
STN-01,2021-03-06 10:00:00,3.9,562.0,204.0,14.8,99.0,1.0477
STN-01,2021-03-06 11:00:00,4.1,627.0,221.0,17.2,99.0,1.0472
STN-01,2021-03-06 12:00:00,3.4,533.0,207.0,18.0,96.20359699548621,0.9296
STN-01,2021-03-06 13:00:00,3.1,437.0,184.0,17.9,95.3035969954862,0.9197
STN-01,2021-03-06 14:00:00,3.3,461.0,168.0,18.9,99.0,1.081
STN-01,2021-03-06 15:00:00,3.3,446.0,147.0,18.8,99.0,1.0584
STN-01,2021-03-06 16:00:00,3.5,472.0,151.0,20.5,99.0,1.1223
STN-01,2021-03-06 17:00:00,3.4,426.0,169.0,20.3,99.0,1.127
STN-01,2021-03-06 18:00:00,3.2,375.0,170.0,18.7,99.0,1.1563
STN-01,2021-03-06 19:00:00,3.5,353.0,155.0,17.9,99.0,1.1585
STN-01,2021-03-06 20:00:00,3.0,313.0,160.0,16.2,99.0,1.0768
STN-01,2021-03-06 21:00:00,1.9,257.0,164.0,14.5,99.0,1.1345
STN-01,2021-03-06 22:00:00,0.9,179.0,144.0,13.9,99.0,1.0693
STN-01,2021-03-06 23:00:00,0.6,156.0,129.0,14.2,99.0,1.0283
STN-01,2021-03-07 00:00:00,0.6,179.0,142.0,14.4,99.0,1.0621
STN-01,2021-03-07 01:00:00,0.5,162.0,136.0,14.9,99.0,1.1535
STN-01,2021-03-07 02:00:00,0.1,106.0,98.0,14.3,99.0,1.1473
STN-01,2021-03-07 03:00:00,0.05,27.0,87.0,13.6,99.0,1.0982
STN-01,2021-03-07 04:00:00,0.05,1.0,45.0,13.0,99.0,1.089
STN-01,2021-03-07 05:00:00,0.05,1.0,44.0,13.6,99.0,1.1037
STN-01,2021-03-07 06:00:00,0.05,1.0,44.0,12.0,99.0,1.0103
STN-01,2021-03-07 07:00:00,0.1,51.0,84.0,13.0,62.28912980199056,1.011
STN-01,2021-03-07 08:00:00,1.3,202.0,102.0,13.2,99.0,0.9925
STN-01,2021-03-07 09:00:00,2.3,285.0,135.0,15.2,99.0,1.008
STN-01,2021-03-07 10:00:00,1.8,271.0,145.0,17.5,95.8035969954862,1.0381
STN-01,2021-03-07 11:00:00,2.3,329.0,170.0,18.9,96.20359699548621,1.058
STN-01,2021-03-07 12:00:00,1.6,217.0,150.0,18.6,92.90359699548621,1.0054
STN-01,2021-03-07 13:00:00,2.2,279.0,162.0,19.3,89.40359699548621,0.9657
STN-01,2021-03-07 14:00:00,2.0,302.0,167.0,20.6,90.40359699548621,1.028
STN-01,2021-03-07 15:00:00,2.8,361.0,174.0,21.8,91.10359699548621,1.0584
STN-01,2021-03-07 16:00:00,3.6,470.0,180.0,23.1,91.60359699548621,1.1272
STN-01,2021-03-07 17:00:00,3.1,391.0,169.0,22.5,87.90359699548621,1.0761
STN-01,2021-03-07 18:00:00,4.5,564.0,201.0,21.9,89.60359699548621,1.1006
STN-01,2021-03-07 19:00:00,4.9,559.0,202.0,20.7,92.20359699548621,1.1214
STN-01,2021-03-07 20:00:00,4.8,566.0,194.0,18.7,99.0,1.1755
STN-01,2021-03-07 21:00:00,4.3,514.0,199.0,18.6,99.0,1.2546
STN-01,2021-03-07 22:00:00,3.4,517.0,190.0,16.9,99.0,1.1895
STN-01,2021-03-07 23:00:00,2.5,345.0,175.0,15.4,99.0,1.1094
STN-01,2021-03-08 00:00:00,1.5,242.0,152.0,15.0,95.20359699548621,1.0791
STN-01,2021-03-08 01:00:00,1.6,292.0,150.0,14.0,98.90359699548623,1.0586
STN-01,2021-03-08 02:00:00,1.4,294.0,141.0,13.1,99.0,1.0438
STN-01,2021-03-08 03:00:00,0.6,206.0,121.0,13.0,99.0,1.0588
STN-01,2021-03-08 04:00:00,0.1,131.0,100.0,13.9,98.50359699548622,1.0579
STN-01,2021-03-08 05:00:00,0.8,203.0,139.0,12.7,99.0,1.0579
STN-01,2021-03-08 06:00:00,0.2,225.0,153.0,12.0,99.0,1.0157
STN-01,2021-03-08 07:00:00,2.0,341.0,198.0,11.1,98.20359699548621,0.9532
STN-01,2021-03-08 08:00:00,2.3,413.0,210.0,12.4,90.70359699548621,0.8998
STN-01,2021-03-08 09:00:00,3.1,528.0,230.0,14.9,82.8035969954862,0.8827
STN-01,2021-03-08 10:00:00,2.9,440.0,222.0,18.2,81.20359699548621,0.9453
STN-01,2021-03-08 11:00:00,2.0,376.0,187.0,19.9,77.50359699548622,0.9145
STN-01,2021-03-08 12:00:00,1.9,358.0,186.0,19.1,77.10359699548621,0.8593
STN-01,2021-03-08 13:00:00,1.9,341.0,162.0,18.5,83.90359699548621,0.8784
STN-01,2021-03-08 14:00:00,2.2,349.0,167.0,20.4,79.8035969954862,0.8874
STN-01,2021-03-08 15:00:00,2.2,339.0,159.0,20.1,86.50359699548622,0.9333
STN-01,2021-03-08 16:00:00,2.8,365.0,170.0,20.1,84.00359699548622,0.932
STN-01,2021-03-08 17:00:00,4.1,900.0,176.0,20.6,83.00359699548622,0.9209
STN-01,2021-03-08 18:00:00,4.7,490.0,203.0,19.4,86.50359699548622,0.9721
STN-01,2021-03-08 19:00:00,5.0,480.0,205.0,19.0,84.90359699548621,0.9473
STN-01,2021-03-08 20:00:00,4.2,507.0,217.0,18.5,83.50359699548622,0.9679
STN-01,2021-03-08 21:00:00,3.4,480.0,196.0,18.8,85.90359699548621,1.0109
STN-01,2021-03-08 22:00:00,2.8,365.0,165.0,17.1,87.10359699548621,0.9722
STN-01,2021-03-08 23:00:00,2.7,350.0,150.0,15.9,91.00359699548622,0.9693
STN-01,2021-03-09 00:00:00,2.3,267.5203235744046,136.0,14.4,90.50359699548622,0.9455
STN-01,2021-03-09 01:00:00,1.2,219.63364995380974,120.0,12.6,94.00359699548622,0.9377
STN-01,2021-03-09 02:00:00,0.05,764.7606136772297,66.0,13.3,92.10359699548621,0.9705
STN-01,2021-03-09 03:00:00,,462.9383212217237,103.0,12.3,96.20359699548621,0.9493
STN-01,2021-03-09 04:00:00,0.1,159.0,83.0,12.8,93.20359699548621,0.9369
STN-01,2021-03-09 05:00:00,0.2,159.0,87.0,13.4,92.70359699548621,0.9412
STN-01,2021-03-09 06:00:00,1.7,374.0,124.0,12.9,90.10359699548621,0.9036
STN-01,2021-03-09 07:00:00,3.0,451.0,141.0,14.3,87.10359699548621,0.9153
STN-01,2021-03-09 08:00:00,4.5,684.0,189.0,16.1,86.40359699548621,0.9686
STN-01,2021-03-09 09:00:00,5.2,670.0,187.0,17.6,82.3035969954862,0.9658
STN-01,2021-03-09 10:00:00,4.1,618.0,171.0,20.0,82.8035969954862,0.9996
STN-01,2021-03-09 11:00:00,3.3,574.0,172.0,21.5,75.70359699548621,0.9087
STN-01,2021-03-09 12:00:00,2.7,478.0,157.0,20.7,78.50359699548622,0.8983
STN-01,2021-03-09 13:00:00,2.4,410.0,139.0,19.9,80.50359699548622,0.8579
STN-01,2021-03-09 14:00:00,3.0,447.0,162.0,20.1,75.60359699548621,0.803
STN-01,2021-03-09 15:00:00,2.2,327.0,138.0,22.3,69.10359699548621,0.771
STN-01,2021-03-09 16:00:00,2.4,400.0,148.0,21.7,70.50359699548622,
STN-01,2021-03-09 17:00:00,1.4,300.0,149.0,20.6,65.50359699548622,0.6637
STN-01,2021-03-09 18:00:00,3.1,430.0,167.0,18.8,67.70359699548621,0.6396
STN-01,2021-03-09 19:00:00,3.5,354.0,165.0,17.6,69.10359699548621,0.6611
STN-01,2021-03-09 20:00:00,3.4,304.0,157.0,17.1,72.60359699548621,0.713
STN-01,2021-03-09 21:00:00,3.0,311.0,175.0,14.6,73.00359699548622,0.5975
STN-01,2021-03-09 22:00:00,2.4,279.0,158.0,12.3,72.20359699548621,0.5154
STN-01,2021-03-09 23:00:00,2.4,280.0,155.0,11.4,77.70359699548621,0.543
STN-01,2021-03-10 00:00:00,2.2,221.0,133.0,10.7,78.70359699548621,0.5294
STN-01,2021-03-10 01:00:00,1.9,158.0,119.0,10.7,77.90359699548621,0.5161
STN-01,2021-03-10 02:00:00,1.0,100.0,99.0,10.4,76.10359699548621,0.4876
STN-01,2021-03-10 03:00:00,0.7,43.0,102.0,8.9,84.90359699548621,0.5476
STN-01,2021-03-10 04:00:00,0.7,92.0,94.0,8.7,87.3035969954862,0.5544
STN-01,2021-03-10 05:00:00,0.05,1.0,50.0,9.1,87.3035969954862,0.5703
STN-01,2021-03-10 06:00:00,0.3,95.0,77.0,10.2,85.10359699548621,0.5618
STN-01,2021-03-10 07:00:00,0.6,163.0,78.0,9.3,84.70359699548621,0.4944
STN-01,2021-03-10 08:00:00,1.6,252.0,92.0,11.1,79.8035969954862,0.5085
STN-01,2021-03-10 09:00:00,2.6,325.0,118.0,13.8,73.60359699548621,0.5508
STN-01,2021-03-10 10:00:00,1.3,269.0,111.0,16.3,63.103596995486214,0.4895
STN-01,2021-03-10 11:00:00,1.2,316.0,115.0,18.5,60.70359699548621,0.5161
STN-01,2021-03-10 12:00:00,0.6,138.0,86.0,20.0,54.20359699548621,0.4704
STN-01,2021-03-10 13:00:00,1.3,246.0,97.0,19.5,57.103596995486214,0.451
STN-01,2021-03-10 14:00:00,1.7,255.0,122.0,19.6,58.30359699548622,0.4375
STN-01,2021-03-10 15:00:00,2.2,322.0,140.0,20.7,52.80359699548622,0.4063
STN-01,2021-03-10 16:00:00,1.9,269.0,123.0,20.1,56.30359699548622,0.4159
STN-01,2021-03-10 17:00:00,,240.0,,19.9,53.103596995486214,0.3717
STN-01,2021-03-10 18:00:00,1.4,237.0,136.0,,58.103596995486214,0.3516
STN-01,2021-03-10 19:00:00,2.5,335.0,166.0,15.7,61.103596995486214,0.3779
STN-01,2021-03-10 20:00:00,2.3,325.0,170.0,14.6,66.00359699548622,0.4361
STN-01,2021-03-10 21:00:00,2.2,308.0,176.0,12.8,68.50359699548622,0.4579
STN-01,2021-03-10 22:00:00,1.6,296.0,160.0,11.5,77.10359699548621,0.4951
STN-01,2021-03-10 23:00:00,1.4,258.0,143.0,12.0,73.10359699548621,0.4848
STN-01,2021-03-11 00:00:00,1.0,217.0,114.0,12.8,74.60359699548621,0.5346
STN-01,2021-03-11 01:00:00,0.5,179.0,111.0,13.1,73.40359699548621,
STN-01,2021-03-11 02:00:00,0.05,112.0,105.0,11.4,78.50359699548622,0.5145
STN-01,2021-03-11 03:00:00,0.05,99.0,103.0,10.4,84.8035969954862,
STN-01,2021-03-11 04:00:00,0.05,42.0,75.0,9.1,83.20359699548621,0.4704
STN-01,2021-03-11 05:00:00,0.05,10.0,86.0,8.9,79.8035969954862,0.4164
STN-01,2021-03-11 06:00:00,0.4,48.0,107.0,8.2,84.8035969954862,0.4586
STN-01,2021-03-11 07:00:00,0.6,33.0,104.0,10.7,76.90359699548621,0.4751
STN-01,2021-03-11 08:00:00,0.3,26.0,113.0,11.4,72.00359699548622,0.4422
STN-01,2021-03-11 09:00:00,0.7,93.0,119.0,13.2,67.90359699548621,0.4656
STN-01,2021-03-11 10:00:00,1.6,204.0,154.0,15.8,62.70359699548621,0.4519
STN-01,2021-03-11 11:00:00,1.4,171.0,136.0,20.1,56.20359699548621,0.5112
STN-01,2021-03-11 12:00:00,1.2,144.0,128.0,22.1,54.70359699548621,0.5436
STN-01,2021-03-11 13:00:00,1.3,156.0,121.0,22.4,52.30359699548622,0.4969
STN-01,2021-03-11 14:00:00,1.8,136.0,110.0,23.3,55.40359699548621,0.543
STN-01,2021-03-11 15:00:00,0.7,35.0,84.0,22.2,57.90359699548621,0.5303
STN-01,2021-03-11 16:00:00,1.5,166.0,110.0,23.7,56.90359699548621,0.5691
STN-01,2021-03-11 17:00:00,1.8,168.0,110.0,23.4,57.103596995486214,0.5858
STN-01,2021-03-11 18:00:00,2.3,223.0,134.0,20.6,64.50359699548622,0.6094
STN-01,2021-03-11 19:00:00,2.7,260.0,139.0,20.0,72.3035969954862,0.6706
STN-01,2021-03-11 20:00:00,2.3,284.0,146.0,18.9,75.20359699548621,0.6425
STN-01,2021-03-11 21:00:00,2.0,168.0,128.0,20.3,75.50359699548622,0.7247
STN-01,2021-03-11 22:00:00,1.5,164.0,124.0,19.8,75.10359699548621,0.7092
STN-01,2021-03-11 23:00:00,1.7,174.0,115.0,19.3,78.40359699548621,0.7747
STN-01,2021-03-12 00:00:00,2.6,224.0,118.0,17.8,85.20359699548621,0.7821
STN-01,2021-03-12 01:00:00,2.2,268.0,133.0,17.8,,0.7886
STN-01,2021-03-12 02:00:00,1.8,295.0,120.0,17.2,92.20359699548621,0.8171
STN-01,2021-03-12 03:00:00,1.5,260.0,132.0,15.8,95.10359699548621,0.8014
STN-01,2021-03-12 04:00:00,0.3,130.0,89.0,16.3,94.40359699548621,0.8064
STN-01,2021-03-12 05:00:00,0.2,127.0,96.0,16.0,99.0,0.8465
STN-01,2021-03-12 06:00:00,0.9,258.0,109.0,15.7,99.0,0.8797
STN-01,2021-03-12 07:00:00,2.3,432.0,146.0,15.5,99.0,0.9161
STN-01,2021-03-12 08:00:00,2.2,465.0,174.0,15.6,99.0,0.8795
STN-01,2021-03-12 09:00:00,,499.0,176.0,16.5,99.0,0.901
STN-01,2021-03-12 10:00:00,1.7,,160.0,18.5,97.70359699548621,0.9267
STN-01,2021-03-12 11:00:00,1.8,307.0,174.0,21.3,92.70359699548621,0.9229
STN-01,2021-03-12 12:00:00,1.8,263.0,178.0,22.8,90.20359699548621,0.935
STN-01,2021-03-12 13:00:00,2.1,282.0,179.0,25.7,85.3035969954862,0.978
STN-01,2021-03-12 14:00:00,2.2,268.0,175.0,25.0,87.3035969954862,0.9858
STN-01,2021-03-12 15:00:00,2.7,355.0,175.0,25.6,,0.8899
STN-01,2021-03-12 16:00:00,2.2,294.0,166.0,24.5,83.10359699548621,0.8897
STN-01,2021-03-12 17:00:00,2.2,265.0,163.0,25.7,77.50359699548622,0.9094
STN-01,2021-03-12 18:00:00,3.1,371.0,188.0,23.5,82.00359699548622,0.9102
STN-01,2021-03-12 19:00:00,3.3,358.0,184.0,19.9,89.20359699548621,0.8858
STN-01,2021-03-12 20:00:00,2.6,342.0,182.0,18.3,96.50359699548622,0.9477
STN-01,2021-03-12 21:00:00,2.6,412.0,172.0,15.2,99.0,0.951
STN-01,2021-03-12 22:00:00,1.3,294.0,137.0,15.1,99.0,0.9639
STN-01,2021-03-12 23:00:00,2.8,409.0,157.0,15.5,99.0,1.0672
STN-01,2021-03-13 00:00:00,2.0,341.0,116.0,15.9,99.0,1.0742
STN-01,2021-03-13 01:00:00,1.3,201.0,83.0,16.0,99.0,1.0764
STN-01,2021-03-13 02:00:00,0.8,158.0,75.0,16.2,99.0,1.121
STN-01,2021-03-13 03:00:00,0.7,205.0,83.0,14.9,99.0,1.1467
STN-01,2021-03-13 04:00:00,0.4,141.0,71.0,13.9,99.0,1.1367
STN-01,2021-03-13 05:00:00,,155.0,69.0,13.2,99.0,1.1036
STN-01,2021-03-13 06:00:00,0.7,207.0,101.0,12.1,99.0,1.0263
STN-01,2021-03-13 07:00:00,0.7,184.0,121.0,11.6,99.0,0.9428
STN-01,2021-03-13 08:00:00,3.0,410.0,160.0,14.1,99.0,0.9986
STN-01,2021-03-13 09:00:00,2.9,358.0,142.0,16.1,99.0,1.0552
STN-01,2021-03-13 10:00:00,2.2,336.0,149.0,18.4,99.0,1.0664
STN-01,2021-03-13 11:00:00,2.3,326.0,155.0,21.3,89.60359699548621,1.027
STN-01,2021-03-13 12:00:00,2.6,287.0,136.0,22.7,92.10359699548621,1.0843
STN-01,2021-03-13 13:00:00,2.9,298.0,,22.5,83.50359699548622,0.9533
STN-01,2021-03-13 14:00:00,2.3,222.0,128.0,,80.70359699548621,0.8941
STN-01,2021-03-13 15:00:00,2.2,232.0,110.0,23.8,81.90359699548621,0.976
STN-01,2021-03-13 16:00:00,1.9,251.0,,23.7,85.00359699548622,1.0163
STN-01,2021-03-13 17:00:00,2.8,305.0,120.0,22.0,82.90359699548621,0.9406
STN-01,2021-03-13 18:00:00,3.2,390.0,154.0,21.0,87.3035969954862,1.0053
STN-01,2021-03-13 19:00:00,2.8,405.0,153.0,20.0,88.20359699548621,1.0262
STN-01,2021-03-13 20:00:00,2.7,446.0,162.0,18.6,90.20359699548621,1.0368
STN-01,2021-03-13 21:00:00,2.1,459.0,156.0,18.5,96.20359699548621,1.1046
STN-01,2021-03-13 22:00:00,1.4,407.0,154.0,19.4,63.7,1.1423
STN-01,2021-03-13 23:00:00,0.7,343.0,141.0,17.0,68.8,1.1079
STN-01,2021-03-14 00:00:00,0.7,324.0,134.0,16.0,68.2,1.1136
STN-01,2021-03-14 01:00:00,0.9,269.0,123.0,15.6,,1.138
STN-01,2021-03-14 02:00:00,1.4,323.0,130.0,15.0,76.5,1.1568
STN-01,2021-03-14 03:00:00,1.2,304.0,136.0,13.9,79.4,1.1571
STN-01,2021-03-14 04:00:00,1.3,267.0,111.0,15.0,76.2,1.1642
STN-01,2021-03-14 05:00:00,0.9,192.0,83.0,15.0,77.5,1.1836
STN-01,2021-03-14 06:00:00,0.0,162.0,82.0,14.9,72.7,1.1116
STN-01,2021-03-14 07:00:00,1.2,322.0,126.0,13.2,81.9,1.1712
STN-01,2021-03-14 08:00:00,2.7,495.0,155.0,13.7,74.5,1.0927
STN-01,2021-03-14 09:00:00,2.9,501.0,153.0,16.6,68.0,1.1483
STN-01,2021-03-14 10:00:00,1.9,441.0,158.0,18.2,58.3,1.0931
STN-01,2021-03-14 11:00:00,2.1,466.0,163.0,21.0,50.0,1.0799
STN-01,2021-03-14 12:00:00,2.1,,180.0,22.3,42.5,1.0222
STN-01,2021-03-14 13:00:00,2.8,496.0,175.0,23.0,42.4,1.0314
STN-01,2021-03-14 14:00:00,2.0,400.0,162.0,23.0,43.8,1.0357
STN-01,2021-03-14 15:00:00,1.8,318.0,143.0,22.6,37.0,0.9446
STN-01,2021-03-14 16:00:00,2.0,394.0,,22.8,36.0,0.9332
STN-01,2021-03-14 17:00:00,1.3,245.0,129.0,22.3,39.8,0.9946
STN-01,2021-03-14 18:00:00,2.3,270.0,148.0,20.1,-22.373890803650276,1.066
STN-01,2021-03-14 19:00:00,2.8,312.0,168.0,18.0,50.6,1.0596
STN-01,2021-03-14 20:00:00,2.0,283.0,152.0,17.6,52.4,1.0672
STN-01,2021-03-14 21:00:00,2.0,335.0,139.0,17.9,55.0,1.0635
STN-01,2021-03-14 22:00:00,0.8,,93.0,17.7,58.6,1.1032
STN-01,2021-03-14 23:00:00,1.7,227.0,103.0,17.0,64.9,1.1554
STN-01,2021-03-15 00:00:00,1.9,261.0,106.0,15.3,64.6,1.0902
STN-01,2021-03-15 01:00:00,1.7,215.0,104.0,15.9,66.0,1.0749
STN-01,2021-03-15 02:00:00,1.4,206.0,98.0,15.5,62.8,0.9691
STN-01,2021-03-15 03:00:00,,241.0,124.0,16.6,58.4,0.9406
STN-01,2021-03-15 04:00:00,1.2,208.0,103.0,16.9,,0.9244
STN-01,2021-03-15 05:00:00,0.6,144.0,90.0,15.8,56.9,0.9085
STN-01,2021-03-15 06:00:00,0.2,98.0,91.0,15.7,61.7,0.9571
STN-01,2021-03-15 07:00:00,1.8,286.0,130.0,16.5,55.9,0.9668
STN-01,2021-03-15 08:00:00,1.4,229.0,134.0,19.3,45.6,0.9709
STN-01,2021-03-15 09:00:00,2.0,283.0,167.0,21.6,34.5,0.9006
STN-01,2021-03-15 10:00:00,1.9,169.0,161.0,24.4,32.0,0.9417
STN-01,2021-03-15 11:00:00,,238.0,179.0,26.3,30.5,0.945
STN-01,2021-03-15 12:00:00,1.5,121.0,153.0,25.4,34.1,0.9345
STN-01,2021-03-15 13:00:00,1.4,202.0,173.0,24.2,36.6,0.8964
STN-01,2021-03-15 14:00:00,1.5,206.0,163.0,25.6,36.5,0.9333
STN-01,2021-03-15 15:00:00,1.7,184.0,149.0,25.3,45.0,1.0456
STN-01,2021-03-15 16:00:00,1.6,175.0,130.0,26.1,43.3,1.0534
STN-01,2021-03-15 17:00:00,3.0,271.0,158.0,25.1,51.0,1.1068
STN-01,2021-03-15 18:00:00,2.8,273.0,163.0,22.0,55.9,1.0707
STN-01,2021-03-15 19:00:00,3.4,349.0,182.0,19.9,61.8,1.1074
STN-01,2021-03-15 20:00:00,3.7,389.0,188.0,20.6,60.0,1.133
STN-01,2021-03-15 21:00:00,1.9,214.0,,19.1,60.5,1.0782
STN-01,2021-03-15 22:00:00,1.4,171.0,154.0,17.4,63.2,1.0688
STN-01,2021-03-15 23:00:00,1.1,183.0,165.0,15.6,57.6,0.9731
STN-01,2021-03-16 00:00:00,0.1,124.0,160.0,15.1,54.5,0.8744
STN-01,2021-03-16 01:00:00,0.0,106.0,165.0,,58.2,0.8723
STN-01,2021-03-16 02:00:00,0.0,116.0,142.0,13.7,60.9,0.8902
STN-01,2021-03-16 03:00:00,0.0,1.0,125.0,13.7,61.2,0.8744
STN-01,2021-03-16 04:00:00,0.0,,101.0,12.2,70.7,0.9032
STN-01,2021-03-16 05:00:00,,1.0,108.0,12.9,67.6,0.8895
STN-01,2021-03-16 06:00:00,0.3,62.0,108.0,14.1,68.0,0.9575
STN-01,2021-03-16 07:00:00,0.5,85.0,111.0,13.3,70.3,
STN-01,2021-03-16 08:00:00,1.6,240.0,140.0,11.7,68.0,0.8088
STN-01,2021-03-16 09:00:00,2.1,244.0,131.0,14.1,61.1,0.7953
STN-01,2021-03-16 10:00:00,2.2,249.0,137.0,18.3,49.9,0.794
STN-01,2021-03-16 11:00:00,2.2,227.0,142.0,20.1,46.3,0.773
STN-01,2021-03-16 12:00:00,2.8,165.0,111.0,20.6,54.2,0.8691
STN-01,2021-03-16 13:00:00,2.7,166.0,109.0,20.2,55.6,0.8323
STN-01,2021-03-16 14:00:00,3.6,306.0,140.0,21.4,58.9,0.8941
STN-01,2021-03-16 15:00:00,3.9,363.0,135.0,20.6,62.3,0.9188
STN-01,2021-03-16 16:00:00,3.8,348.0,153.0,21.5,61.7,0.9438
STN-01,2021-03-16 17:00:00,4.2,418.0,167.0,18.9,64.3,0.9036
STN-01,2021-03-16 18:00:00,5.0,514.0,205.0,17.0,67.0,0.8841
STN-01,2021-03-16 19:00:00,4.2,491.0,185.0,15.1,71.1,0.9583
STN-01,2021-03-16 20:00:00,3.5,481.0,183.0,14.3,66.2,
STN-01,2021-03-16 21:00:00,2.6,475.0,176.0,13.1,71.7,0.9265
STN-01,2021-03-16 22:00:00,3.3,563.0,207.0,13.6,69.7,0.9137
STN-01,2021-03-16 23:00:00,2.7,494.0,188.0,12.5,71.3,0.9073
STN-01,2021-03-17 00:00:00,2.1,492.0,183.0,13.8,71.1,0.9213
STN-01,2021-03-17 01:00:00,1.6,489.0,171.0,13.0,77.6,0.949
STN-01,2021-03-17 02:00:00,1.5,402.0,157.0,12.3,79.3,0.9402
STN-01,2021-03-17 03:00:00,1.3,374.0,149.0,13.6,76.8,0.9522
STN-01,2021-03-17 04:00:00,2.8,457.0,168.0,12.7,82.7,0.9533
STN-01,2021-03-17 05:00:00,3.0,470.0,170.0,11.8,84.1,0.9236
STN-01,2021-03-17 06:00:00,2.0,391.0,157.0,11.6,85.9,0.9466
STN-01,2021-03-17 07:00:00,0.9,215.0,128.0,10.9,85.3,0.947
STN-01,2021-03-17 08:00:00,1.4,246.0,123.0,12.0,87.3,1.0072
STN-01,2021-03-17 09:00:00,2.6,373.0,164.0,13.3,87.5,1.0637
STN-01,2021-03-17 10:00:00,2.2,374.0,156.0,15.8,75.3,
STN-01,2021-03-17 11:00:00,1.3,254.0,147.0,17.7,77.2,1.018
STN-01,2021-03-17 12:00:00,2.3,390.0,169.0,17.9,73.0,0.9455
STN-01,2021-03-17 13:00:00,2.8,380.0,151.0,17.7,69.2,0.9345
STN-01,2021-03-17 14:00:00,,391.0,174.0,18.3,64.4,0.8825
STN-01,2021-03-17 15:00:00,3.5,410.0,170.0,19.3,67.0,0.9407
STN-01,2021-03-17 16:00:00,3.5,425.0,180.0,20.5,59.6,0.9194
STN-01,2021-03-17 17:00:00,4.3,478.0,194.0,19.5,,0.9665
STN-01,2021-03-17 18:00:00,4.3,478.0,194.0,19.5,,0.9665
STN-01,2021-03-17 19:00:00,3.1,406.0,181.0,17.0,70.0,1.0029
STN-01,2021-03-17 20:00:00,2.7,366.0,175.0,17.0,74.2,1.0552
STN-01,2021-03-17 21:00:00,1.8,211.0,147.0,15.3,83.5,1.1213
STN-01,2021-03-17 22:00:00,1.0,122.0,109.0,15.7,82.4,1.1189
STN-01,2021-03-17 23:00:00,0.7,102.0,97.0,14.9,83.6,1.1316
STN-01,2021-03-18 00:00:00,0.9,81.0,96.0,14.2,80.5,1.0697
STN-01,2021-03-18 01:00:00,0.5,36.0,94.0,12.5,85.1,1.0463
STN-01,2021-03-18 02:00:00,0.7,42.0,99.0,14.0,85.3,1.0625
STN-01,2021-03-18 03:00:00,0.0,51.0,-2.678156004480807,12.1,90.2,1.022
STN-01,2021-03-18 04:00:00,0.2,112.0,95.0,11.2,92.0,1.0306
STN-01,2021-03-18 05:00:00,0.0,151.0,109.0,11.5,33.722741852828264,1.0174
STN-01,2021-03-18 06:00:00,0.9,307.0,147.0,10.7,89.4,0.9671
STN-01,2021-03-18 07:00:00,1.7,430.0,146.0,11.3,92.9,
STN-01,2021-03-18 08:00:00,2.9,532.0,175.0,12.0,89.3,1.0051
STN-01,2021-03-18 09:00:00,2.6,494.0,171.0,13.7,81.4,0.9681
STN-01,2021-03-18 10:00:00,2.4,527.0,179.0,16.5,70.7,0.9475
STN-01,2021-03-18 11:00:00,1.8,474.0,182.0,19.1,60.1,0.9183
STN-01,2021-03-18 12:00:00,1.7,367.0,153.0,20.2,58.4,0.9189
STN-01,2021-03-18 13:00:00,2.7,506.0,174.0,21.3,52.7,0.8834
STN-01,2021-03-18 14:00:00,1.6,378.0,170.0,21.5,50.4,0.8994
STN-01,2021-03-18 15:00:00,1.9,414.0,185.0,21.9,51.0,0.9087
STN-01,2021-03-18 16:00:00,2.4,524.0,211.0,22.3,54.4,1.0064
STN-01,2021-03-18 17:00:00,3.3,540.0,213.0,20.7,54.3,0.9608
STN-01,2021-03-18 18:00:00,2.9,461.0,214.0,20.1,57.2,1.0077
STN-01,2021-03-18 19:00:00,3.2,477.0,199.0,20.9,59.6,1.1108
STN-01,2021-03-18 20:00:00,2.8,432.0,183.0,18.2,71.7,1.1719
STN-01,2021-03-18 21:00:00,1.8,403.0,168.0,16.1,72.3,1.116
STN-01,2021-03-18 22:00:00,0.9,299.0,148.0,13.9,69.5,1.0203
STN-01,2021-03-18 23:00:00,0.6,290.0,154.0,12.3,71.3,0.9624
STN-01,2021-03-19 00:00:00,0.6,215.0,145.0,11.2,66.2,0.8688
STN-01,2021-03-19 01:00:00,0.1,178.0,118.0,11.5,71.5,0.949
STN-01,2021-03-19 02:00:00,0.0,209.0,111.0,11.5,73.4,0.9136
STN-01,2021-03-19 03:00:00,0.0,209.0,111.0,11.5,73.4,0.9136
STN-01,2021-03-19 04:00:00,0.9,109.0,87.0,8.6,77.7,0.8545
STN-01,2021-03-19 05:00:00,1.3,172.0,98.0,8.6,83.3,0.882
STN-01,2021-03-19 06:00:00,1.0,136.0,87.0,9.6,80.7,0.9008
STN-01,2021-03-19 07:00:00,1.5,243.0,124.0,7.9,77.7,0.7935
STN-01,2021-03-19 08:00:00,1.9,235.0,144.0,10.0,72.6,0.8212
STN-01,2021-03-19 09:00:00,,252.0,151.0,13.2,67.3,0.8785
STN-01,2021-03-19 10:00:00,2.6,378.0,175.0,16.3,62.0,0.918
STN-01,2021-03-19 11:00:00,2.3,244.0,172.0,19.9,55.6,0.9571
STN-01,2021-03-19 12:00:00,1.6,182.0,158.0,21.4,,0.8757
STN-01,2021-03-19 13:00:00,1.4,114.0,125.0,22.2,46.1,0.8793
STN-01,2021-03-19 14:00:00,1.7,119.0,122.0,23.3,45.0,0.9008
STN-01,2021-03-19 15:00:00,0.6,32.0,108.0,21.8,43.5,0.8234
STN-01,2021-03-19 16:00:00,1.6,168.0,133.0,23.1,42.2,0.8605
STN-01,2021-03-19 17:00:00,2.1,173.0,150.0,23.8,39.1,0.8535
STN-01,2021-03-19 18:00:00,3.1,,182.0,21.6,44.1,0.8403
STN-01,2021-03-19 19:00:00,,329.0,186.0,18.0,52.0,0.8467
STN-01,2021-03-19 20:00:00,2.9,269.0,174.0,16.2,58.1,0.8883
STN-01,2021-03-19 21:00:00,2.0,,159.0,14.6,62.9,0.9158
STN-01,2021-03-19 22:00:00,1.9,237.0,147.0,13.4,68.3,0.9663
STN-01,2021-03-19 23:00:00,1.2,233.0,134.0,12.7,68.0,0.9571
STN-01,2021-03-20 00:00:00,2.0,325.0,143.0,12.2,70.2,0.9507
STN-01,2021-03-20 01:00:00,0.9,160.0,120.0,11.9,72.0,0.952
STN-01,2021-03-20 02:00:00,1.0,125.0,114.0,,73.8,1.002
STN-01,2021-03-20 03:00:00,0.7,168.0,117.0,10.0,79.0,0.9654
STN-01,2021-03-20 04:00:00,0.2,121.0,94.0,8.3,85.7,
STN-01,2021-03-20 05:00:00,0.4,135.0,97.0,7.6,82.8,0.8864
STN-01,2021-03-20 06:00:00,0.9,176.0,111.0,7.7,84.0,0.9088
STN-01,2021-03-20 07:00:00,1.5,231.0,129.0,8.1,,0.9432
STN-01,2021-03-20 08:00:00,3.3,467.0,164.0,10.2,83.9,1.0067
STN-01,2021-03-20 09:00:00,3.0,433.0,171.0,10.6,78.7,0.9549
STN-01,2021-03-20 10:00:00,2.9,398.0,180.0,14.4,73.4,1.0177
STN-01,2021-03-20 11:00:00,2.2,366.0,164.0,15.8,68.7,1.0032
STN-01,2021-03-20 12:00:00,2.8,436.0,180.0,18.7,64.8,1.0916
STN-01,2021-03-20 13:00:00,1.9,308.0,150.0,20.0,62.3,1.0884
STN-01,2021-03-20 14:00:00,2.3,358.0,161.0,18.4,64.5,1.0664
STN-01,2021-03-20 15:00:00,,256.0,139.0,20.0,56.5,1.0251
STN-01,2021-03-20 16:00:00,1.7,400.0,165.0,19.2,54.1,0.9811
STN-01,2021-03-20 17:00:00,2.7,443.0,,18.6,57.6,1.0118
STN-01,2021-03-20 18:00:00,3.2,469.0,191.0,16.5,61.5,1.0186
STN-01,2021-03-20 19:00:00,4.4,520.0,200.0,14.9,62.3,0.9927
STN-01,2021-03-20 20:00:00,4.4,534.0,188.0,13.7,65.3,1.0174
STN-01,2021-03-20 21:00:00,3.6,483.0,187.0,12.7,64.1,0.9828
STN-01,2021-03-20 22:00:00,2.4,423.0,169.0,11.7,61.8,0.9216
STN-01,2021-03-20 23:00:00,1.6,326.0,126.0,11.5,56.2,0.8455
STN-01,2021-03-21 00:00:00,2.1,293.0,131.0,12.5,48.9,0.8157
STN-01,2021-03-21 01:00:00,1.5,150.0,99.0,12.8,46.9,0.8176
STN-01,2021-03-21 02:00:00,1.2,67.0,91.0,13.5,49.2,0.845
STN-01,2021-03-21 03:00:00,0.5,81.0,108.0,12.9,57.2,0.8578
STN-01,2021-03-21 04:00:00,0.0,15.0,,12.6,53.4,0.7671
STN-01,2021-03-21 05:00:00,0.0,1.0,60.0,11.1,,0.6983
STN-01,2021-03-21 06:00:00,0.1,43.0,79.0,10.9,58.0,0.7454
STN-01,2021-03-21 07:00:00,1.5,199.0,102.0,-15.373695416307413,61.7,0.788
STN-01,2021-03-21 08:00:00,3.4,354.0,145.0,12.5,59.6,0.7952
STN-01,2021-03-21 09:00:00,3.0,359.0,160.0,14.3,52.0,0.7658
STN-01,2021-03-21 10:00:00,2.0,254.0,151.0,17.8,41.3,0.7326
STN-01,2021-03-21 11:00:00,1.6,279.0,152.0,18.6,39.7,0.6862
STN-01,2021-03-21 12:00:00,1.1,196.0,141.0,18.2,38.2,0.6292
STN-01,2021-03-21 13:00:00,1.3,204.0,150.0,19.0,34.9,0.5894
STN-01,2021-03-21 14:00:00,2.5,407.0,188.0,19.8,32.6,0.5568
STN-01,2021-03-21 15:00:00,1.5,321.0,171.0,19.9,29.6,0.4865
STN-01,2021-03-21 16:00:00,1.4,266.0,158.0,21.4,23.6,0.4724
STN-01,2021-03-21 17:00:00,1.4,263.0,168.0,20.6,24.1,0.4204
STN-01,2021-03-21 18:00:00,2.3,297.0,169.0,21.5,24.8,0.4875
STN-01,2021-03-21 19:00:00,3.1,375.0,163.0,20.0,32.4,0.5354
STN-01,2021-03-21 20:00:00,1.7,249.0,133.0,17.6,37.1,0.4918
STN-01,2021-03-21 21:00:00,1.0,178.0,104.0,17.6,37.2,0.5119
STN-01,2021-03-21 22:00:00,0.5,147.0,100.0,16.9,40.2,0.5405
STN-01,2021-03-21 23:00:00,0.0,115.0,71.0,15.8,39.5,0.5022
STN-01,2021-03-22 00:00:00,0.3,149.0,77.0,14.4,,0.4526
STN-01,2021-03-22 01:00:00,0.0,124.0,69.0,14.1,42.1,0.4347
STN-01,2021-03-22 02:00:00,0.8,228.0,84.0,14.6,42.7,0.4636
STN-01,2021-03-22 03:00:00,1.8,340.0,99.0,15.4,45.4,0.5028
STN-01,2021-03-22 04:00:00,2.2,309.0,80.0,15.4,44.2,0.528
STN-01,2021-03-22 05:00:00,1.5,260.0,70.0,13.9,47.4,0.4847
STN-01,2021-03-22 06:00:00,1.4,334.0,85.0,12.4,47.9,0.4583
STN-01,2021-03-22 07:00:00,2.4,429.0,121.0,12.9,48.6,0.4837
STN-01,2021-03-22 08:00:00,2.4,510.0,148.0,13.5,47.9,0.479
STN-01,2021-03-22 09:00:00,2.4,489.0,161.0,15.4,38.9,0.4524
STN-01,2021-03-22 10:00:00,2.4,444.0,160.0,18.9,34.3,0.5282
STN-01,2021-03-22 11:00:00,3.1,534.0,190.0,20.4,32.8,0.5325
STN-01,2021-03-22 12:00:00,2.8,474.0,172.0,21.9,32.8,0.5522
STN-01,2021-03-22 13:00:00,4.6,542.0,197.0,22.6,34.7,0.5829
STN-01,2021-03-22 14:00:00,4.8,511.0,177.0,23.0,35.3,0.5724
STN-01,2021-03-22 15:00:00,4.8,485.0,184.0,22.4,35.3,0.5696
STN-01,2021-03-22 16:00:00,4.6,484.0,185.0,23.7,31.6,0.5932
STN-01,2021-03-22 17:00:00,4.2,564.0,202.0,23.3,27.0,0.5424
STN-01,2021-03-22 18:00:00,5.7,731.0,229.0,21.1,26.2,0.4659
STN-01,2021-03-22 19:00:00,5.9,599.0,220.0,21.2,30.7,0.5224
STN-01,2021-03-22 20:00:00,5.4,556.0,198.0,21.2,40.9,0.6397
STN-01,2021-03-22 21:00:00,3.8,399.0,179.0,20.2,45.9,0.6686
STN-01,2021-03-22 22:00:00,3.2,304.0,153.0,18.6,49.9,0.6602
STN-01,2021-03-22 23:00:00,3.0,243.0,134.0,18.1,47.3,0.6444
STN-01,2021-03-23 00:00:00,3.3,290.0,137.0,18.0,50.8,0.6492
STN-01,2021-03-23 01:00:00,3.4,341.0,141.0,16.8,48.2,0.5753
STN-01,2021-03-23 02:00:00,2.3,253.0,129.0,15.7,45.7,0.5189
STN-01,2021-03-23 03:00:00,1.8,147.0,126.0,15.4,46.9,0.5062
STN-01,2021-03-23 04:00:00,0.8,,77.0,15.3,48.9,0.5333
STN-01,2021-03-23 05:00:00,0.6,110.0,75.0,14.6,49.6,0.5132
STN-01,2021-03-23 06:00:00,1.1,163.0,81.0,13.3,54.8,0.5441
STN-01,2021-03-23 07:00:00,,346.0,124.0,13.1,54.4,0.546
STN-01,2021-03-23 08:00:00,4.1,633.0,189.0,12.8,,0.5615
STN-01,2021-03-23 09:00:00,4.1,631.0,191.0,13.0,49.7,0.5281
STN-01,2021-03-23 10:00:00,3.3,550.0,189.0,16.7,40.1,0.5135
STN-01,2021-03-23 11:00:00,2.5,503.0,182.0,18.4,26.6,0.3842
STN-01,2021-03-23 12:00:00,2.3,533.0,201.0,19.6,22.9,0.3718
STN-01,2021-03-23 13:00:00,2.6,525.0,217.0,18.8,24.4,0.3785
STN-01,2021-03-23 14:00:00,2.5,413.0,199.0,17.8,26.9,0.3905
STN-01,2021-03-23 15:00:00,3.1,530.0,215.0,18.9,30.9,0.4594
STN-01,2021-03-23 16:00:00,3.5,586.0,,19.0,,0.4254
STN-01,2021-03-23 17:00:00,4.2,631.0,238.0,20.7,29.5,0.4919
STN-01,2021-03-23 18:00:00,4.9,625.0,235.0,20.2,36.0,0.6161
STN-01,2021-03-23 19:00:00,3.4,474.0,203.0,17.6,40.9,0.6115
STN-01,2021-03-23 20:00:00,,450.0,200.0,15.0,46.9,0.5978
STN-01,2021-03-23 21:00:00,3.2,391.0,193.0,13.0,45.0,0.5355
STN-01,2021-03-23 22:00:00,2.7,304.0,184.0,13.1,47.7,0.5611
STN-01,2021-03-23 23:00:00,1.6,321.0,187.0,12.7,45.9,0.5093
STN-01,2021-03-24 00:00:00,3.1,,215.0,13.2,51.5,0.5132
STN-01,2021-03-24 01:00:00,2.6,410.0,205.0,13.5,43.7,0.4357
STN-01,2021-03-24 02:00:00,1.1,229.0,143.0,12.5,39.6,0.335
STN-01,2021-03-24 03:00:00,0.9,335.0,168.0,,40.9,0.2897
STN-01,2021-03-24 04:00:00,1.5,370.0,155.0,12.3,40.3,0.2797
STN-01,2021-03-24 05:00:00,2.1,412.0,158.0,12.4,53.3,0.4458
STN-01,2021-03-24 06:00:00,1.2,411.0,,11.8,55.6,
STN-01,2021-03-24 07:00:00,1.9,526.0,174.0,10.7,55.0,0.3821
STN-01,2021-03-24 08:00:00,2.4,587.0,168.0,11.5,57.5,0.4388
STN-01,2021-03-24 09:00:00,1.3,420.0,159.0,12.9,51.5,0.4428
STN-01,2021-03-24 10:00:00,2.0,488.0,152.0,14.5,52.0,0.5047
STN-01,2021-03-24 11:00:00,1.5,381.0,146.0,16.7,46.5,0.4943
STN-01,2021-03-24 12:00:00,1.4,406.0,167.0,18.4,40.5,0.4466
STN-01,2021-03-24 13:00:00,1.2,321.0,141.0,17.5,,0.3965
STN-01,2021-03-24 14:00:00,0.1,197.0,128.0,18.3,40.9,0.4184
STN-01,2021-03-24 15:00:00,0.0,158.0,114.0,16.9,43.6,0.402
STN-01,2021-03-24 16:00:00,0.3,113.0,,16.9,41.0,0.3701
STN-01,2021-03-24 17:00:00,1.6,173.0,142.0,16.8,40.3,0.3345
STN-01,2021-03-24 18:00:00,3.8,424.0,188.0,15.7,41.8,0.3003
STN-01,2021-03-24 19:00:00,5.3,499.0,,15.8,43.8,0.3614
STN-01,2021-03-24 20:00:00,4.9,,181.0,14.8,45.5,0.3356
STN-01,2021-03-24 21:00:00,3.8,373.0,161.0,14.3,42.0,0.279
STN-01,2021-03-24 22:00:00,2.6,268.0,130.0,12.5,49.4,
STN-01,2021-03-24 23:00:00,2.3,198.0,106.0,12.1,53.8,0.3376
STN-01,2021-03-25 00:00:00,3.1,,119.0,12.9,54.4,0.287
STN-01,2021-03-25 01:00:00,2.2,290.0,110.0,11.4,59.6,0.2745
STN-01,2021-03-25 02:00:00,2.4,313.0,125.0,12.1,61.9,0.3165
STN-01,2021-03-25 03:00:00,2.7,422.0,133.0,11.5,,0.3675
STN-01,2021-03-25 04:00:00,1.9,377.0,106.0,12.4,68.4,0.3906
STN-01,2021-03-25 05:00:00,1.2,306.0,105.0,12.8,65.8,0.3842
STN-01,2021-03-25 06:00:00,0.8,354.0,100.0,13.0,72.9,0.4897
STN-01,2021-03-25 07:00:00,0.9,335.0,113.0,14.3,67.0,0.5005
STN-01,2021-03-25 08:00:00,2.2,383.0,,16.3,64.0,0.5672
STN-01,2021-03-25 09:00:00,2.5,,161.0,18.0,61.3,0.5936
STN-01,2021-03-25 10:00:00,3.0,385.0,173.0,22.3,49.3,0.5926
STN-01,2021-03-25 11:00:00,1.7,232.0,131.0,23.4,43.2,0.5175
STN-01,2021-03-25 12:00:00,1.9,203.0,122.0,24.1,37.5,0.4403
STN-01,2021-03-25 13:00:00,1.8,180.0,108.0,24.1,40.8,0.461
STN-01,2021-03-25 14:00:00,1.9,211.0,109.0,25.0,37.9,0.4453
STN-01,2021-03-25 15:00:00,1.4,170.0,106.0,25.6,32.3,0.4338
STN-01,2021-03-25 16:00:00,1.6,280.0,128.0,26.0,31.3,0.4222
STN-01,2021-03-25 17:00:00,1.9,326.0,154.0,26.1,33.1,0.4428
STN-01,2021-03-25 18:00:00,1.8,253.0,139.0,25.1,28.6,0.4091
STN-01,2021-03-25 19:00:00,2.5,333.0,149.0,22.3,41.9,0.465
STN-01,2021-03-25 20:00:00,2.1,372.0,140.0,21.5,50.3,0.5301
STN-01,2021-03-25 21:00:00,2.2,382.0,133.0,20.1,56.8,0.5714
STN-01,2021-03-25 22:00:00,2.4,444.0,141.0,20.8,61.0,0.6171
STN-01,2021-03-25 23:00:00,1.6,354.0,133.0,19.4,63.3,0.5973
STN-01,2021-03-26 00:00:00,0.0,195.0,119.0,18.0,64.1,0.5006
STN-01,2021-03-26 01:00:00,0.6,279.0,,18.7,63.6,0.5305
STN-01,2021-03-26 02:00:00,0.3,143.0,93.0,18.8,64.7,0.4995
STN-01,2021-03-26 03:00:00,0.0,41.0,89.0,16.8,75.8,0.5375
STN-01,2021-03-26 04:00:00,0.3,66.0,82.0,15.7,74.9,0.5012
STN-01,2021-03-26 05:00:00,0.1,100.0,91.0,14.4,74.9,0.4838
STN-01,2021-03-26 06:00:00,0.0,121.0,87.0,14.5,72.1,0.4534
STN-01,2021-03-26 07:00:00,0.7,228.0,118.0,15.3,72.2,0.4737
STN-01,2021-03-26 08:00:00,2.0,327.0,131.0,18.2,65.0,0.517
STN-01,2021-03-26 09:00:00,3.0,498.0,167.0,19.4,64.8,0.5915
STN-01,2021-03-26 10:00:00,2.2,486.0,166.0,22.2,50.2,0.5154
STN-01,2021-03-26 11:00:00,1.9,437.0,150.0,24.8,42.7,0.4606
STN-01,2021-03-26 12:00:00,1.9,350.0,150.0,25.7,31.7,0.3567
STN-01,2021-03-26 13:00:00,,234.0,122.0,25.8,34.3,0.365
STN-01,2021-03-26 14:00:00,0.8,282.0,122.0,24.8,39.5,0.3643
STN-01,2021-03-26 15:00:00,1.7,,151.0,,39.4,0.3758
STN-01,2021-03-26 16:00:00,3.2,497.0,179.0,25.6,40.7,0.4101
STN-01,2021-03-26 17:00:00,3.4,539.0,190.0,25.0,41.2,0.3852
STN-01,2021-03-26 18:00:00,3.5,541.0,207.0,24.0,39.7,0.3785
STN-01,2021-03-26 19:00:00,3.7,560.0,223.0,22.7,43.7,0.3849
STN-01,2021-03-26 20:00:00,3.2,519.0,212.0,21.1,50.1,0.4183
STN-01,2021-03-26 21:00:00,2.0,354.0,157.0,20.5,53.6,0.4721
STN-01,2021-03-26 22:00:00,1.7,367.0,160.0,19.4,52.2,0.4583
STN-01,2021-03-26 23:00:00,2.3,439.0,179.0,19.2,54.1,0.488
STN-01,2021-03-27 00:00:00,2.0,371.0,155.0,19.7,57.6,0.5455
STN-01,2021-03-27 01:00:00,1.8,422.0,145.0,17.6,,0.4828
STN-01,2021-03-27 02:00:00,2.1,435.0,135.0,17.6,61.3,0.4922
STN-01,2021-03-27 03:00:00,2.0,404.0,148.0,16.5,68.9,0.5498
STN-01,2021-03-27 04:00:00,1.3,335.0,120.0,16.8,71.2,0.5764
STN-01,2021-03-27 05:00:00,1.3,355.0,126.0,17.4,66.5,0.5415
STN-01,2021-03-27 06:00:00,1.4,397.0,153.0,17.2,73.1,0.5948
STN-01,2021-03-27 07:00:00,1.6,420.0,171.0,18.0,71.1,0.6072
STN-01,2021-03-27 08:00:00,2.7,509.0,172.0,19.4,66.8,0.6099
STN-01,2021-03-27 09:00:00,4.1,543.0,180.0,20.9,62.6,0.6224
STN-01,2021-03-27 10:00:00,3.1,398.0,169.0,24.1,53.5,0.6272
STN-01,2021-03-27 11:00:00,3.2,420.0,154.0,26.3,53.7,0.659
STN-01,2021-03-27 12:00:00,3.3,352.0,149.0,26.9,50.6,0.6126
STN-01,2021-03-27 13:00:00,3.7,451.0,159.0,26.6,49.6,0.6135
STN-01,2021-03-27 14:00:00,3.1,361.0,148.0,26.6,48.5,0.6028
STN-01,2021-03-27 15:00:00,3.3,422.0,169.0,28.4,46.0,0.6666
STN-01,2021-03-27 16:00:00,2.6,369.0,164.0,28.4,44.3,0.6809
STN-01,2021-03-27 17:00:00,3.3,441.0,199.0,28.9,36.7,0.6954
STN-01,2021-03-27 18:00:00,3.9,481.0,201.0,27.6,40.1,0.7028
STN-01,2021-03-27 19:00:00,4.4,505.0,202.0,26.5,40.3,0.6865
STN-01,2021-03-27 20:00:00,4.4,510.0,200.0,24.8,37.3,0.6336
STN-01,2021-03-27 21:00:00,3.6,425.0,174.0,22.8,43.4,0.6311
STN-01,2021-03-27 22:00:00,2.8,325.0,155.0,23.0,47.5,0.6814
STN-01,2021-03-27 23:00:00,2.6,311.0,147.0,22.7,48.7,0.6702
STN-01,2021-03-28 00:00:00,2.5,292.0,137.0,22.2,56.4,0.7387
STN-01,2021-03-28 01:00:00,1.2,138.0,105.0,22.4,58.8,0.7945
STN-01,2021-03-28 02:00:00,0.5,23.0,89.0,23.4,54.9,0.7818
STN-01,2021-03-28 03:00:00,0.0,1.0,93.0,22.0,57.9,0.7325
STN-01,2021-03-28 04:00:00,0.0,1.0,77.0,20.6,54.9,0.6459
STN-01,2021-03-28 05:00:00,0.0,1.0,69.0,19.5,51.8,0.5725
STN-01,2021-03-28 06:00:00,0.0,1.0,63.0,18.7,48.1,0.4753
STN-01,2021-03-28 07:00:00,0.0,118.0,97.0,17.7,52.2,0.4766
STN-01,2021-03-28 08:00:00,0.8,297.0,141.0,16.5,51.6,0.423
STN-01,2021-03-28 09:00:00,0.8,255.0,153.0,18.3,42.1,0.3362
STN-01,2021-03-28 10:00:00,0.6,260.0,154.0,19.2,36.7,0.3111
STN-01,2021-03-28 11:00:00,0.9,271.0,160.0,19.7,34.8,0.235
STN-01,2021-03-28 12:00:00,0.3,222.0,,20.6,28.5,0.0963
STN-01,2021-03-28 13:00:00,0.6,249.0,160.0,21.3,30.4,0.1375
STN-01,2021-03-28 14:00:00,0.1,276.0,167.0,20.2,28.0,0.0652
STN-01,2021-03-28 15:00:00,0.1,203.0,147.0,22.0,23.5,0.0795
STN-01,2021-03-28 16:00:00,0.3,205.0,150.0,22.0,21.2,0.09
STN-01,2021-03-28 17:00:00,1.4,292.0,169.0,21.5,27.4,0.1465
STN-01,2021-03-28 18:00:00,1.5,246.0,158.0,19.4,32.5,0.1875
STN-01,2021-03-28 19:00:00,2.6,375.0,179.0,,34.8,0.2395
STN-01,2021-03-28 20:00:00,2.6,362.0,174.0,19.1,48.6,0.4304
STN-01,2021-03-28 21:00:00,2.0,307.0,151.0,18.3,53.6,0.5225
STN-01,2021-03-28 22:00:00,1.9,218.0,135.0,18.6,58.0,0.6088
STN-01,2021-03-28 23:00:00,2.6,306.0,166.0,19.5,58.2,0.6485
STN-01,2021-03-29 00:00:00,2.6,269.0,159.0,20.2,57.7,0.6976
STN-01,2021-03-29 01:00:00,1.8,201.0,147.0,18.8,60.1,0.6729
STN-01,2021-03-29 02:00:00,0.7,54.0,126.0,17.4,55.9,0.5755
STN-01,2021-03-29 03:00:00,0.4,100.0,116.0,15.4,57.0,0.4815
STN-01,2021-03-29 04:00:00,0.0,37.0,88.0,15.7,56.5,0.4752
STN-01,2021-03-29 05:00:00,0.0,130.0,107.0,15.5,57.0,0.4668
STN-01,2021-03-29 06:00:00,1.9,273.0,,16.1,61.7,0.5141
STN-01,2021-03-29 07:00:00,2.0,363.0,162.0,16.1,61.0,0.522
STN-01,2021-03-29 08:00:00,2.7,498.0,183.0,17.4,57.8,0.5161
STN-01,2021-03-29 09:00:00,2.8,,174.0,19.0,58.5,0.6035
STN-01,2021-03-29 10:00:00,3.0,441.0,196.0,20.6,48.5,0.5428
STN-01,2021-03-29 11:00:00,2.6,452.0,211.0,23.2,43.8,0.5691
STN-01,2021-03-29 12:00:00,1.7,347.0,189.0,23.6,40.3,0.4848
STN-01,2021-03-29 13:00:00,1.3,307.0,177.0,25.6,37.3,0.5412
STN-01,2021-03-29 14:00:00,1.3,359.0,167.0,23.8,41.4,0.499
STN-01,2021-03-29 15:00:00,1.0,333.0,149.0,24.9,45.5,0.604
STN-01,2021-03-29 16:00:00,0.9,343.0,149.0,25.5,48.7,0.6764
STN-01,2021-03-29 17:00:00,1.6,301.0,154.0,24.9,49.9,0.6837
STN-01,2021-03-29 18:00:00,2.5,327.0,168.0,25.5,54.4,0.8204
STN-01,2021-03-29 19:00:00,3.0,340.0,154.0,24.9,49.7,0.7666
STN-01,2021-03-29 20:00:00,2.9,333.0,160.0,23.7,54.8,0.7917
STN-01,2021-03-29 21:00:00,2.8,324.0,162.0,24.5,55.2,0.8304
STN-01,2021-03-29 22:00:00,1.7,228.0,136.0,23.8,57.6,0.8721
STN-01,2021-03-29 23:00:00,2.0,307.0,152.0,23.1,57.5,0.874
STN-01,2021-03-30 00:00:00,0.6,169.0,130.0,21.9,,0.8052
STN-01,2021-03-30 01:00:00,1.8,242.0,138.0,21.7,60.1,0.8533
STN-01,2021-03-30 02:00:00,1.5,218.0,113.0,21.2,64.2,0.8971
STN-01,2021-03-30 03:00:00,1.7,276.0,131.0,21.0,66.3,0.9185
STN-01,2021-03-30 04:00:00,1.0,118.0,114.0,20.2,72.2,0.9456
STN-01,2021-03-30 05:00:00,,107.0,110.0,18.9,71.2,0.876
STN-01,2021-03-30 06:00:00,1.2,166.0,122.0,18.9,73.8,0.9287
STN-01,2021-03-30 07:00:00,2.3,325.0,141.0,20.6,75.2,1.0272
STN-01,2021-03-30 08:00:00,3.3,400.0,158.0,22.1,71.3,1.0542
STN-01,2021-03-30 09:00:00,3.1,380.0,146.0,24.0,70.6,1.0909
STN-01,2021-03-30 10:00:00,3.3,366.0,146.0,27.6,67.0,1.1589
STN-01,2021-03-30 11:00:00,3.5,336.0,152.0,29.9,61.4,1.1315
STN-01,2021-03-30 12:00:00,2.6,236.0,136.0,31.6,57.6,1.1459
STN-01,2021-03-30 13:00:00,2.9,323.0,138.0,31.5,61.3,1.1748
STN-01,2021-03-30 14:00:00,3.4,389.0,145.0,31.6,,1.1077
STN-01,2021-03-30 15:00:00,2.7,391.0,162.0,30.8,49.8,0.9711
STN-01,2021-03-30 16:00:00,4.5,601.0,185.0,32.7,51.7,1.0808
STN-01,2021-03-30 17:00:00,4.4,591.0,184.0,33.2,53.6,1.1733
STN-01,2021-03-30 18:00:00,4.9,653.0,207.0,30.1,59.4,1.1834
STN-01,2021-03-30 19:00:00,,593.0,199.0,27.5,62.7,1.1609
STN-01,2021-03-30 20:00:00,3.5,,194.0,25.8,68.2,1.1911
STN-01,2021-03-30 21:00:00,2.9,531.0,208.0,25.6,63.6,1.1091
STN-01,2021-03-30 22:00:00,2.8,561.0,196.0,22.8,73.6,1.1203
STN-01,2021-03-30 23:00:00,2.4,440.0,171.0,21.4,74.1,1.0566
STN-01,2021-03-31 00:00:00,2.8,452.0,171.0,21.7,74.1,1.0223
STN-01,2021-03-31 01:00:00,2.7,445.0,150.0,21.6,77.4,1.0309
STN-01,2021-03-31 02:00:00,2.3,423.0,126.0,22.4,79.5,1.1046
STN-01,2021-03-31 03:00:00,1.4,347.0,113.0,22.3,77.8,1.1041
STN-01,2021-03-31 04:00:00,0.1,207.0,71.0,22.2,73.2,1.0212
STN-01,2021-03-31 05:00:00,0.5,219.0,77.0,21.3,73.7,1.0039
STN-01,2021-03-31 06:00:00,1.1,287.0,92.0,19.1,72.7,0.9086
STN-01,2021-03-31 07:00:00,2.8,505.0,134.0,21.1,70.5,0.9585
STN-01,2021-03-31 08:00:00,4.7,695.0,177.0,21.3,71.2,0.9804
STN-01,2021-03-31 09:00:00,4.3,648.0,183.0,22.1,68.2,1.0012
STN-01,2021-03-31 10:00:00,3.1,549.0,175.0,23.6,61.7,0.9831
STN-01,2021-03-31 11:00:00,3.2,566.0,187.0,24.4,60.6,0.9572
STN-01,2021-03-31 12:00:00,2.6,486.0,177.0,24.8,59.3,0.9478
STN-01,2021-03-31 13:00:00,2.8,502.0,179.0,25.3,57.9,0.9454
STN-01,2021-03-31 14:00:00,1.7,403.0,156.0,25.3,60.5,0.9518
STN-01,2021-03-31 15:00:00,1.3,398.0,164.0,24.7,55.8,0.8689
STN-01,2021-03-31 16:00:00,1.3,335.0,141.0,25.7,54.6,0.8722
STN-01,2021-03-31 17:00:00,2.2,366.0,149.0,25.2,60.8,0.9688
STN-01,2021-03-31 18:00:00,3.2,366.0,152.0,23.8,68.7,1.0552
STN-01,2021-03-31 19:00:00,3.5,330.0,142.0,21.6,71.9,1.0737
STN-01,2021-03-31 20:00:00,2.0,161.0,124.0,20.1,74.8,1.0885
STN-01,2021-03-31 21:00:00,0.4,8.0,96.0,19.3,76.0,1.0899
STN-01,2021-03-31 22:00:00,0.9,119.0,122.0,19.4,76.6,1.0888
STN-01,2021-03-31 23:00:00,0.7,79.0,105.0,17.9,77.6,1.0861
STN-01,2021-04-01 00:00:00,2.4,179.0,112.0,20.5,77.7,1.1802
STN-01,2021-04-01 01:00:00,2.2,92.0,83.0,19.3,76.8,1.1774
STN-01,2021-04-01 02:00:00,1.6,94.0,,19.2,78.8,1.1726
STN-01,2021-04-01 03:00:00,1.0,89.0,71.0,19.2,76.3,1.1229
STN-01,2021-04-01 04:00:00,,18.0,38.0,18.8,73.7,1.1068
STN-01,2021-04-01 05:00:00,1.8,50.0,46.0,17.4,78.4,1.1503
STN-01,2021-04-01 06:00:00,1.8,83.0,70.0,16.9,82.6,1.1555
STN-01,2021-04-01 07:00:00,3.0,185.0,94.0,17.5,76.8,1.1436
STN-01,2021-04-01 08:00:00,3.2,282.0,114.0,19.0,65.8,1.081
STN-01,2021-04-01 09:00:00,3.3,289.0,120.0,21.0,66.4,1.1434
STN-01,2021-04-01 10:00:00,2.9,226.0,122.0,24.4,53.8,
STN-01,2021-04-01 11:00:00,2.5,160.0,105.0,25.3,47.5,1.0896
STN-01,2021-04-01 12:00:00,2.7,135.0,118.0,25.1,48.9,1.0466
STN-01,2021-04-01 13:00:00,1.3,1.0,89.0,26.1,45.3,1.0264
STN-01,2021-04-01 14:00:00,1.5,49.0,89.0,25.6,45.0,0.9671
STN-01,2021-04-01 15:00:00,2.2,193.0,120.0,25.3,44.4,0.9117
STN-01,2021-04-01 16:00:00,3.0,355.0,157.0,25.5,44.3,0.9035
STN-01,2021-04-01 17:00:00,3.5,414.0,186.0,25.1,50.2,0.9526
STN-01,2021-04-01 18:00:00,4.5,425.0,180.0,25.0,58.9,1.0774
STN-01,2021-04-01 19:00:00,4.4,433.0,188.0,22.8,57.9,0.9951
STN-01,2021-04-01 20:00:00,4.2,379.0,180.0,22.2,64.9,1.0893
STN-01,2021-04-01 21:00:00,3.1,316.0,164.0,22.7,65.0,
STN-01,2021-04-01 22:00:00,1.6,195.0,142.0,22.7,68.1,1.1373
STN-01,2021-04-01 23:00:00,1.8,171.0,154.0,22.6,67.3,1.1529
STN-01,2021-04-02 00:00:00,1.5,126.0,139.0,21.2,68.7,1.1577
STN-01,2021-04-02 01:00:00,0.9,118.0,114.0,21.2,66.5,1.1331
STN-01,2021-04-02 02:00:00,1.3,84.0,101.0,21.8,63.6,1.1521
STN-01,2021-04-02 03:00:00,1.6,105.0,107.0,21.9,68.6,
STN-01,2021-04-02 04:00:00,1.4,76.0,76.0,18.8,67.9,1.0616
STN-01,2021-04-02 05:00:00,2.3,151.0,,18.1,73.1,1.1022
STN-01,2021-04-02 06:00:00,2.4,180.0,95.0,15.5,80.2,1.0544
STN-01,2021-04-02 07:00:00,3.7,317.0,134.0,16.1,81.0,1.1156
STN-01,2021-04-02 08:00:00,4.4,414.0,166.0,16.5,75.0,1.081
STN-01,2021-04-02 09:00:00,3.4,348.0,146.0,17.2,,0.975
STN-01,2021-04-02 10:00:00,3.2,393.0,174.0,20.0,55.3,0.9206
STN-01,2021-04-02 11:00:00,3.6,417.0,188.0,20.6,58.5,0.9616
STN-01,2021-04-02 12:00:00,4.1,455.0,192.0,22.3,53.9,0.9369
STN-01,2021-04-02 13:00:00,4.3,485.0,190.0,20.2,58.5,0.8901
STN-01,2021-04-02 14:00:00,,458.0,190.0,20.0,61.8,0.9122
STN-01,2021-04-02 15:00:00,3.2,350.0,154.0,20.3,63.2,0.9149
STN-01,2021-04-02 16:00:00,2.9,247.0,143.0,19.5,66.4,0.911
STN-01,2021-04-02 17:00:00,3.7,293.0,167.0,19.7,68.0,0.9636
STN-01,2021-04-02 18:00:00,3.9,,167.0,18.5,68.5,0.9708
STN-01,2021-04-02 19:00:00,4.7,289.0,188.0,16.9,76.7,1.0323
STN-01,2021-04-02 20:00:00,3.8,244.0,180.0,15.2,74.8,0.9685
STN-01,2021-04-02 21:00:00,2.5,142.0,136.0,14.0,80.7,1.0194
STN-01,2021-04-02 22:00:00,2.8,169.0,145.0,13.5,80.5,1.0198
STN-01,2021-04-02 23:00:00,1.7,169.0,130.0,13.2,89.9,1.1156
STN-01,2021-04-03 00:00:00,2.5,262.0,123.0,12.2,99.0,1.2334
STN-01,2021-04-03 01:00:00,1.5,139.0,105.0,11.5,94.4,1.1716
STN-01,2021-04-03 02:00:00,0.8,109.0,80.0,11.7,89.8,1.1404
STN-01,2021-04-03 03:00:00,0.0,24.0,64.0,11.6,,1.0956
STN-01,2021-04-03 04:00:00,0.0,668.9172442132002,64.0,12.1,85.7,1.1061
STN-01,2021-04-03 05:00:00,0.0,1.0,35.0,12.1,88.1,1.0889
STN-01,2021-04-03 06:00:00,0.0,1.0,55.0,11.6,86.7,1.0531
STN-01,2021-04-03 07:00:00,0.0,1.0,82.0,11.6,84.6,1.0229
STN-01,2021-04-03 08:00:00,0.7,116.0,107.0,12.2,77.5,0.9808
STN-01,2021-04-03 09:00:00,1.3,170.0,116.0,14.1,68.1,0.9506
STN-01,2021-04-03 10:00:00,1.4,131.0,120.0,16.9,59.0,0.9126
STN-01,2021-04-03 11:00:00,0.3,57.0,97.0,18.9,48.9,0.839
STN-01,2021-04-03 12:00:00,1.1,138.0,120.0,20.0,,0.7908
STN-01,2021-04-03 13:00:00,1.5,149.0,110.0,20.3,44.0,0.7342
STN-01,2021-04-03 14:00:00,0.5,106.0,96.0,19.8,39.2,0.6462
STN-01,2021-04-03 15:00:00,1.0,169.0,110.0,19.4,34.8,0.5475
STN-01,2021-04-03 16:00:00,1.2,189.0,126.0,20.7,36.4,0.6265
STN-01,2021-04-03 17:00:00,1.4,145.0,119.0,20.9,40.3,0.6973
STN-01,2021-04-03 18:00:00,,,122.0,19.5,38.6,0.6824
STN-01,2021-04-03 19:00:00,2.6,155.0,139.0,18.1,39.5,0.6869
STN-01,2021-04-03 20:00:00,2.4,,126.0,16.9,38.5,
STN-01,2021-04-03 21:00:00,1.9,64.0,115.0,16.4,42.3,0.6923
STN-01,2021-04-03 22:00:00,1.2,1.0,104.0,16.3,45.3,0.7281
STN-01,2021-04-03 23:00:00,1.2,6.0,120.0,14.9,52.2,0.7459
STN-01,2021-04-04 00:00:00,1.0,1.0,94.0,14.7,58.0,0.7973
STN-01,2021-04-04 01:00:00,0.3,1.0,77.0,14.8,59.5,0.8152
STN-01,2021-04-04 02:00:00,0.4,1.0,63.0,14.0,61.6,0.7836
STN-01,2021-04-04 03:00:00,0.6,,77.0,14.6,57.9,0.732
STN-01,2021-04-04 04:00:00,0.3,1.0,48.0,13.8,63.8,0.7686
STN-01,2021-04-04 05:00:00,0.0,1.0,23.0,14.6,68.2,0.8539
STN-01,2021-04-04 06:00:00,0.0,1.0,7.0,13.9,69.6,0.8611
STN-01,2021-04-04 07:00:00,0.2,1.0,19.0,13.2,,0.8433
STN-01,2021-04-04 08:00:00,1.6,87.0,68.0,13.8,70.5,0.8521
STN-01,2021-04-04 09:00:00,2.7,139.0,87.0,14.2,70.7,0.8697
STN-01,2021-04-04 10:00:00,1.2,84.0,86.0,17.5,61.9,0.8612
STN-01,2021-04-04 11:00:00,2.2,77.0,100.0,19.9,57.5,0.8464
STN-01,2021-04-04 12:00:00,2.4,69.0,104.0,19.9,56.3,0.8056
STN-01,2021-04-04 13:00:00,3.2,176.0,124.0,19.9,55.5,0.7902
STN-01,2021-04-04 14:00:00,2.4,122.0,,20.8,56.8,0.791
STN-01,2021-04-04 15:00:00,0.5,1.0,82.0,21.5,50.2,0.7378
STN-01,2021-04-04 16:00:00,0.8,1.0,104.0,21.9,49.2,0.7499
STN-01,2021-04-04 17:00:00,1.9,1.0,138.0,21.4,49.1,0.7371
STN-01,2021-04-04 18:00:00,3.2,107.0,156.0,20.5,53.0,0.8158
STN-01,2021-04-04 19:00:00,4.2,210.0,170.0,19.0,55.2,0.8388
STN-01,2021-04-04 20:00:00,3.1,87.0,138.0,17.6,55.2,0.7532
STN-01,2021-04-04 21:00:00,2.5,1.0,,17.0,54.7,0.7331
STN-01,2021-04-04 22:00:00,2.4,1.0,110.0,16.1,60.5,0.7851
STN-01,2021-04-04 23:00:00,2.7,1.0,129.0,17.2,58.2,0.7947
STN-01,2021-04-05 00:00:00,2.8,74.0,129.0,16.0,63.7,0.8446
STN-01,2021-04-05 01:00:00,2.6,92.0,126.0,17.1,60.3,0.7999
STN-01,2021-04-05 02:00:00,1.9,42.0,99.0,15.3,63.2,0.7937
STN-01,2021-04-05 03:00:00,1.2,1.0,89.0,15.2,58.7,0.7561
STN-01,2021-04-05 04:00:00,0.6,1.0,68.0,13.8,63.1,0.7181
STN-01,2021-04-05 05:00:00,0.1,1.0,,12.9,63.7,0.6744
STN-01,2021-04-05 06:00:00,0.4,34.0,,13.1,64.3,0.6946
STN-01,2021-04-05 07:00:00,1.1,165.0,100.0,14.0,61.3,0.7125
STN-01,2021-04-05 08:00:00,1.6,229.0,129.0,15.1,51.7,0.6503
STN-01,2021-04-05 09:00:00,1.6,256.0,142.0,17.1,47.0,0.6208
STN-01,2021-04-05 10:00:00,1.6,,139.0,19.4,40.3,0.5859
STN-01,2021-04-05 11:00:00,1.5,252.0,131.0,21.0,39.8,0.6198
STN-01,2021-04-05 12:00:00,1.5,,128.0,24.3,35.0,0.6363
STN-01,2021-04-05 13:00:00,1.6,211.0,138.0,23.1,30.4,0.5305
STN-01,2021-04-05 14:00:00,2.0,174.0,132.0,23.6,28.1,
STN-01,2021-04-05 15:00:00,1.1,47.0,99.0,22.6,36.1,0.5615
STN-01,2021-04-05 16:00:00,0.8,46.0,90.0,21.2,40.3,0.5784
STN-01,2021-04-05 17:00:00,2.1,88.0,102.0,22.2,43.9,0.6893
STN-01,2021-04-05 18:00:00,2.4,160.0,123.0,19.4,44.0,0.6483
STN-01,2021-04-05 19:00:00,2.0,84.0,114.0,17.9,47.5,0.6457
STN-01,2021-04-05 20:00:00,1.7,77.0,104.0,17.0,55.1,0.7006
STN-01,2021-04-05 21:00:00,0.8,1.0,91.0,16.1,62.4,0.7897
STN-01,2021-04-05 22:00:00,0.9,1.0,70.0,16.0,64.2,0.8007
STN-01,2021-04-05 23:00:00,1.5,1.0,63.0,16.8,69.7,0.9045
STN-01,2021-04-06 00:00:00,2.1,1.0,68.0,17.3,65.4,0.8924
STN-01,2021-04-06 01:00:00,1.8,1.0,77.0,17.2,68.2,0.9242
STN-01,2021-04-06 02:00:00,1.3,1.0,63.0,17.8,67.0,0.9359
STN-01,2021-04-06 03:00:00,0.7,1.0,89.0,16.3,65.6,0.8327
STN-01,2021-04-06 04:00:00,1.3,1.0,81.0,17.0,71.1,0.908
STN-01,2021-04-06 05:00:00,1.8,82.0,83.0,17.4,78.9,1.0505
STN-01,2021-04-06 06:00:00,,,95.0,16.9,83.1,1.0529
STN-01,2021-04-06 07:00:00,3.0,294.0,119.0,18.9,80.0,1.1035
STN-01,2021-04-06 08:00:00,4.2,418.0,145.0,21.9,73.7,1.198
STN-01,2021-04-06 09:00:00,4.5,484.0,156.0,23.7,72.1,1.2513
STN-01,2021-04-06 10:00:00,4.4,516.0,155.0,26.1,66.4,1.2522
STN-01,2021-04-06 11:00:00,5.0,517.0,189.0,28.8,57.5,
STN-01,2021-04-06 12:00:00,4.2,427.0,168.0,28.6,54.2,1.1548
STN-01,2021-04-06 13:00:00,4.6,463.0,159.0,28.5,53.3,1.1272
STN-01,2021-04-06 14:00:00,3.2,336.0,146.0,26.7,49.2,1.0091
STN-01,2021-04-06 15:00:00,2.5,302.0,127.0,26.5,54.7,1.0548
STN-01,2021-04-06 16:00:00,2.3,221.0,,27.7,52.8,1.0944
STN-01,2021-04-06 17:00:00,2.8,170.0,112.0,28.3,54.7,1.1795
STN-01,2021-04-06 18:00:00,4.6,262.0,128.0,,59.5,1.2327
STN-01,2021-04-06 19:00:00,5.1,269.0,129.0,24.3,67.7,1.2715
STN-01,2021-04-06 20:00:00,4.4,214.0,128.0,23.9,65.4,
STN-01,2021-04-06 21:00:00,3.0,123.0,129.0,21.1,67.9,1.2007
STN-01,2021-04-06 22:00:00,2.4,64.0,126.0,20.8,63.6,1.1496
STN-01,2021-04-06 23:00:00,2.5,19.0,122.0,20.7,65.9,1.1796
STN-01,2021-04-07 00:00:00,2.9,126.0,153.0,18.5,66.3,1.1358
STN-01,2021-04-07 01:00:00,3.0,245.0,143.0,17.3,71.4,1.2026
STN-01,2021-04-07 02:00:00,2.7,201.0,122.0,16.8,71.4,1.1748
STN-01,2021-04-07 03:00:00,2.8,196.0,133.0,16.7,69.6,1.1253
STN-01,2021-04-07 04:00:00,2.5,119.0,95.0,16.7,72.8,1.1627
STN-01,2021-04-07 05:00:00,2.8,36.0,73.0,17.3,69.6,1.1694
STN-01,2021-04-07 06:00:00,2.8,41.0,67.0,18.4,67.2,1.1791
STN-01,2021-04-07 07:00:00,3.4,118.0,68.0,19.7,64.6,1.22
STN-01,2021-04-07 08:00:00,5.5,367.0,113.0,21.4,66.0,1.2832
STN-01,2021-04-07 09:00:00,5.7,403.0,130.0,23.5,56.9,1.2242
STN-01,2021-04-07 10:00:00,5.1,388.0,158.0,24.7,57.7,1.2401
STN-01,2021-04-07 11:00:00,4.7,391.0,187.0,25.5,49.7,1.129
STN-01,2021-04-07 12:00:00,3.9,,163.0,27.4,43.8,1.1151
STN-01,2021-04-07 13:00:00,4.2,320.0,138.0,29.3,,1.2875
STN-01,2021-04-07 14:00:00,4.2,399.0,150.0,28.4,55.3,1.2665
STN-01,2021-04-07 15:00:00,2.9,237.0,114.0,29.8,48.6,1.2376
STN-01,2021-04-07 16:00:00,2.9,234.0,114.0,28.7,,1.2301
STN-01,2021-04-07 17:00:00,3.0,216.0,123.0,29.9,51.8,1.2572
STN-01,2021-04-07 18:00:00,4.1,265.0,143.0,29.2,43.9,1.1964
STN-01,2021-04-07 19:00:00,4.0,219.0,148.0,27.9,46.9,1.1822
STN-01,2021-04-07 20:00:00,3.5,151.0,137.0,26.2,49.7,1.1717
STN-01,2021-04-07 21:00:00,2.8,135.0,,25.7,46.7,1.1451
STN-01,2021-04-07 22:00:00,1.8,88.0,89.0,23.3,51.6,1.1086
STN-01,2021-04-07 23:00:00,1.0,1.0,61.0,22.5,52.1,1.0859
STN-01,2021-04-08 00:00:00,1.4,43.0,69.0,21.2,50.4,1.0271
STN-01,2021-04-08 01:00:00,1.2,40.0,65.0,21.9,49.1,1.0555
STN-01,2021-04-08 02:00:00,0.2,1.0,45.0,19.9,57.9,1.077
STN-01,2021-04-08 03:00:00,0.0,1.0,35.0,19.9,58.5,1.0525
STN-01,2021-04-08 04:00:00,0.2,1.0,6.0,20.2,58.9,1.0514
STN-01,2021-04-08 05:00:00,1.7,93.0,38.0,18.9,65.2,1.065
STN-01,2021-04-08 06:00:00,2.3,,55.0,18.9,68.4,1.116
STN-01,2021-04-08 07:00:00,4.3,317.0,77.0,19.7,69.1,1.1657
STN-01,2021-04-08 08:00:00,5.0,494.0,141.0,19.4,67.5,1.0767
STN-01,2021-04-08 09:00:00,4.5,393.0,122.0,22.6,57.6,1.0781
STN-01,2021-04-08 10:00:00,3.1,326.0,124.0,25.1,57.4,1.1325
STN-01,2021-04-08 11:00:00,2.6,346.0,128.0,26.3,55.0,1.1183
STN-01,2021-04-08 12:00:00,3.1,403.0,143.0,28.1,56.2,1.1671
STN-01,2021-04-08 13:00:00,2.9,346.0,141.0,26.5,59.1,1.1343
STN-01,2021-04-08 14:00:00,3.0,267.0,136.0,27.3,59.7,1.1513
STN-01,2021-04-08 15:00:00,3.2,288.0,143.0,28.5,57.5,1.1378
STN-01,2021-04-08 16:00:00,3.2,333.0,133.0,27.8,60.5,
STN-01,2021-04-08 17:00:00,4.1,383.0,151.0,29.4,58.1,1.174
STN-01,2021-04-08 18:00:00,4.2,408.0,156.0,27.9,59.2,1.174
STN-01,2021-04-08 19:00:00,4.9,404.0,162.0,26.8,59.3,1.1569
STN-01,2021-04-08 20:00:00,4.8,404.0,164.0,25.5,63.7,1.1997
STN-01,2021-04-08 21:00:00,4.0,420.0,162.0,24.4,65.4,1.1833
STN-01,2021-04-08 22:00:00,3.6,323.0,154.0,24.6,65.4,1.2035
STN-01,2021-04-08 23:00:00,3.6,341.0,154.0,23.9,64.7,1.199
STN-01,2021-04-09 00:00:00,4.5,389.0,140.0,22.8,68.4,1.1941
STN-01,2021-04-09 01:00:00,3.4,321.0,120.0,20.5,77.5,1.1965
STN-01,2021-04-09 02:00:00,2.9,226.0,116.0,20.2,75.9,1.151
STN-01,2021-04-09 03:00:00,2.4,202.0,126.0,18.4,72.5,1.0225
STN-01,2021-04-09 04:00:00,1.9,77.0,65.0,18.4,76.7,1.0761
STN-01,2021-04-09 05:00:00,0.9,17.0,67.0,18.4,74.5,1.0489
STN-01,2021-04-09 06:00:00,1.1,71.0,80.0,18.1,77.4,1.0546
STN-01,2021-04-09 07:00:00,1.0,45.0,84.0,18.2,73.8,1.0594
STN-01,2021-04-09 08:00:00,2.7,233.0,120.0,18.5,75.5,1.112
STN-01,2021-04-09 09:00:00,2.3,,118.0,20.8,66.4,
STN-01,2021-04-09 10:00:00,1.7,203.0,115.0,23.9,57.4,1.0548
STN-01,2021-04-09 11:00:00,2.0,181.0,115.0,25.4,,1.06
STN-01,2021-04-09 12:00:00,0.2,1.0,74.0,26.7,47.3,1.0048
STN-01,2021-04-09 13:00:00,0.0,1.0,63.0,26.2,48.6,1.0039
STN-01,2021-04-09 14:00:00,0.1,1.0,59.0,26.2,50.0,1.0095
STN-01,2021-04-09 15:00:00,0.1,1.0,70.0,25.5,55.8,1.0658
STN-01,2021-04-09 16:00:00,0.0,1.0,66.0,25.0,50.5,0.9772
STN-01,2021-04-09 17:00:00,0.6,1.0,76.0,23.4,53.4,
STN-01,2021-04-09 18:00:00,2.1,1.0,84.0,22.9,64.0,1.0937
STN-01,2021-04-09 19:00:00,2.8,70.0,94.0,22.1,70.2,1.1569
STN-01,2021-04-09 20:00:00,,116.0,99.0,21.3,78.3,1.2301
STN-01,2021-04-09 21:00:00,2.5,48.0,95.0,19.0,78.9,1.1258
STN-01,2021-04-09 22:00:00,2.1,1.0,74.0,17.4,83.4,1.1037
STN-01,2021-04-09 23:00:00,1.6,1.0,68.0,18.2,79.2,1.105
STN-01,2021-04-10 00:00:00,2.0,1.0,80.0,15.9,80.4,1.0832
STN-01,2021-04-10 01:00:00,1.5,1.0,63.0,15.8,72.9,0.9991
STN-01,2021-04-10 02:00:00,0.7,1.0,48.0,15.6,67.4,0.9407
STN-01,2021-04-10 03:00:00,-3.0255813792590907,1.0,53.0,16.0,71.0,0.9847
STN-01,2021-04-10 04:00:00,0.9,1.0,54.0,15.6,72.5,0.9921
STN-01,2021-04-10 05:00:00,0.3,1.0,41.0,14.7,69.2,0.921
STN-01,2021-04-10 06:00:00,0.0,1.0,59.0,13.9,73.3,0.9535
STN-01,2021-04-10 07:00:00,0.9,34.0,91.0,,66.6,0.9251
STN-01,2021-04-10 08:00:00,1.3,173.0,109.0,14.7,62.1,0.8652
STN-01,2021-04-10 09:00:00,1.8,186.0,111.0,13.3,67.8,0.9258
STN-01,2021-04-10 10:00:00,1.3,123.0,95.0,17.1,58.5,0.9056
STN-01,2021-04-10 11:00:00,0.8,157.0,89.0,18.5,53.7,0.8237
STN-01,2021-04-10 12:00:00,1.5,164.0,74.0,19.6,51.1,0.8544
STN-01,2021-04-10 13:00:00,2.4,241.0,78.0,19.5,46.5,0.7835
STN-01,2021-04-10 14:00:00,2.4,250.0,71.0,20.8,37.6,0.6908
STN-01,2021-04-10 15:00:00,1.5,153.0,64.0,22.2,31.9,0.6743
STN-01,2021-04-10 16:00:00,1.3,126.0,68.0,21.3,32.2,0.6622
STN-01,2021-04-10 17:00:00,2.6,248.0,100.0,20.3,39.8,0.7113
STN-01,2021-04-10 18:00:00,3.9,350.0,121.0,17.2,47.9,0.7182
STN-01,2021-04-10 19:00:00,4.4,368.0,133.0,16.5,49.2,0.7613
STN-01,2021-04-10 20:00:00,3.6,259.0,112.0,17.2,54.2,0.8743
STN-01,2021-04-10 21:00:00,2.4,243.0,120.0,15.9,50.0,0.7559
STN-01,2021-04-10 22:00:00,1.6,,125.0,14.9,47.5,0.7016
STN-01,2021-04-10 23:00:00,1.0,174.0,118.0,,46.5,0.6836
STN-01,2021-04-11 00:00:00,1.4,177.0,119.0,15.3,46.1,0.7
STN-01,2021-04-11 01:00:00,1.0,170.0,112.0,15.4,44.0,0.6723
STN-01,2021-04-11 02:00:00,0.0,42.0,71.0,15.7,44.2,0.6694
STN-01,2021-04-11 03:00:00,0.0,1.0,50.0,18.3,43.2,0.7653
STN-01,2021-04-11 04:00:00,0.0,1.0,5.0,17.0,46.1,0.7349
STN-01,2021-04-11 05:00:00,0.0,1.0,13.0,15.4,45.3,
STN-01,2021-04-11 06:00:00,0.0,1.0,29.0,15.3,45.8,0.635
STN-01,2021-04-11 07:00:00,0.2,1.0,46.0,14.9,47.8,0.6355
STN-01,2021-04-11 08:00:00,2.3,169.0,94.0,16.2,45.8,
STN-01,2021-04-11 09:00:00,1.5,111.0,92.0,18.2,37.5,0.639
STN-01,2021-04-11 10:00:00,1.3,,,18.7,28.1,0.5227
STN-01,2021-04-11 11:00:00,1.4,13.0,111.0,22.3,24.2,0.5605
STN-01,2021-04-11 12:00:00,1.2,1.0,116.0,24.7,20.7,0.5683
STN-01,2021-04-11 13:00:00,0.4,1.0,83.0,23.9,20.5,0.5602
STN-01,2021-04-11 14:00:00,0.8,1.0,75.0,23.5,23.2,0.5609
STN-01,2021-04-11 15:00:00,0.0,1.0,,24.5,22.3,0.5807
STN-01,2021-04-11 16:00:00,1.0,1.0,82.0,25.1,16.1,0.5031
STN-01,2021-04-11 17:00:00,1.6,1.0,80.0,24.8,21.7,0.581
STN-01,2021-04-11 18:00:00,2.9,77.0,110.0,24.2,28.2,0.6202
STN-01,2021-04-11 19:00:00,3.2,113.0,113.0,23.0,33.7,0.6562
STN-01,2021-04-11 20:00:00,3.1,184.0,134.0,20.7,35.9,0.6238
STN-01,2021-04-11 21:00:00,2.2,137.0,126.0,18.6,38.6,0.5564
STN-01,2021-04-11 22:00:00,1.9,1.0,89.0,18.2,40.8,0.565
STN-01,2021-04-11 23:00:00,2.3,45.0,94.0,18.5,43.4,0.6125
STN-01,2021-04-12 00:00:00,2.4,75.0,110.0,18.8,,0.6802
STN-01,2021-04-12 01:00:00,2.4,78.0,119.0,17.6,52.5,0.7082
STN-01,2021-04-12 02:00:00,1.4,2.0,99.0,18.1,45.4,0.6614
STN-01,2021-04-12 03:00:00,1.1,71.0,101.0,16.8,54.6,0.7365
STN-01,2021-04-12 04:00:00,1.4,43.0,65.0,17.2,53.1,0.7379
STN-01,2021-04-12 05:00:00,1.1,11.0,52.0,15.2,55.6,0.6809
STN-01,2021-04-12 06:00:00,2.4,186.0,84.0,14.7,60.2,0.6862
STN-01,2021-04-12 07:00:00,2.7,251.0,103.0,15.1,,0.7272
STN-01,2021-04-12 08:00:00,3.4,263.0,107.0,17.1,61.5,0.7993
STN-01,2021-04-12 09:00:00,2.7,167.0,111.0,19.5,51.1,0.7607
STN-01,2021-04-12 10:00:00,2.1,71.0,97.0,21.3,45.5,
STN-01,2021-04-12 11:00:00,1.2,1.0,70.0,22.1,45.8,0.6944
STN-01,2021-04-12 12:00:00,1.5,17.0,78.0,24.0,40.3,0.6823
STN-01,2021-04-12 13:00:00,-2.0757123804933784,70.0,90.0,25.0,32.8,0.5959
STN-01,2021-04-12 14:00:00,3.0545684582074464,1.0,67.0,25.6,30.6,0.5685
STN-01,2021-04-12 15:00:00,-0.6445052199067032,84.0,93.0,25.8,29.2,0.522
STN-01,2021-04-12 16:00:00,2.0,80.0,98.0,24.7,,0.4926
STN-01,2021-04-12 17:00:00,2.3,84.0,95.0,23.1,36.7,0.5311
STN-01,2021-04-12 18:00:00,2.6,144.0,109.0,21.8,37.4,0.5441
STN-01,2021-04-12 19:00:00,3.1,186.0,124.0,19.7,38.3,0.5085
STN-01,2021-04-12 20:00:00,3.8,246.0,138.0,19.6,40.9,0.5366
STN-01,2021-04-12 21:00:00,2.4,118.0,118.0,20.1,40.5,0.5318
STN-01,2021-04-12 22:00:00,0.9,1.0,99.0,19.0,43.5,0.4999
STN-01,2021-04-12 23:00:00,0.3,1.0,63.0,18.1,45.7,
STN-01,2021-04-13 00:00:00,0.8,1.0,67.0,18.6,42.8,0.5186
STN-01,2021-04-13 01:00:00,1.4,26.0,,17.9,43.5,0.4741
STN-02,2021-01-01 00:00:00,3.5,329.0,98.0,5.6,37.4,0.2758
STN-02,2021-01-01 01:00:00,2.6,307.0,96.0,4.0,42.8,0.295
STN-02,2021-01-01 02:00:00,2.1,301.0,79.0,3.7,52.7,0.3697
STN-02,2021-01-01 03:00:00,0.0,126.0,36.0,2.5,54.2,0.3598
STN-02,2021-01-01 04:00:00,0.3,114.0,48.0,3.4,51.8,
STN-02,2021-01-01 05:00:00,0.5,123.0,55.0,4.8,52.4,0.4397
STN-02,2021-01-01 06:00:00,0.5,27.0,71.0,5.3,53.3,0.4627
STN-02,2021-01-01 07:00:00,1.6,202.0,113.0,3.8,53.2,0.3616
STN-02,2021-01-01 08:00:00,3.3,382.0,166.0,5.2,48.7,0.3513
STN-02,2021-01-01 09:00:00,4.3,454.0,196.0,6.9,43.3,0.3628
STN-02,2021-01-01 10:00:00,4.0,496.0,212.0,7.8,38.2,0.3204
STN-02,2021-01-01 11:00:00,3.2,346.0,166.0,10.4,32.8,0.3474
STN-02,2021-01-01 12:00:00,3.0,328.0,147.0,11.2,28.8,0.2859
STN-02,2021-01-01 13:00:00,2.7,357.0,143.0,10.8,33.3,0.2772
STN-02,2021-01-01 14:00:00,2.4,416.0,156.0,11.7,30.9,0.2615
STN-02,2021-01-01 15:00:00,1.9,361.0,151.0,10.8,34.4,0.2828
STN-02,2021-01-01 16:00:00,2.5,,144.0,9.7,41.9,0.3769
STN-02,2021-01-01 17:00:00,3.0,412.0,181.0,7.7,48.0,0.3854
STN-02,2021-01-01 18:00:00,3.6,346.0,169.0,5.5,50.9,0.3748
STN-02,2021-01-01 19:00:00,4.6,462.0,181.0,3.3,,0.2906
STN-02,2021-01-01 20:00:00,4.2,376.0,156.0,1.6,58.9,0.3604
STN-02,2021-01-01 21:00:00,2.8,285.0,140.0,-0.3,59.5,0.331
STN-02,2021-01-01 22:00:00,1.5,225.0,,-1.5,64.6,0.3549
STN-02,2021-01-01 23:00:00,1.5,253.0,116.0,-0.9,63.1,0.3176
STN-02,2021-01-02 00:00:00,1.9,247.0,129.0,-1.2,65.5,0.3259
STN-02,2021-01-02 01:00:00,2.3,258.0,141.0,-1.6,64.9,0.3036
STN-02,2021-01-02 02:00:00,2.4,185.0,103.0,-1.0,69.2,0.3775
STN-02,2021-01-02 03:00:00,1.0,86.0,104.0,-1.2,69.2,0.3609
STN-02,2021-01-02 04:00:00,0.8,45.0,99.0,-3.0,73.5,0.3328
STN-02,2021-01-02 05:00:00,1.1,84.0,104.0,-4.9,81.7,0.3526
STN-02,2021-01-02 06:00:00,1.4,141.0,131.0,-4.8,76.9,0.2946
STN-02,2021-01-02 07:00:00,1.9,234.0,154.0,-5.2,73.9,0.2179
STN-02,2021-01-02 08:00:00,3.5,380.0,206.0,-4.8,67.4,0.138
STN-02,2021-01-02 09:00:00,4.6,463.0,208.0,-2.6,60.9,0.1301
STN-02,2021-01-02 10:00:00,4.0,393.0,200.0,0.4,49.5,0.0726
STN-02,2021-01-02 11:00:00,3.8,316.0,184.0,3.3,42.4,0.0692
STN-02,2021-01-02 12:00:00,,308.0,185.0,3.1,42.4,0.0529
STN-02,2021-01-02 13:00:00,3.1,310.0,158.0,2.7,44.1,0.05
STN-02,2021-01-02 14:00:00,3.4,423.0,185.0,3.7,42.3,0.05
STN-02,2021-01-02 15:00:00,2.4,328.0,149.0,4.2,41.8,0.05
STN-02,2021-01-02 16:00:00,2.2,355.0,156.0,4.3,44.9,0.05
STN-02,2021-01-02 17:00:00,3.3,391.0,169.0,3.2,47.7,0.05
STN-02,2021-01-02 18:00:00,3.2,365.0,173.0,3.5,47.3,0.1113
STN-02,2021-01-02 19:00:00,4.3,475.0,215.0,2.7,50.8,0.1243
STN-02,2021-01-02 20:00:00,4.2,486.0,226.0,3.5,54.0,0.2256
STN-02,2021-01-02 21:00:00,3.3,387.0,215.0,2.8,57.5,0.2497
STN-02,2021-01-02 22:00:00,3.4,424.0,,1.9,59.2,0.2543
STN-02,2021-01-02 23:00:00,3.3,389.0,185.0,1.3,54.1,0.2002
STN-02,2021-01-03 00:00:00,1.7,245.0,159.0,2.1,56.2,0.2604
STN-02,2021-01-03 01:00:00,1.7,186.0,151.0,3.0,48.6,0.1903
STN-02,2021-01-03 02:00:00,2.4,276.0,,1.4,52.4,0.145
STN-02,2021-01-03 03:00:00,2.0,270.0,147.0,2.3,50.9,0.1482
STN-02,2021-01-03 04:00:00,0.9,208.0,139.0,0.9,55.8,0.1461
STN-02,2021-01-03 05:00:00,0.4,223.0,136.0,-0.6,,0.1121
STN-02,2021-01-03 06:00:00,0.3,237.0,151.0,-2.6,55.9,0.05
STN-02,2021-01-03 07:00:00,0.3,313.0,167.0,-1.9,54.4,0.05
STN-02,2021-01-03 08:00:00,2.1,540.0,215.0,-2.7,52.0,0.05
STN-02,2021-01-03 09:00:00,1.7,504.0,202.0,-1.9,49.4,0.05
STN-02,2021-01-03 10:00:00,2.0,590.0,220.0,0.2,45.8,0.05
STN-02,2021-01-03 11:00:00,1.5,506.0,202.0,1.9,47.6,0.05
STN-02,2021-01-03 12:00:00,2.3,426.0,190.0,3.5,45.2,0.05
STN-02,2021-01-03 13:00:00,2.5,476.0,189.0,4.2,43.4,0.05
STN-02,2021-01-03 14:00:00,,400.0,182.0,4.5,42.3,0.05
STN-02,2021-01-03 15:00:00,2.3,521.0,196.0,6.6,44.5,0.1342
STN-02,2021-01-03 16:00:00,2.1,440.0,187.0,5.7,42.8,0.0606
STN-02,2021-01-03 17:00:00,3.0,467.0,,5.0,,0.074
STN-02,2021-01-03 18:00:00,4.1,533.0,225.0,3.1,,0.05
STN-02,2021-01-03 19:00:00,4.1,514.0,242.0,1.4,49.1,0.05
STN-02,2021-01-03 20:00:00,3.4,555.0,241.0,0.6,54.3,0.0675
STN-02,2021-01-03 21:00:00,2.4,476.0,227.0,3.0,57.0,0.158
STN-02,2021-01-03 22:00:00,2.1,414.0,209.0,1.9,56.4,0.1246
STN-02,2021-01-03 23:00:00,1.4,362.0,193.0,1.2,62.6,0.1817
STN-02,2021-01-04 00:00:00,1.7,420.0,194.0,0.9,68.4,0.1988
STN-02,2021-01-04 01:00:00,1.7,419.0,176.0,2.7,72.8,0.301
STN-02,2021-01-04 02:00:00,1.1,312.0,159.0,2.7,74.3,0.2869
STN-02,2021-01-04 03:00:00,0.4,270.0,160.0,1.1,71.6,0.1989
STN-02,2021-01-04 04:00:00,0.2,182.0,148.0,2.2,69.1,
STN-02,2021-01-04 05:00:00,0.0,129.0,,1.8,66.2,0.1326
STN-02,2021-01-04 06:00:00,0.0,192.0,162.0,0.9,68.7,0.133
STN-02,2021-01-04 07:00:00,1.3,439.0,217.0,0.9,58.9,0.0619
STN-02,2021-01-04 08:00:00,3.0,662.0,246.0,1.8,61.7,0.1293
STN-02,2021-01-04 09:00:00,2.9,648.0,243.0,3.3,62.5,0.1948
STN-02,2021-01-04 10:00:00,3.0,629.0,231.0,5.3,61.2,0.2329
STN-02,2021-01-04 11:00:00,3.0,612.0,239.0,4.7,56.1,0.1141
STN-02,2021-01-04 12:00:00,2.9,576.0,217.0,6.2,53.1,0.1325
STN-02,2021-01-04 13:00:00,2.0,415.0,171.0,7.1,56.3,0.1842
STN-02,2021-01-04 14:00:00,1.9,441.0,178.0,8.0,49.5,0.1291
STN-02,2021-01-04 15:00:00,2.4,526.0,196.0,7.8,,0.0529
STN-02,2021-01-04 16:00:00,2.8,542.0,189.0,8.2,49.8,0.134
STN-02,2021-01-04 17:00:00,3.0,532.0,,8.2,52.0,0.1685
STN-02,2021-01-04 18:00:00,3.9,491.0,182.0,5.9,57.9,0.2066
STN-02,2021-01-04 19:00:00,4.1,464.0,175.0,4.0,57.5,0.1789
STN-02,2021-01-04 20:00:00,4.1,437.0,171.0,4.3,56.1,0.1952
STN-02,2021-01-04 21:00:00,2.3,268.0,144.0,2.8,55.7,0.1787
STN-02,2021-01-04 22:00:00,1.8,136.0,119.0,2.3,62.3,0.2478
STN-02,2021-01-04 23:00:00,1.2,2.0,88.0,2.8,62.7,0.2818
STN-02,2021-01-05 00:00:00,1.4,46.0,103.0,3.4,61.0,0.3043
STN-02,2021-01-05 01:00:00,2.2,99.0,111.0,3.6,,0.2721
STN-02,2021-01-05 02:00:00,1.2,85.0,107.0,2.1,67.7,0.2917
STN-02,2021-01-05 03:00:00,0.7,35.0,113.0,3.1,66.8,0.323
STN-02,2021-01-05 04:00:00,0.0,1.0,64.0,1.5,69.4,0.3405
STN-02,2021-01-05 05:00:00,0.0,1.0,53.0,1.8,68.4,0.3189
STN-02,2021-01-05 06:00:00,0.0,1.0,55.0,3.5,70.3,0.401
STN-02,2021-01-05 07:00:00,0.7,23.0,85.0,5.1,63.5,0.4136
STN-02,2021-01-05 08:00:00,1.7,266.0,136.0,7.8,60.3,0.4457
STN-02,2021-01-05 09:00:00,3.0,402.0,157.0,9.7,62.9,0.5733
STN-02,2021-01-05 10:00:00,1.4,282.0,137.0,11.4,56.6,0.551
STN-02,2021-01-05 11:00:00,,363.0,159.0,14.4,52.8,0.5874
STN-02,2021-01-05 12:00:00,3.1,392.0,157.0,15.4,47.9,0.545
STN-02,2021-01-05 13:00:00,3.0,313.0,144.0,14.9,49.9,0.5467
STN-02,2021-01-05 14:00:00,2.1,188.0,115.0,15.1,47.3,0.5464
STN-02,2021-01-05 15:00:00,1.7,183.0,122.0,16.1,51.7,0.6329
STN-02,2021-01-05 16:00:00,2.4,290.0,143.0,15.5,58.2,0.6804
STN-02,2021-01-05 17:00:00,2.2,274.0,152.0,15.1,63.5,0.7404
STN-02,2021-01-05 18:00:00,2.7,290.0,141.0,13.1,67.6,0.7617
STN-02,2021-01-05 19:00:00,2.3,242.0,124.0,10.3,68.9,0.7581
STN-02,2021-01-05 20:00:00,2.6,180.0,129.0,10.9,69.4,0.7771
STN-02,2021-01-05 21:00:00,2.0,122.0,127.0,8.9,71.2,0.7494
STN-02,2021-01-05 22:00:00,1.3,75.0,110.0,8.1,74.3,0.7667
STN-02,2021-01-05 23:00:00,2.5,224.0,132.0,7.5,75.5,0.7545
STN-02,2021-01-06 00:00:00,2.0,129.0,110.0,7.0,75.4,0.7698
STN-02,2021-01-06 01:00:00,1.1,1.0,77.0,5.1,80.8,0.748
STN-02,2021-01-06 02:00:00,0.2,1.0,56.0,5.0,81.3,0.7467
STN-02,2021-01-06 03:00:00,0.4,1.0,71.0,5.2,81.6,0.7847
STN-02,2021-01-06 04:00:00,0.3,1.0,46.0,3.7,,0.6489
STN-02,2021-01-06 05:00:00,1.4,110.0,85.0,4.1,71.2,0.6182
STN-02,2021-01-06 06:00:00,0.8,56.0,78.0,4.1,69.6,0.6194
STN-02,2021-01-06 07:00:00,1.6,,110.0,5.0,68.7,0.6318
STN-02,2021-01-06 08:00:00,2.3,324.0,134.0,6.7,58.9,0.611
STN-02,2021-01-06 09:00:00,2.5,299.0,142.0,8.1,55.9,0.6306
STN-02,2021-01-06 10:00:00,2.6,303.0,142.0,11.3,46.4,0.6281
STN-02,2021-01-06 11:00:00,3.0,283.0,134.0,12.5,47.2,0.655
STN-02,2021-01-06 12:00:00,3.0,245.0,128.0,14.9,38.2,0.65
STN-02,2021-01-06 13:00:00,3.3,286.0,126.0,14.6,34.8,0.586
STN-02,2021-01-06 14:00:00,2.7,241.0,107.0,15.4,32.2,0.5687
STN-02,2021-01-06 15:00:00,3.0,288.0,122.0,18.1,33.4,0.6659
STN-02,2021-01-06 16:00:00,3.4,289.0,122.0,18.7,35.2,0.7226
STN-02,2021-01-06 17:00:00,3.9,372.0,164.0,18.1,37.9,0.7603
STN-02,2021-01-06 18:00:00,4.2,389.0,172.0,17.7,36.7,0.7928
STN-02,2021-01-06 19:00:00,3.9,403.0,183.0,15.7,38.0,0.7711
STN-02,2021-01-06 20:00:00,3.5,354.0,185.0,13.5,42.9,0.7391
STN-02,2021-01-06 21:00:00,2.4,314.0,172.0,11.3,43.8,0.6781
STN-02,2021-01-06 22:00:00,2.5,335.0,160.0,11.5,46.4,0.696
STN-02,2021-01-06 23:00:00,2.5,304.0,168.0,12.3,44.5,0.7164
STN-02,2021-01-07 00:00:00,2.3,362.0,183.0,11.8,49.2,0.7126
STN-02,2021-01-07 01:00:00,1.9,299.0,155.0,13.7,50.4,0.8504
STN-02,2021-01-07 02:00:00,1.3,125.0,107.0,12.8,51.0,0.8286
STN-02,2021-01-07 03:00:00,1.4,130.0,103.0,12.4,54.3,0.8324
STN-02,2021-01-07 04:00:00,1.7,128.0,98.0,11.4,57.6,0.8195
STN-02,2021-01-07 05:00:00,1.9,90.0,102.0,10.7,64.2,0.8548
STN-02,2021-01-07 06:00:00,3.1,280.0,141.0,11.5,67.6,0.9346
STN-02,2021-01-07 07:00:00,3.4,355.0,150.0,11.8,68.2,0.9529
STN-02,2021-01-07 08:00:00,4.4,477.0,179.0,12.2,67.7,0.987
STN-02,2021-01-07 09:00:00,5.1,638.0,207.0,13.0,61.1,0.9134
STN-02,2021-01-07 10:00:00,3.9,553.0,186.0,16.1,,0.9605
STN-02,2021-01-07 11:00:00,4.8,641.0,200.0,20.3,49.6,0.9355
STN-02,2021-01-07 12:00:00,4.0,572.0,195.0,20.2,49.7,0.8954
STN-02,2021-01-07 13:00:00,4.0,531.0,176.0,20.5,43.4,0.835
STN-02,2021-01-07 14:00:00,3.2,409.0,163.0,18.5,39.0,0.7457
STN-02,2021-01-07 15:00:00,3.1,341.0,156.0,19.6,37.3,0.765
STN-02,2021-01-07 16:00:00,3.5,417.0,181.0,19.8,37.4,0.7372
STN-02,2021-01-07 17:00:00,3.0,,175.0,19.6,42.8,0.7808
STN-02,2021-01-07 18:00:00,4.3,388.0,165.0,19.4,47.9,0.8704
STN-02,2021-01-07 19:00:00,4.6,441.0,179.0,17.2,55.2,0.8673
STN-02,2021-01-07 20:00:00,5.1,526.0,189.0,16.3,63.7,0.9758
STN-02,2021-01-07 21:00:00,3.1,386.0,157.0,15.7,72.2,1.0328
STN-02,2021-01-07 22:00:00,2.2,241.0,123.0,16.3,71.2,1.0432
STN-02,2021-01-07 23:00:00,10.78930333634251,40.0,88.0,15.4,67.9,0.9705
STN-02,2021-01-08 00:00:00,1.1,83.0,96.0,13.7,75.0,1.0009
STN-02,2021-01-08 01:00:00,1.2,37.0,97.0,13.8,72.0,0.9637
STN-02,2021-01-08 02:00:00,0.6,1.0,73.0,12.4,68.9,0.8862
STN-02,2021-01-08 03:00:00,0.4,1.0,72.0,11.8,68.8,0.8838
STN-02,2021-01-08 04:00:00,0.4,1.0,82.0,9.5,69.8,0.7946
STN-02,2021-01-08 05:00:00,1.5,160.0,109.0,11.2,74.3,0.89
STN-02,2021-01-08 06:00:00,1.6,278.0,133.0,11.6,74.8,0.9298
STN-02,2021-01-08 07:00:00,1.9,382.0,150.0,12.6,71.6,0.9435
STN-02,2021-01-08 08:00:00,2.9,506.0,169.0,13.0,69.8,0.9447
STN-02,2021-01-08 09:00:00,1.9,1832.968468612636,174.0,14.8,62.9,0.9361
STN-02,2021-01-08 10:00:00,1.5,410.0,171.0,18.4,51.6,0.9202
STN-02,2021-01-08 11:00:00,0.4,287.0,156.0,19.5,46.2,0.8939
STN-02,2021-01-08 12:00:00,0.6,281.0,151.0,20.0,41.8,0.8669
STN-02,2021-01-08 13:00:00,0.4,314.0,162.0,19.6,41.4,0.8153
STN-02,2021-01-08 14:00:00,0.0,126.0,130.0,20.2,39.7,0.7905
STN-02,2021-01-08 15:00:00,0.0,90.0,131.0,18.8,,0.7635
STN-02,2021-01-08 16:00:00,0.0,1.0,101.0,19.1,38.2,0.7347
STN-02,2021-01-08 17:00:00,0.0,1.0,125.0,17.2,39.7,0.6836
STN-02,2021-01-08 18:00:00,0.0,1.0,123.0,14.7,48.5,0.6943
STN-02,2021-01-08 19:00:00,0.4,76.0,125.0,14.4,53.9,0.7422
STN-02,2021-01-08 20:00:00,0.3,39.0,119.0,14.1,54.3,0.766
STN-02,2021-01-08 21:00:00,0.0,1.0,102.0,13.3,57.4,0.7945
STN-02,2021-01-08 22:00:00,0.0,1.0,67.0,12.4,58.1,0.7336
STN-02,2021-01-08 23:00:00,0.0,1.0,73.0,10.8,64.7,0.7619
STN-02,2021-01-09 00:00:00,0.0,1.0,79.0,11.2,58.3,0.6936
STN-02,2021-01-09 01:00:00,0.0,1.0,60.0,10.9,58.4,0.6536
STN-02,2021-01-09 02:00:00,0.0,1.0,61.0,9.0,60.2,0.62
STN-02,2021-01-09 03:00:00,0.0,1.0,54.0,8.3,60.4,0.6137
STN-02,2021-01-09 04:00:00,0.0,1.0,19.0,4.8,65.4,0.5512
STN-02,2021-01-09 05:00:00,0.0,1.0,42.0,4.3,67.9,0.5436
STN-02,2021-01-09 06:00:00,0.0,1.0,39.0,3.2,73.0,0.5615
STN-02,2021-01-09 07:00:00,0.0,1.0,58.0,2.0,71.3,0.5205
STN-02,2021-01-09 08:00:00,0.0,1.0,78.0,3.2,69.0,0.5283
STN-02,2021-01-09 09:00:00,0.0,1.0,74.0,6.3,63.8,0.5663
STN-02,2021-01-09 10:00:00,0.0,1.0,93.0,9.3,,0.6034
STN-02,2021-01-09 11:00:00,0.0,1.0,115.0,12.3,48.1,0.5669
STN-02,2021-01-09 12:00:00,0.5,55.0,132.0,13.4,47.9,
STN-02,2021-01-09 13:00:00,0.5,12.0,127.0,,39.8,0.4756
STN-02,2021-01-09 14:00:00,1.1,75.0,152.0,12.0,46.0,0.4722
STN-02,2021-01-09 15:00:00,1.0,73.0,138.0,12.4,43.4,
STN-02,2021-01-09 16:00:00,1.5,70.0,121.0,12.9,44.5,0.4735
STN-02,2021-01-09 17:00:00,1.6,125.0,142.0,11.5,48.3,0.5093
STN-02,2021-01-09 18:00:00,2.7,243.0,167.0,8.1,54.7,0.4905
STN-02,2021-01-09 19:00:00,3.3,213.0,165.0,6.1,58.3,0.4842
STN-02,2021-01-09 20:00:00,3.9,,184.0,5.8,61.1,0.5361
STN-02,2021-01-09 21:00:00,2.1,189.0,150.0,4.7,57.4,0.433
STN-02,2021-01-09 22:00:00,2.3,246.0,167.0,5.7,51.4,0.3857
STN-02,2021-01-09 23:00:00,3.0,341.0,170.0,6.4,57.3,0.481
STN-02,2021-01-10 00:00:00,3.2,,185.0,4.7,60.5,0.4401
STN-02,2021-01-10 01:00:00,,280.0,150.0,4.2,63.1,0.4239
STN-02,2021-01-10 02:00:00,1.4,251.0,116.0,4.4,,0.3807
STN-02,2021-01-10 03:00:00,1.2,261.0,150.0,2.9,63.5,0.3699
STN-02,2021-01-10 04:00:00,1.6,270.0,137.0,1.7,65.4,0.3499
STN-02,2021-01-10 05:00:00,1.5,204.0,135.0,2.8,69.1,0.4409
STN-02,2021-01-10 06:00:00,0.8,165.0,130.0,1.3,71.9,0.4099
STN-02,2021-01-10 07:00:00,2.9,356.0,167.0,4.3,64.8,0.4429
STN-02,2021-01-10 08:00:00,3.4,439.0,185.0,5.9,57.8,0.4039
STN-02,2021-01-10 09:00:00,3.1,360.0,178.0,8.4,50.3,0.4178
STN-02,2021-01-10 10:00:00,3.1,405.0,,11.8,46.5,0.487
STN-02,2021-01-10 11:00:00,2.5,344.0,183.0,13.2,45.3,0.4744
STN-02,2021-01-10 12:00:00,2.1,314.0,166.0,14.0,39.9,0.442
STN-02,2021-01-10 13:00:00,1.3,177.0,128.0,45.60925433532667,43.0,0.4641
STN-02,2021-01-10 14:00:00,1.2,141.0,111.0,25.058781304052985,43.5,0.4137
STN-02,2021-01-10 15:00:00,1.3,161.0,115.0,13.040900216651895,42.5,0.3518
STN-02,2021-01-10 16:00:00,1.5,217.0,113.0,4.89122374815651,50.7,0.4326
STN-02,2021-01-10 17:00:00,2.7,410.0,144.0,10.4,49.3,0.3622
STN-02,2021-01-10 18:00:00,2.9,432.0,155.0,8.7,60.5,0.459
STN-02,2021-01-10 19:00:00,3.0,425.0,144.0,7.1,65.8,0.5121
STN-02,2021-01-10 20:00:00,2.0,322.0,128.0,6.1,60.4,0.4439
STN-02,2021-01-10 21:00:00,1.3,339.0,150.0,6.1,57.2,0.3904
STN-02,2021-01-10 22:00:00,0.6,278.0,125.0,4.8,57.0,0.3261
STN-02,2021-01-10 23:00:00,0.6,250.0,127.0,3.6,,0.3068
STN-02,2021-01-11 00:00:00,,-2.8224350859413265,102.0,4.0,63.6,0.395
STN-02,2021-01-11 01:00:00,0.8,182.0,94.0,3.3,63.9,0.3565
STN-02,2021-01-11 02:00:00,0.0,42.0,46.0,1.8,64.1,0.3215
STN-02,2021-01-11 03:00:00,0.0,29.0,70.0,2.5,61.8,0.3131
STN-02,2021-01-11 04:00:00,0.0,67.0,55.0,1.5,59.9,0.2362
STN-02,2021-01-11 05:00:00,0.0,102.0,52.0,0.2,64.7,
STN-02,2021-01-11 06:00:00,0.0,46.0,56.0,-0.5,58.9,0.1095
STN-02,2021-01-11 07:00:00,0.0,103.0,62.0,-0.6,59.7,0.1167
STN-02,2021-01-11 08:00:00,0.4,169.0,73.0,-0.3,52.8,0.05
STN-02,2021-01-11 09:00:00,1.0,224.0,95.0,1.4,48.1,0.0555
STN-02,2021-01-11 10:00:00,0.8,240.0,87.0,5.8,38.0,0.0744
STN-02,2021-01-11 11:00:00,1.3,223.0,86.0,8.2,32.3,0.0595
STN-02,2021-01-11 12:00:00,0.4,145.0,79.0,9.5,32.2,0.05
STN-02,2021-01-11 13:00:00,0.5,83.0,76.0,8.0,,0.05
STN-02,2021-01-11 14:00:00,1.3,198.0,111.0,6.8,38.9,0.05
STN-02,2021-01-11 15:00:00,1.2,129.0,102.0,5.7,42.9,0.05
STN-02,2021-01-11 16:00:00,0.8,,82.0,5.0,39.5,0.05
STN-02,2021-01-11 17:00:00,1.1,123.0,103.0,5.1,35.1,0.05
STN-02,2021-01-11 18:00:00,2.2,250.0,130.0,5.2,38.0,0.05
STN-02,2021-01-11 19:00:00,2.8,223.0,142.0,4.0,38.8,0.05
STN-02,2021-01-11 20:00:00,2.4,,145.0,1.6,47.9,0.05
STN-02,2021-01-11 21:00:00,2.5,429.0,162.0,0.2,59.0,0.05
STN-02,2021-01-11 22:00:00,1.1,257.0,133.0,-0.8,63.9,0.05
STN-02,2021-01-11 23:00:00,0.6,224.0,136.0,-1.0,63.7,0.05
STN-02,2021-01-12 00:00:00,0.7,174.0,126.0,-1.7,60.0,0.05
STN-02,2021-01-12 01:00:00,1.0,204.0,114.0,-2.2,62.2,0.05
STN-02,2021-01-12 02:00:00,2.0,,139.0,-2.0,60.3,0.05
STN-02,2021-01-12 03:00:00,0.8,178.0,130.0,-3.0,57.1,0.05
STN-02,2021-01-12 04:00:00,1.5,196.0,119.0,,60.1,0.05
STN-02,2021-01-12 05:00:00,1.3,,145.0,-3.0,63.0,0.05
STN-02,2021-01-12 06:00:00,1.1,228.0,158.0,-3.6,66.7,0.05
STN-02,2021-01-12 07:00:00,1.8,310.0,162.0,-2.2,67.0,0.05
STN-02,2021-01-12 08:00:00,2.2,426.0,175.0,-1.0,63.9,0.05
STN-02,2021-01-12 09:00:00,2.8,549.0,200.0,,60.9,0.05
STN-02,2021-01-12 10:00:00,2.7,610.0,200.0,2.5,57.6,0.05
STN-02,2021-01-12 11:00:00,2.7,634.0,207.0,,56.1,0.05
STN-02,2021-01-12 12:00:00,2.0,451.0,176.0,5.9,50.1,0.05
STN-02,2021-01-12 13:00:00,2.2,446.0,173.0,7.4,50.9,0.05
STN-02,2021-01-12 14:00:00,2.3,436.0,168.0,8.8,47.7,0.0513
STN-02,2021-01-12 15:00:00,1.6,364.0,181.0,9.6,45.1,0.0589
STN-02,2021-01-12 16:00:00,1.1,393.0,179.0,10.3,45.8,0.44801026357424034
STN-02,2021-01-12 17:00:00,1.5,474.0,208.0,10.9,50.3,0.15458045100773485
STN-02,2021-01-12 18:00:00,3.1,607.0,214.0,9.9,57.5,1.4289681747934178
STN-02,2021-01-12 19:00:00,3.4,622.0,207.0,6.9,65.5,0.2339
STN-02,2021-01-12 20:00:00,2.3,531.0,192.0,5.8,71.2,0.3085
STN-02,2021-01-12 21:00:00,1.8,452.0,181.0,5.4,75.1,0.3621
STN-02,2021-01-12 22:00:00,0.5,290.0,147.0,5.3,76.9,0.3871
STN-02,2021-01-12 23:00:00,0.1,,142.0,4.9,75.0,0.3563
STN-02,2021-01-13 00:00:00,0.4,209.0,129.0,4.5,85.8,0.4928
STN-02,2021-01-13 01:00:00,0.4,215.0,115.0,4.6,89.6,0.5333
STN-02,2021-01-13 02:00:00,0.0,108.0,82.0,6.1,88.5,0.5322
STN-02,2021-01-13 03:00:00,0.0,28.0,61.0,5.0,92.2,0.5616
STN-02,2021-01-13 04:00:00,0.0,1.0,48.0,5.6,92.1,0.5759
STN-02,2021-01-13 05:00:00,0.0,1.0,,3.2,91.4,
STN-02,2021-01-13 06:00:00,0.0,1.0,46.0,3.1,92.6,0.484
STN-02,2021-01-13 07:00:00,0.5,93.0,77.0,3.6,87.5,0.4118
STN-02,2021-01-13 08:00:00,1.4,210.0,88.0,4.3,82.2,0.3562
STN-02,2021-01-13 09:00:00,1.1,235.0,102.0,5.7,78.4,0.347
STN-02,2021-01-13 10:00:00,2.2,381.0,130.0,7.8,72.7,0.3227
STN-02,2021-01-13 11:00:00,2.1,379.0,138.0,8.4,64.8,0.2285
STN-02,2021-01-13 12:00:00,1.9,420.0,139.0,8.7,63.1,0.2203
STN-02,2021-01-13 13:00:00,1.9,358.0,124.0,9.4,60.9,0.1966
STN-02,2021-01-13 14:00:00,1.9,316.0,129.0,8.4,59.7,0.1336
STN-02,2021-01-13 15:00:00,2.7,358.0,150.0,8.5,61.1,0.1454
STN-02,2021-01-13 16:00:00,2.9,409.0,148.0,7.5,66.9,0.1872
STN-02,2021-01-13 17:00:00,3.3,386.0,160.0,5.9,68.3,0.1292
STN-02,2021-01-13 18:00:00,3.7,452.0,186.0,4.4,72.4,0.1763
STN-02,2021-01-13 19:00:00,5.1,544.0,192.0,4.1,78.3,0.2383
STN-02,2021-01-13 20:00:00,4.8,563.0,199.0,3.4,80.7,0.2884
STN-02,2021-01-13 21:00:00,3.2,446.0,178.0,2.8,76.7,0.2342
STN-02,2021-01-13 22:00:00,2.0,364.0,154.0,2.5,77.2,0.2408
STN-02,2021-01-13 23:00:00,2.4,371.0,134.0,2.5,79.2,0.2729
STN-02,2021-01-14 00:00:00,2.2,397.0,133.0,2.6,77.7,0.2285
STN-02,2021-01-14 01:00:00,2.0,385.0,100.0,2.5,76.0,0.239
STN-02,2021-01-14 02:00:00,2.0,296.0,95.0,3.7,74.6,0.2935
STN-02,2021-01-14 03:00:00,2.5,372.0,128.0,2.7,77.8,0.2662
STN-02,2021-01-14 04:00:00,2.6,374.0,124.0,2.7,79.3,0.2739
STN-02,2021-01-14 05:00:00,,226.0,80.0,3.3,81.8,0.2764
STN-02,2021-01-14 06:00:00,1.5,326.0,111.0,2.4,79.8,0.1971
STN-02,2021-01-14 07:00:00,2.5,,141.0,3.0,80.6,0.2373
STN-02,2021-01-14 08:00:00,3.7,605.0,173.0,4.1,78.0,0.2625
STN-02,2021-01-14 09:00:00,3.4,688.0,199.0,7.0,74.6,0.3257
STN-02,2021-01-14 10:00:00,3.1,594.0,194.0,9.1,68.6,0.3032
STN-02,2021-01-14 11:00:00,2.0,455.0,173.0,11.9,64.4,0.335
STN-02,2021-01-14 12:00:00,1.7,352.0,154.0,12.6,65.0,0.3647
STN-02,2021-01-14 13:00:00,0.9,200.0,100.0,13.2,66.5,0.3913
STN-02,2021-01-14 14:00:00,2.1,336.0,121.0,14.2,67.5,0.4146
STN-02,2021-01-14 15:00:00,2.0,339.0,126.0,14.3,57.3,0.2979
STN-02,2021-01-14 16:00:00,2.2,354.0,133.0,15.6,58.8,0.3789
STN-02,2021-01-14 17:00:00,2.2,387.0,135.0,15.2,60.5,0.3929
STN-02,2021-01-14 18:00:00,2.8,399.0,137.0,13.8,64.0,0.4475
STN-02,2021-01-14 19:00:00,2.6,381.0,136.0,11.0,63.6,0.3565
STN-02,2021-01-14 20:00:00,2.0,246.0,126.0,10.6,61.8,0.3552
STN-02,2021-01-14 21:00:00,1.9,229.0,135.0,9.3,58.0,0.2688
STN-02,2021-01-14 22:00:00,0.9,61.0,99.0,8.3,61.7,0.2869
STN-02,2021-01-14 23:00:00,1.2,76.0,95.0,6.8,66.3,0.3029
STN-02,2021-01-15 00:00:00,1.5,197.0,109.0,6.5,67.2,0.2157
STN-02,2021-01-15 01:00:00,1.2,140.0,87.0,6.4,70.0,0.2488
STN-02,2021-01-15 02:00:00,1.2,164.0,77.0,5.8,72.7,0.2766
STN-02,2021-01-15 03:00:00,1.0,153.0,82.0,4.1,74.5,0.2618
STN-02,2021-01-15 04:00:00,0.2,100.0,53.0,3.1,75.8,0.2921
STN-02,2021-01-15 05:00:00,0.5,96.0,50.0,2.6,79.9,0.3561
STN-02,2021-01-15 06:00:00,0.4,144.0,65.0,1.3,85.4,0.377
STN-02,2021-01-15 07:00:00,0.8,183.0,69.0,1.5,82.4,0.3493
STN-02,2021-01-15 08:00:00,2.3,356.0,104.0,3.1,72.5,0.2829
STN-02,2021-01-15 09:00:00,2.3,356.0,104.0,3.1,72.5,0.2829
STN-02,2021-01-15 10:00:00,2.3,400.0,124.0,9.0,60.1,0.3484
STN-02,2021-01-15 11:00:00,2.5,403.0,125.0,12.0,52.3,0.3276
STN-02,2021-01-15 12:00:00,2.0,342.0,128.0,14.5,44.3,0.3073
STN-02,2021-01-15 13:00:00,1.1,215.0,106.0,14.7,42.9,0.2634
STN-02,2021-01-15 14:00:00,1.3,224.0,109.0,15.4,39.5,0.2751
STN-02,2021-01-15 15:00:00,0.9,188.0,114.0,16.3,37.4,0.2603
STN-02,2021-01-15 16:00:00,1.7,245.0,126.0,14.7,39.4,0.2159
STN-02,2021-01-15 17:00:00,2.9,410.0,174.0,12.9,42.8,0.1736
STN-02,2021-01-15 18:00:00,3.0,401.0,170.0,11.6,44.7,0.1641
STN-02,2021-01-15 19:00:00,2.8,450.0,199.0,9.6,48.1,0.1319
STN-02,2021-01-15 20:00:00,2.9,461.0,179.0,8.6,50.6,0.1189
STN-02,2021-01-15 21:00:00,2.4,388.0,170.0,8.7,57.4,0.1861
STN-02,2021-01-15 22:00:00,2.0,293.0,128.0,9.2,59.0,0.2083
STN-02,2021-01-15 23:00:00,2.1,391.0,146.0,6.7,63.2,0.1667
STN-02,2021-01-16 00:00:00,1.7,273.0,113.0,6.8,67.5,0.2669
STN-02,2021-01-16 01:00:00,0.5,164.0,101.0,6.6,66.3,0.2443
STN-02,2021-01-16 02:00:00,0.2,145.0,82.0,4.7,73.1,0.2905
STN-02,2021-01-16 03:00:00,0.0,122.0,86.0,4.7,74.5,0.3115
STN-02,2021-01-16 04:00:00,0.0,100.0,78.0,4.0,74.6,0.3098
STN-02,2021-01-16 05:00:00,0.0,127.0,79.0,4.5,78.7,0.3444
STN-02,2021-01-16 06:00:00,0.0,127.0,79.0,4.5,78.7,0.3444
STN-02,2021-01-16 07:00:00,0.8,349.0,138.0,3.8,80.7,0.3682
STN-02,2021-01-16 08:00:00,1.5,429.0,152.0,5.9,73.3,0.3239
STN-02,2021-01-16 09:00:00,1.8,430.0,176.0,6.4,71.3,0.3308
STN-02,2021-01-16 10:00:00,1.6,435.0,189.0,9.5,63.7,0.3605
STN-02,2021-01-16 11:00:00,0.8,350.0,153.0,11.3,53.9,0.2982
STN-02,2021-01-16 12:00:00,0.7,226.0,123.0,11.6,55.3,0.3018
STN-02,2021-01-16 13:00:00,1.1,293.0,127.0,11.9,48.4,0.226
STN-02,2021-01-16 14:00:00,1.3,166.0,127.0,11.8,47.4,0.2096
STN-02,2021-01-16 15:00:00,1.7,302.0,142.0,13.7,43.3,0.2042
STN-02,2021-01-16 16:00:00,2.8,412.0,,13.0,44.3,0.2397
STN-02,2021-01-16 17:00:00,3.3,435.0,165.0,12.3,53.7,0.3381
STN-02,2021-01-16 18:00:00,3.6,432.0,190.0,11.5,56.2,0.3226
STN-02,2021-01-16 19:00:00,3.7,378.0,198.0,10.2,58.5,0.3453
STN-02,2021-01-16 20:00:00,2.4,162.0,169.0,10.1,52.5,0.3065
STN-02,2021-01-16 21:00:00,2.0,99.0,144.0,9.5,53.6,0.3248
STN-02,2021-01-16 22:00:00,0.6,1.0,108.0,9.5,52.7,0.3175
STN-02,2021-01-16 23:00:00,0.0,1.0,99.0,8.1,52.0,0.2778
STN-02,2021-01-17 00:00:00,0.0,1.0,92.0,7.8,52.3,0.2387
STN-02,2021-01-17 01:00:00,0.0,1.0,86.0,6.4,55.8,0.1992
STN-02,2021-01-17 02:00:00,0.0,1.0,52.0,7.6,58.9,0.2699
STN-02,2021-01-17 03:00:00,0.4,13.0,84.0,6.8,58.8,0.2071
STN-02,2021-01-17 04:00:00,0.9,43.0,92.0,7.8,57.5,0.2373
STN-02,2021-01-17 05:00:00,0.9,103.0,111.0,6.6,54.6,0.1436
STN-02,2021-01-17 06:00:00,1.5,264.0,148.0,7.2,46.6,0.113
STN-02,2021-01-17 07:00:00,1.5,315.0,163.0,5.9,52.0,0.1274
STN-02,2021-01-17 08:00:00,2.2,407.0,170.0,7.5,48.9,0.1329
STN-02,2021-01-17 09:00:00,3.2,519.0,220.0,9.4,41.7,0.1052
STN-02,2021-01-17 10:00:00,2.5,469.0,228.0,11.6,37.3,0.1278
STN-02,2021-01-17 11:00:00,1.7,455.0,221.0,15.4,36.1,0.2122
STN-02,2021-01-17 12:00:00,1.2,295.0,197.0,16.7,31.3,0.1772
STN-02,2021-01-17 13:00:00,0.9,242.0,187.0,18.7,27.7,0.1897
STN-02,2021-01-17 14:00:00,1.8,392.0,220.0,18.3,29.8,0.1798
STN-02,2021-01-17 15:00:00,0.7,277.0,187.0,18.9,24.0,0.1369
STN-02,2021-01-17 16:00:00,1.7,411.0,215.0,19.2,22.3,0.1236
STN-02,2021-01-17 17:00:00,2.6,555.0,241.0,18.9,28.1,0.1734
STN-02,2021-01-17 18:00:00,3.6,596.0,245.0,18.0,33.5,0.2273
STN-02,2021-01-17 19:00:00,,607.0,254.0,17.1,40.3,0.2819
STN-02,2021-01-17 20:00:00,4.4,609.0,256.0,16.4,44.3,
STN-02,2021-01-17 21:00:00,3.8,554.0,250.0,,48.5,0.3572
STN-02,2021-01-17 22:00:00,3.0,512.0,233.0,13.7,54.7,0.3945
STN-02,2021-01-17 23:00:00,2.5,441.0,199.0,12.1,59.6,0.3914
STN-02,2021-01-18 00:00:00,2.5,344.0,180.0,12.4,61.0,0.4201
STN-02,2021-01-18 01:00:00,2.8,,175.0,11.5,57.0,0.3287
STN-02,2021-01-18 02:00:00,2.5,307.0,158.0,12.3,59.4,0.4079
STN-02,2021-01-18 03:00:00,0.9,263.0,142.0,12.0,63.6,0.473
STN-02,2021-01-18 04:00:00,0.6,203.0,108.0,12.2,70.0,0.5528
STN-02,2021-01-18 05:00:00,0.7,169.0,106.0,11.6,69.0,0.5364
STN-02,2021-01-18 06:00:00,1.2,287.0,114.0,11.5,71.6,0.5336
STN-02,2021-01-18 07:00:00,2.0,394.0,139.0,12.6,68.5,0.5506
STN-02,2021-01-18 08:00:00,3.2,531.0,158.0,14.7,67.5,0.5959
STN-02,2021-01-18 09:00:00,3.1,478.0,168.0,16.2,61.3,0.5586
STN-02,2021-01-18 10:00:00,2.4,422.0,179.0,18.6,55.5,0.5823
STN-02,2021-01-18 11:00:00,1.8,378.0,167.0,20.8,53.6,0.6066
STN-02,2021-01-18 12:00:00,1.6,345.0,161.0,19.3,51.2,0.5315
STN-02,2021-01-18 13:00:00,1.2,241.0,152.0,19.9,49.4,0.5211
STN-02,2021-01-18 14:00:00,1.5,303.0,149.0,20.4,48.6,0.5116
STN-02,2021-01-18 15:00:00,1.3,265.0,132.0,18.6,48.3,0.4765
STN-02,2021-01-18 16:00:00,1.1,285.0,129.0,19.5,44.1,0.4289
STN-02,2021-01-18 17:00:00,1.8,329.0,157.0,18.5,44.8,0.4308
STN-02,2021-01-18 18:00:00,2.2,306.0,146.0,17.2,52.4,0.4821
STN-02,2021-01-18 19:00:00,2.6,348.0,154.0,16.1,53.3,
STN-02,2021-01-18 20:00:00,2.9,373.0,160.0,13.9,59.4,0.4727
STN-02,2021-01-18 21:00:00,1.7,339.0,158.0,15.0,58.3,0.4864
STN-02,2021-01-18 22:00:00,0.9,256.0,142.0,13.6,62.6,0.4875
STN-02,2021-01-18 23:00:00,1.1,221.0,140.0,13.6,62.2,0.4817
STN-02,2021-01-19 00:00:00,1.8,288.0,155.0,12.9,64.4,0.5104
STN-02,2021-01-19 01:00:00,2.2,333.0,148.0,12.0,64.1,0.4827
STN-02,2021-01-19 02:00:00,0.5,207.0,123.0,10.3,59.4,0.3817
STN-02,2021-01-19 03:00:00,0.7,297.0,146.0,11.9,57.7,0.4274
STN-02,2021-01-19 04:00:00,1.7,360.0,129.0,11.5,62.8,0.4713
STN-02,2021-01-19 05:00:00,1.0,254.0,116.0,11.7,63.8,0.4924
STN-02,2021-01-19 06:00:00,0.5,264.0,106.0,10.1,65.1,0.4659
STN-02,2021-01-19 07:00:00,1.8,439.0,144.0,9.8,65.9,0.4707
STN-02,2021-01-19 08:00:00,4.5,646.0,208.0,11.1,64.6,0.4644
STN-02,2021-01-19 09:00:00,4.0,588.0,197.0,13.6,60.5,0.4949
STN-02,2021-01-19 10:00:00,3.6,521.0,175.0,16.4,53.3,0.4657
STN-02,2021-01-19 11:00:00,2.5,390.0,158.0,17.3,54.6,0.4865
STN-02,2021-01-19 12:00:00,2.3,309.0,154.0,18.0,51.1,0.4601
STN-02,2021-01-19 13:00:00,2.0,221.0,143.0,19.5,39.2,0.3928
STN-02,2021-01-19 14:00:00,2.0,183.0,132.0,19.8,33.6,0.3335
STN-02,2021-01-19 15:00:00,1.9,224.0,144.0,20.1,33.2,0.3291
STN-02,2021-01-19 16:00:00,1.5,243.0,166.0,19.7,29.7,0.2502
STN-02,2021-01-19 17:00:00,3.5,472.0,220.0,18.3,31.8,0.2577
STN-02,2021-01-19 18:00:00,4.7,614.0,236.0,16.3,37.0,0.2533
STN-02,2021-01-19 19:00:00,4.2,588.0,245.0,15.2,38.0,0.21
STN-02,2021-01-19 20:00:00,4.9,661.0,258.0,15.4,48.1,0.3755
STN-02,2021-01-19 21:00:00,2.7,423.0,215.0,14.4,57.7,0.4586
STN-02,2021-01-19 22:00:00,2.0,391.0,199.0,13.8,64.1,0.5105
STN-02,2021-01-19 23:00:00,1.6,309.0,185.0,14.2,67.0,0.5562
STN-02,2021-01-20 00:00:00,0.8,226.0,182.0,14.2,68.9,0.5429
STN-02,2021-01-20 01:00:00,1.3,212.0,174.0,14.1,68.3,0.529
STN-02,2021-01-20 02:00:00,1.3,161.0,154.0,14.1,71.1,0.5608
STN-02,2021-01-20 03:00:00,,79.0,140.0,12.0,76.9,0.5473
STN-02,2021-01-20 04:00:00,1.0,24.0,135.0,10.7,80.5,0.5594
STN-02,2021-01-20 05:00:00,0.3,1.0,116.0,10.6,,0.5256
STN-02,2021-01-20 06:00:00,0.4,1.0,107.0,10.6,78.3,0.5353
STN-02,2021-01-20 07:00:00,0.9,50.0,128.0,10.6,82.5,0.5649
STN-02,2021-01-20 08:00:00,2.6,318.0,176.0,10.7,83.4,0.6067
STN-02,2021-01-20 09:00:00,2.6,340.0,169.0,13.2,75.6,0.5969
STN-02,2021-01-20 10:00:00,1.8,309.0,159.0,16.0,65.0,0.5601
STN-02,2021-01-20 11:00:00,1.7,247.0,155.0,17.6,60.3,0.5458
STN-02,2021-01-20 12:00:00,,369.0,183.0,17.3,58.5,0.509
STN-02,2021-01-20 13:00:00,2.3,296.0,179.0,17.4,56.5,0.4928
STN-02,2021-01-20 14:00:00,1.8,230.0,136.0,16.1,58.9,0.5009
STN-02,2021-01-20 15:00:00,1.1,154.0,121.0,16.0,63.8,0.5756
STN-02,2021-01-20 16:00:00,1.1,199.0,137.0,15.0,61.0,0.4703
STN-02,2021-01-20 17:00:00,2.7,325.0,164.0,15.4,66.9,0.5714
STN-02,2021-01-20 18:00:00,2.8,287.0,154.0,12.7,71.0,0.5623
STN-02,2021-01-20 19:00:00,1.7,128.0,131.0,10.4,69.9,0.5263
STN-02,2021-01-20 20:00:00,2.0,190.0,144.0,8.0,77.0,0.5506
STN-02,2021-01-20 21:00:00,0.9,79.0,123.0,8.3,75.3,0.5485
STN-02,2021-01-20 22:00:00,0.7,15.0,99.0,8.7,76.3,0.5792
STN-02,2021-01-20 23:00:00,1.3,65.0,100.0,8.4,75.4,0.5822
STN-02,2021-01-21 00:00:00,1.7,72.0,122.0,7.5,76.1,0.5812
STN-02,2021-01-21 01:00:00,1.5,69.0,110.0,7.8,69.9,0.5068
STN-02,2021-01-21 02:00:00,1.0,,106.0,6.9,73.5,0.5246
STN-02,2021-01-21 03:00:00,0.9,146.0,142.0,6.6,73.5,0.4968
STN-02,2021-01-21 04:00:00,0.9,120.0,121.0,7.2,75.0,0.5636
STN-02,2021-01-21 05:00:00,1.5,221.0,141.0,5.6,77.9,0.5731
STN-02,2021-01-21 06:00:00,1.6,183.0,145.0,6.4,76.9,0.6058
STN-02,2021-01-21 07:00:00,2.6,373.0,162.0,6.9,75.7,0.6088
STN-02,2021-01-21 08:00:00,3.5,418.0,182.0,9.6,68.1,0.6341
STN-02,2021-01-21 09:00:00,4.0,441.0,180.0,11.4,66.2,0.6637
STN-02,2021-01-21 10:00:00,4.2,519.0,218.0,12.6,62.7,0.6423
STN-02,2021-01-21 11:00:00,,475.0,219.0,15.3,,0.5435
STN-02,2021-01-21 12:00:00,3.0,424.0,199.0,16.1,44.0,
STN-02,2021-01-21 13:00:00,2.9,376.0,177.0,14.6,50.6,0.5351
STN-02,2021-01-21 14:00:00,2.4,243.0,145.0,15.4,48.0,0.5148
STN-02,2021-01-21 15:00:00,2.6,293.0,148.0,17.0,44.3,0.5106
STN-02,2021-01-21 16:00:00,3.1,366.0,148.0,15.6,49.1,0.5332
STN-02,2021-01-21 17:00:00,3.3,393.0,163.0,13.7,49.7,0.4988
STN-02,2021-01-21 18:00:00,3.3,405.0,165.0,12.7,61.3,0.6205
STN-02,2021-01-21 19:00:00,3.2,362.0,161.0,11.8,,0.6044
STN-02,2021-01-21 20:00:00,3.8,409.0,169.0,10.5,64.9,0.592
STN-02,2021-01-21 21:00:00,2.6,339.0,143.0,10.2,69.0,0.6725
STN-02,2021-01-21 22:00:00,2.4,309.0,133.0,9.0,71.3,0.6615
STN-02,2021-01-21 23:00:00,2.7,297.0,151.0,7.7,67.0,0.5398
STN-02,2021-01-22 00:00:00,3.2,324.0,156.0,6.0,71.1,0.4895
STN-02,2021-01-22 01:00:00,2.8,306.0,136.0,5.4,78.6,0.5172
STN-02,2021-01-22 02:00:00,2.9,,136.0,3.6,82.6,0.5167
STN-02,2021-01-22 03:00:00,2.9,361.0,149.0,4.2,88.1,0.6009
STN-02,2021-01-22 04:00:00,4.0,404.0,156.0,,87.8,0.647
STN-02,2021-01-22 05:00:00,3.6,400.0,142.0,5.6,85.2,0.6222
STN-02,2021-01-22 06:00:00,2.5,364.0,142.0,5.0,86.6,0.6279
STN-02,2021-01-22 07:00:00,3.2,475.0,161.0,5.3,88.2,0.6789
STN-02,2021-01-22 08:00:00,,602.0,193.0,4.2,85.2,0.6046
STN-02,2021-01-22 09:00:00,3.4,630.0,198.0,6.3,84.3,0.6674
STN-02,2021-01-22 10:00:00,4.0,697.0,227.0,9.1,71.1,0.5666
STN-02,2021-01-22 11:00:00,3.4,690.0,233.0,10.6,61.2,0.5123
STN-02,2021-01-22 12:00:00,2.2,548.0,200.0,12.2,58.4,0.4994
STN-02,2021-01-22 13:00:00,2.5,563.0,,12.3,59.7,0.461
STN-02,2021-01-22 14:00:00,3.4,566.0,195.0,13.9,60.3,0.5035
STN-02,2021-01-22 15:00:00,3.4,561.0,194.0,14.9,60.5,0.5233
STN-02,2021-01-22 16:00:00,3.4,526.0,203.0,14.9,55.8,0.529
STN-02,2021-01-22 17:00:00,4.2,583.0,208.0,14.9,57.1,0.5838
STN-02,2021-01-22 18:00:00,5.4,667.0,234.0,13.9,60.6,0.6306
STN-02,2021-01-22 19:00:00,,783.0,261.0,13.9,60.8,0.6671
STN-02,2021-01-22 20:00:00,4.9,667.0,240.0,12.5,67.1,0.6863
STN-02,2021-01-22 21:00:00,4.2,612.0,230.0,9.8,68.2,0.6543
STN-02,2021-01-22 22:00:00,3.8,625.0,221.0,8.1,72.5,0.6515
STN-02,2021-01-22 23:00:00,2.8,538.0,211.0,7.8,72.9,0.6464
STN-02,2021-01-23 00:00:00,1.8,393.0,196.0,6.5,,0.6328
STN-02,2021-01-23 01:00:00,1.9,351.0,186.0,6.7,74.0,0.6294
STN-02,2021-01-23 02:00:00,1.6,224.0,166.0,7.9,74.7,0.6996
STN-02,2021-01-23 03:00:00,2.3,281.0,168.0,6.7,80.0,0.7286
STN-02,2021-01-23 04:00:00,1.5,187.0,134.0,7.5,78.0,0.7743
STN-02,2021-01-23 05:00:00,1.1,141.0,125.0,6.0,80.7,0.7189
STN-02,2021-01-23 06:00:00,0.8,156.0,113.0,5.1,83.7,0.7328
STN-02,2021-01-23 07:00:00,2.1,265.0,112.0,6.3,88.6,
STN-02,2021-01-23 08:00:00,3.5,,153.0,6.5,90.0,0.8921
STN-02,2021-01-23 09:00:00,,450.0,142.0,6.9,85.1,0.8076
STN-02,2021-01-23 10:00:00,1.8,363.0,126.0,8.2,75.4,0.719
STN-02,2021-01-23 11:00:00,,342.0,128.0,9.4,73.8,0.7373
STN-02,2021-01-23 12:00:00,1.3,242.0,108.0,11.4,73.9,0.7619
STN-02,2021-01-23 13:00:00,1.2,229.0,115.0,11.1,72.5,0.7424
STN-02,2021-01-23 14:00:00,1.1,222.0,108.0,11.0,76.0,0.7782
STN-02,2021-01-23 15:00:00,0.2,186.0,99.0,11.2,72.0,0.7048
STN-02,2021-01-23 16:00:00,0.9,145.0,104.0,11.7,69.9,0.6778
STN-02,2021-01-23 17:00:00,2.6,294.0,162.0,12.0,67.3,0.6713
STN-02,2021-01-23 18:00:00,3.6,410.0,187.0,10.8,73.7,0.7662
STN-02,2021-01-23 19:00:00,4.0,339.0,158.0,8.8,78.2,0.7981
STN-02,2021-01-23 20:00:00,3.7,399.0,175.0,8.7,,0.8032
STN-02,2021-01-23 21:00:00,2.2,241.0,133.0,7.4,76.3,0.7793
STN-02,2021-01-23 22:00:00,1.1,197.0,109.0,8.1,78.2,0.8097
STN-02,2021-01-23 23:00:00,0.1,158.0,97.0,6.9,77.5,0.7546
STN-02,2021-01-24 00:00:00,1.0,245.0,,7.9,83.3,0.841
STN-02,2021-01-24 01:00:00,1.7,300.0,104.0,8.8,,0.9235
STN-02,2021-01-24 02:00:00,1.6,277.0,107.0,8.8,89.3,0.9771
STN-02,2021-01-24 03:00:00,1.5,327.0,134.0,7.3,87.4,0.9235
STN-02,2021-01-24 04:00:00,0.4,140.0,77.0,6.3,90.7,0.9265
STN-02,2021-01-24 05:00:00,0.0,15.0,54.0,5.2,91.0,0.8614
STN-02,2021-01-24 06:00:00,0.5,125.0,81.0,4.8,90.9,0.8546
STN-02,2021-01-24 07:00:00,1.6,197.0,103.0,5.5,93.1,0.8801
STN-02,2021-01-24 08:00:00,2.8,370.0,,6.1,88.6,0.8517
STN-02,2021-01-24 09:00:00,2.2,,141.0,6.5,90.0,0.8931
STN-02,2021-01-24 10:00:00,1.7,336.0,141.0,10.6,78.1,0.8702
STN-02,2021-01-24 11:00:00,2.7,406.0,157.0,12.6,77.3,0.9118
STN-02,2021-01-24 12:00:00,2.8,331.0,155.0,13.1,79.1,0.95
STN-02,2021-01-24 13:00:00,1.9,225.0,129.0,14.2,76.0,0.9315
STN-02,2021-01-24 14:00:00,0.5,120.0,87.0,12.5,74.8,0.848
STN-02,2021-01-24 15:00:00,0.5,187.0,123.0,12.6,73.1,0.8234
STN-02,2021-01-24 16:00:00,0.8,213.0,128.0,13.3,66.4,0.7949
STN-02,2021-01-24 17:00:00,0.0,26.0,108.0,13.9,63.5,0.7918
STN-02,2021-01-24 18:00:00,0.6,91.0,135.0,11.7,67.3,0.7641
STN-02,2021-01-24 19:00:00,2.0,220.0,154.0,10.0,76.3,0.8195
STN-02,2021-01-24 20:00:00,0.9,145.0,117.0,7.8,84.2,0.8638
STN-02,2021-01-24 21:00:00,0.6,118.0,119.0,7.0,85.0,0.8768
STN-02,2021-01-24 22:00:00,0.2,39.0,114.0,5.3,84.9,0.8167
STN-02,2021-01-24 23:00:00,1.1,114.0,110.0,5.3,89.3,0.8621
STN-02,2021-01-25 00:00:00,1.1,155.0,118.0,4.6,88.3,0.8199
STN-02,2021-01-25 01:00:00,0.0,19.0,89.0,3.5,86.2,0.7955
STN-02,2021-01-25 02:00:00,0.4,118.0,99.0,3.7,89.1,0.836
STN-02,2021-01-25 03:00:00,0.2,78.0,107.0,3.8,88.1,0.8075
STN-02,2021-01-25 04:00:00,0.0,18.0,70.0,4.3,86.2,0.809
STN-02,2021-01-25 05:00:00,0.0,1.0,52.0,1.9,86.6,0.7344
STN-02,2021-01-25 06:00:00,0.0,1.0,74.0,1.8,83.0,0.6937
STN-02,2021-01-25 07:00:00,0.0,21.0,96.0,1.0,80.8,0.6128
STN-02,2021-01-25 08:00:00,,128.0,107.0,2.8,77.7,0.6345
STN-02,2021-01-25 09:00:00,2.0,257.0,150.0,4.3,72.4,0.5959
STN-02,2021-01-25 10:00:00,1.0,173.0,134.0,6.4,68.1,0.5955
STN-02,2021-01-25 11:00:00,0.9,187.0,148.0,8.3,61.3,0.5386
STN-02,2021-01-25 12:00:00,0.0,52.0,119.0,9.5,54.8,0.4555
STN-02,2021-01-25 13:00:00,0.5,118.0,117.0,,53.2,0.472
STN-02,2021-01-25 14:00:00,0.5,169.0,113.0,10.2,51.9,0.4017
STN-02,2021-01-25 15:00:00,0.5,114.0,106.0,11.5,45.0,0.3595
STN-02,2021-01-25 16:00:00,0.4,157.0,122.0,11.7,43.0,0.3379
STN-02,2021-01-25 17:00:00,1.7,238.0,147.0,13.0,45.8,0.447
STN-02,2021-01-25 18:00:00,3.0,339.0,,11.9,51.5,0.5129
STN-02,2021-01-25 19:00:00,4.0,405.0,185.0,9.8,59.4,0.5219
STN-02,2021-01-25 20:00:00,4.6,406.0,176.0,8.2,65.8,0.5449
STN-02,2021-01-25 21:00:00,2.7,363.0,170.0,6.4,67.2,0.4765
STN-02,2021-01-25 22:00:00,2.2,322.0,158.0,5.4,63.8,0.3737
STN-02,2021-01-25 23:00:00,1.5,244.0,163.0,4.9,58.1,0.2804
STN-02,2021-01-26 00:00:00,1.3,247.0,158.0,4.3,58.7,0.2865
STN-02,2021-01-26 01:00:00,0.2,213.0,133.0,2.5,64.9,0.3191
STN-02,2021-01-26 02:00:00,0.1,185.0,125.0,2.6,64.0,0.2659
STN-02,2021-01-26 03:00:00,0.8,328.0,152.0,3.2,70.9,0.3461
STN-02,2021-01-26 04:00:00,1.5,351.0,126.0,3.4,72.5,0.3719
STN-02,2021-01-26 05:00:00,0.8,189.0,104.0,3.8,69.7,0.3559
STN-02,2021-01-26 06:00:00,0.6,156.0,97.0,2.2,73.0,0.3117
STN-02,2021-01-26 07:00:00,1.2,223.0,121.0,2.6,70.8,0.3167
STN-02,2021-01-26 08:00:00,1.7,327.0,135.0,2.8,70.5,0.3163
STN-02,2021-01-26 09:00:00,1.7,353.0,148.0,3.5,69.1,0.3019
STN-02,2021-01-26 10:00:00,0.3,174.0,134.0,5.1,61.4,0.2762
STN-02,2021-01-26 11:00:00,0.0,100.0,125.0,6.7,62.2,0.3197
STN-02,2021-01-26 12:00:00,0.3,119.0,116.0,7.4,61.7,0.3186
STN-02,2021-01-26 13:00:00,0.0,88.0,97.0,7.3,63.8,0.3113
STN-02,2021-01-26 14:00:00,0.1,97.0,111.0,7.9,59.4,0.2547
STN-02,2021-01-26 15:00:00,0.0,53.0,121.0,7.1,54.6,
STN-02,2021-01-26 16:00:00,0.0,20.0,113.0,6.1,58.3,0.205
STN-02,2021-01-26 17:00:00,0.4,54.0,124.0,6.2,65.0,0.2977
STN-02,2021-01-26 18:00:00,1.6,182.0,175.0,4.6,63.1,0.2361
STN-02,2021-01-26 19:00:00,2.2,321.0,206.0,2.5,71.6,0.263
STN-02,2021-01-26 20:00:00,2.2,328.0,211.0,1.1,73.0,0.2462
STN-02,2021-01-26 21:00:00,0.8,176.0,182.0,-1.0,76.4,0.1977
STN-02,2021-01-26 22:00:00,1.2,173.0,176.0,-1.7,79.6,0.2087
STN-02,2021-01-26 23:00:00,0.8,100.0,150.0,-2.2,82.1,0.2372
STN-02,2021-01-27 00:00:00,0.6,62.0,137.0,-2.6,88.7,0.3038
STN-02,2021-01-27 01:00:00,0.2,53.0,119.0,-1.4,92.7,0.3769
STN-02,2021-01-27 02:00:00,0.0,1.0,109.0,-2.0,87.3,0.3045
STN-02,2021-01-27 03:00:00,0.0,1.0,97.0,-1.1,82.3,0.266
STN-02,2021-01-27 04:00:00,0.0,1.0,109.0,-1.8,77.2,0.1595
STN-02,2021-01-27 05:00:00,0.0,1.0,67.0,-2.0,74.3,0.1046
STN-02,2021-01-27 06:00:00,0.0,1.0,99.0,-0.5,75.5,0.1749
STN-02,2021-01-27 07:00:00,0.2,40.0,123.0,-0.2,74.5,0.153
STN-02,2021-01-27 08:00:00,,254.0,172.0,0.9,73.5,0.1478
STN-02,2021-01-27 09:00:00,2.2,248.0,187.0,3.5,72.3,0.2282
STN-02,2021-01-27 10:00:00,2.6,393.0,224.0,6.3,67.8,0.2897
STN-02,2021-01-27 11:00:00,3.1,440.0,230.0,8.8,63.3,0.2874
STN-02,2021-01-27 12:00:00,3.1,,216.0,10.5,56.7,0.2443
STN-02,2021-01-27 13:00:00,3.1,364.0,196.0,10.5,60.1,0.2982
STN-02,2021-01-27 14:00:00,3.4,333.0,175.0,10.6,58.1,0.276
STN-02,2021-01-27 15:00:00,3.0,313.0,172.0,12.1,65.8,0.3902
STN-02,2021-01-27 16:00:00,3.1,412.0,195.0,12.7,62.6,0.3479
STN-02,2021-01-27 17:00:00,3.6,363.0,201.0,12.6,61.4,0.3709
STN-02,2021-01-27 18:00:00,3.2,393.0,220.0,11.1,62.3,0.3858
STN-02,2021-01-27 19:00:00,3.7,402.0,226.0,9.3,59.9,0.3548
STN-02,2021-01-27 20:00:00,2.7,392.0,216.0,5.4,64.6,0.2786
STN-02,2021-01-27 21:00:00,1.4,328.0,196.0,4.4,65.6,0.2711
STN-02,2021-01-27 22:00:00,0.3,148.0,184.0,4.7,63.2,0.276
STN-02,2021-01-27 23:00:00,0.4,156.0,172.0,5.8,60.9,0.2822
STN-02,2021-01-28 00:00:00,1.0,191.0,173.0,5.5,58.7,0.2438
STN-02,2021-01-28 01:00:00,0.3,141.0,161.0,,52.5,0.2275
STN-02,2021-01-28 02:00:00,0.7,200.0,159.0,5.4,60.7,0.289
STN-02,2021-01-28 03:00:00,0.9,248.0,160.0,5.1,61.2,0.2946
STN-02,2021-01-28 04:00:00,1.0,203.0,139.0,3.6,57.3,0.2351
STN-02,2021-01-28 05:00:00,0.7,206.0,135.0,3.0,59.6,0.2427
STN-02,2021-01-28 06:00:00,0.4,193.0,150.0,1.7,63.1,0.2572
STN-02,2021-01-28 07:00:00,2.1,305.0,178.0,3.2,64.3,0.3295
STN-02,2021-01-28 08:00:00,2.8,359.0,175.0,5.7,63.4,
STN-02,2021-01-28 09:00:00,2.2,278.0,164.0,7.0,57.4,0.3897
STN-02,2021-01-28 10:00:00,2.9,334.0,197.0,9.7,49.7,0.3902
STN-02,2021-01-28 11:00:00,2.5,304.0,202.0,12.0,45.3,0.4044
STN-02,2021-01-28 12:00:00,1.8,195.0,167.0,,50.9,0.4799
STN-02,2021-01-28 13:00:00,1.1,82.0,157.0,13.3,47.4,
STN-02,2021-01-28 14:00:00,1.2,53.0,155.0,13.2,49.9,0.4023
STN-02,2021-01-28 15:00:00,0.9,31.0,137.0,13.5,49.6,0.4155
STN-02,2021-01-28 16:00:00,0.5,90.0,116.0,12.0,56.5,0.4367
STN-02,2021-01-28 17:00:00,1.0,93.0,124.0,12.5,57.4,0.4878
STN-02,2021-01-28 18:00:00,1.4,107.0,122.0,10.0,62.8,0.5031
STN-02,2021-01-28 19:00:00,2.1,162.0,141.0,8.5,72.7,0.5448
STN-02,2021-01-28 20:00:00,1.9,166.0,136.0,,80.0,0.6158
STN-02,2021-01-28 21:00:00,1.9,202.0,157.0,7.0,77.3,0.5759
STN-02,2021-01-28 22:00:00,1.3,131.0,152.0,7.5,76.9,0.5914
STN-02,2021-01-28 23:00:00,2.0,202.0,148.0,8.1,77.4,0.5974
STN-02,2021-01-29 00:00:00,0.9,183.0,141.0,7.3,75.4,0.5822
STN-02,2021-01-29 01:00:00,0.3,160.0,138.0,6.9,78.5,0.5937
STN-02,2021-01-29 02:00:00,0.4,150.0,121.0,6.1,87.8,0.662
STN-02,2021-01-29 03:00:00,0.8,187.0,147.0,4.8,88.1,0.6227
STN-02,2021-01-29 04:00:00,0.0,63.0,97.0,5.4,85.8,0.6276
STN-02,2021-01-29 05:00:00,0.3,157.0,100.0,5.9,87.0,0.6558
STN-02,2021-01-29 06:00:00,0.3,128.0,80.0,5.4,86.7,0.643
STN-02,2021-01-29 07:00:00,1.3,269.0,109.0,4.6,88.1,0.6514
STN-02,2021-01-29 08:00:00,2.2,412.0,152.0,5.2,86.9,0.6292
STN-02,2021-01-29 09:00:00,1.7,384.0,168.0,6.4,80.2,0.6298
STN-02,2021-01-29 10:00:00,2.2,440.0,189.0,10.4,71.5,0.6483
STN-02,2021-01-29 11:00:00,2.3,426.0,173.0,11.7,61.5,0.5785
STN-02,2021-01-29 12:00:00,2.3,442.0,166.0,11.7,60.9,0.5662
STN-02,2021-01-29 13:00:00,2.0,386.0,158.0,11.9,56.6,0.516
STN-02,2021-01-29 14:00:00,2.0,427.0,167.0,12.4,53.7,0.4866
STN-02,2021-01-29 15:00:00,1.5,428.0,153.0,13.2,54.0,0.4767
STN-02,2021-01-29 16:00:00,1.6,426.0,145.0,12.7,57.3,0.5061
STN-02,2021-01-29 17:00:00,1.8,446.0,174.0,11.6,54.0,0.4448
STN-02,2021-01-29 18:00:00,3.3,516.0,210.0,11.2,54.8,0.4627
STN-02,2021-01-29 19:00:00,3.1,493.0,205.0,7.5,64.0,0.4728
STN-02,2021-01-29 20:00:00,3.1,510.0,203.0,6.9,67.6,0.4811
STN-02,2021-01-29 21:00:00,1.9,439.0,162.0,6.4,73.8,
STN-02,2021-01-29 22:00:00,0.8,373.0,150.0,5.3,70.4,0.4612
STN-02,2021-01-29 23:00:00,1.2,370.0,157.0,5.1,76.8,0.5001
STN-02,2021-01-30 00:00:00,1.8,391.0,158.0,5.9,77.3,0.524
STN-02,2021-01-30 01:00:00,0.9,264.0,128.0,6.1,74.1,0.5324
STN-02,2021-01-30 02:00:00,0.9,243.0,126.0,6.3,73.7,0.4959
STN-02,2021-01-30 03:00:00,0.0,181.0,109.0,5.3,75.7,0.4621
STN-02,2021-01-30 04:00:00,0.0,46.0,87.0,4.5,74.5,0.3812
STN-02,2021-01-30 05:00:00,0.0,,94.0,4.3,74.7,0.3906
STN-02,2021-01-30 06:00:00,0.2,186.0,117.0,3.3,74.7,0.3407
STN-02,2021-01-30 07:00:00,0.4,227.0,142.0,4.9,73.3,0.3852
STN-02,2021-01-30 08:00:00,1.3,287.0,149.0,6.5,75.0,0.4899
STN-02,2021-01-30 09:00:00,2.1,390.0,191.0,8.7,,0.4423
STN-02,2021-01-30 10:00:00,2.7,437.0,205.0,12.3,63.0,0.4759
STN-02,2021-01-30 11:00:00,2.3,388.0,176.0,14.2,61.5,0.5113
STN-02,2021-01-30 12:00:00,2.3,373.0,173.0,15.2,56.9,0.4744
STN-02,2021-01-30 13:00:00,2.4,308.0,166.0,17.3,54.2,0.4682
STN-02,2021-01-30 14:00:00,2.1,293.0,165.0,17.4,57.6,0.5033
STN-02,2021-01-30 15:00:00,1.6,206.0,158.0,18.5,56.2,0.5037
STN-02,2021-01-30 16:00:00,1.8,179.0,152.0,19.3,58.7,0.5618
STN-02,2021-01-30 17:00:00,2.0,235.0,147.0,17.1,62.8,0.5733
STN-02,2021-01-30 18:00:00,3.4,440.0,180.0,14.9,65.1,0.5744
STN-02,2021-01-30 19:00:00,3.9,467.0,177.0,14.9,63.6,0.5797
STN-02,2021-01-30 20:00:00,4.3,559.0,217.0,14.0,64.2,0.5672
STN-02,2021-01-30 21:00:00,3.3,521.0,203.0,13.4,68.3,0.5661
STN-02,2021-01-30 22:00:00,2.6,348.0,189.0,12.7,72.9,0.5969
STN-02,2021-01-30 23:00:00,2.9,386.0,193.0,11.5,78.6,0.6538
STN-02,2021-01-31 00:00:00,2.8,344.0,169.0,10.6,80.3,0.629
STN-02,2021-01-31 01:00:00,2.2,,174.0,9.4,79.7,0.5929
STN-02,2021-01-31 02:00:00,,187.0,155.0,8.1,78.0,0.5463
STN-02,2021-01-31 03:00:00,1.5,255.0,155.0,8.4,82.4,0.6337
STN-02,2021-01-31 04:00:00,1.9,363.0,157.0,8.3,89.8,0.7015
STN-02,2021-01-31 05:00:00,1.3,300.0,141.0,8.2,88.0,0.6851
STN-02,2021-01-31 06:00:00,1.9,294.0,157.0,7.9,86.2,0.6684
STN-02,2021-01-31 07:00:00,2.3,305.0,182.0,9.0,81.9,0.6627
STN-02,2021-01-31 08:00:00,3.4,392.0,191.0,10.1,77.0,0.6251
STN-02,2021-01-31 09:00:00,2.6,305.0,187.0,12.4,72.5,0.6712
STN-02,2021-01-31 10:00:00,2.6,328.0,200.0,14.8,76.7,0.7933
STN-02,2021-01-31 11:00:00,2.7,329.0,198.0,15.5,71.5,0.745
STN-02,2021-01-31 12:00:00,3.4,428.0,209.0,17.6,70.9,0.7864
STN-02,2021-01-31 13:00:00,3.4,430.0,210.0,17.1,63.7,0.6891
STN-02,2021-01-31 14:00:00,2.8,305.0,188.0,16.1,63.7,0.6764
STN-02,2021-01-31 15:00:00,3.1,315.0,181.0,16.9,59.3,0.6564
STN-02,2021-01-31 16:00:00,3.0,280.0,180.0,18.1,63.1,0.7236
STN-02,2021-01-31 17:00:00,3.0,203.0,197.0,17.3,58.7,0.6795
STN-02,2021-01-31 18:00:00,3.0,104.0,205.0,14.4,61.2,0.6558
STN-02,2021-01-31 19:00:00,4.7,243.0,,,63.6,0.7003
STN-02,2021-01-31 20:00:00,4.3,280.0,214.0,12.7,67.5,0.7337
STN-02,2021-01-31 21:00:00,4.1,303.0,191.0,12.5,73.6,0.8111
STN-02,2021-01-31 22:00:00,3.7,286.0,183.0,12.0,78.5,0.8367
STN-02,2021-01-31 23:00:00,2.3,107.0,139.0,13.0,77.9,0.8937
STN-02,2021-02-01 00:00:00,2.1,125.0,165.0,12.4,74.4,0.8037
STN-02,2021-02-01 01:00:00,1.4,77.0,151.0,11.8,71.6,0.7518
STN-02,2021-02-01 02:00:00,,1.0,130.0,11.8,74.4,0.7711
STN-02,2021-02-01 03:00:00,0.0,1.0,125.0,10.8,76.0,0.7603
STN-02,2021-02-01 04:00:00,0.0,1.0,,11.4,72.6,0.7276
STN-02,2021-02-01 05:00:00,0.0,,107.0,10.8,75.3,0.7306
STN-02,2021-02-01 06:00:00,0.0,1.0,131.0,8.6,72.5,0.5963
STN-02,2021-02-01 07:00:00,1.7,203.0,184.0,10.4,67.6,0.5737
STN-02,2021-02-01 08:00:00,2.6,371.0,206.0,10.4,70.4,0.6273
STN-02,2021-02-01 09:00:00,2.2,336.0,212.0,11.3,66.2,0.6397
STN-02,2021-02-01 10:00:00,1.2,265.0,203.0,12.4,64.5,0.641
STN-02,2021-02-01 11:00:00,0.7,224.0,196.0,14.0,60.2,0.64
STN-02,2021-02-01 12:00:00,1.4,280.0,196.0,14.9,55.9,
STN-02,2021-02-01 13:00:00,1.9,254.0,199.0,15.6,52.6,0.5781
STN-02,2021-02-01 14:00:00,1.4,206.0,176.0,14.8,52.8,0.5167
STN-02,2021-02-01 15:00:00,1.1,178.0,196.0,14.7,48.4,0.4562
STN-02,2021-02-01 16:00:00,0.2,159.0,188.0,11.7,48.3,0.3606
STN-02,2021-02-01 17:00:00,1.0,249.0,208.0,11.7,52.8,0.3967
STN-02,2021-02-01 18:00:00,1.5,232.0,211.0,10.3,53.4,0.3816
STN-02,2021-02-01 19:00:00,2.3,287.0,232.0,8.6,61.6,0.4468
STN-02,2021-02-01 20:00:00,2.1,384.0,244.0,5.9,61.9,0.3517
STN-02,2021-02-01 21:00:00,1.3,319.0,238.0,5.1,134.03693519046956,0.3374
STN-02,2021-02-01 22:00:00,1.4,260.0,212.0,6.2,59.5,0.3772
STN-02,2021-02-01 23:00:00,1.3,161.0,200.0,5.8,63.3,0.4047
STN-02,2021-02-02 00:00:00,0.9,73.0,181.0,5.0,63.3,0.4014
STN-02,2021-02-02 01:00:00,0.4,104.0,184.0,4.2,60.2,0.3066
STN-02,2021-02-02 02:00:00,0.9,47.0,160.0,6.4,62.5,0.3965
STN-02,2021-02-02 03:00:00,0.4,71.0,185.0,5.8,59.2,0.3096
STN-02,2021-02-02 04:00:00,0.2,1.0,172.0,5.8,57.8,0.3116
STN-02,2021-02-02 05:00:00,0.3,1.0,,5.3,61.3,0.2985
STN-02,2021-02-02 06:00:00,,95.0,182.0,5.2,61.3,0.2932
STN-02,2021-02-02 07:00:00,1.4,186.0,203.0,5.5,67.5,0.3495
STN-02,2021-02-02 08:00:00,1.6,300.0,224.0,5.5,62.2,0.2795
STN-02,2021-02-02 09:00:00,2.5,383.0,225.0,6.7,61.7,0.3208
STN-02,2021-02-02 10:00:00,2.0,381.0,231.0,9.2,57.3,0.3533
STN-02,2021-02-02 11:00:00,1.6,323.0,211.0,11.7,55.7,0.3893
STN-02,2021-02-02 12:00:00,1.4,292.0,204.0,12.8,53.8,0.3523
STN-02,2021-02-02 13:00:00,1.0,185.0,190.0,13.9,49.4,0.3779
STN-02,2021-02-02 14:00:00,0.7,133.0,168.0,14.4,45.5,0.331
STN-02,2021-02-02 15:00:00,1.0,172.0,176.0,16.2,39.3,0.3051
STN-02,2021-02-02 16:00:00,1.6,201.0,181.0,16.1,39.0,0.3157
STN-02,2021-02-02 17:00:00,1.7,208.0,183.0,14.9,44.8,0.3662
STN-02,2021-02-02 18:00:00,1.7,217.0,197.0,13.3,46.1,0.3508
STN-02,2021-02-02 19:00:00,3.5,376.0,214.0,10.5,56.2,0.4042
STN-02,2021-02-02 20:00:00,3.4,372.0,224.0,9.4,55.1,0.3626
STN-02,2021-02-02 21:00:00,1.4,288.0,216.0,7.5,,0.2599
STN-02,2021-02-02 22:00:00,1.3,260.0,203.0,6.9,51.6,0.2246
STN-02,2021-02-02 23:00:00,0.5,126.0,185.0,5.6,52.2,0.1711
STN-02,2021-02-03 00:00:00,1.5,224.0,199.0,5.4,57.8,0.2253
STN-02,2021-02-03 01:00:00,2.0,274.0,211.0,5.4,62.4,0.2997
STN-02,2021-02-03 02:00:00,1.1,,198.0,4.4,64.3,0.3016
STN-02,2021-02-03 03:00:00,0.6,127.0,198.0,3.5,64.0,0.2682
STN-02,2021-02-03 04:00:00,2.0,293.0,206.0,3.0,70.2,0.3072
STN-02,2021-02-03 05:00:00,2.1,290.0,216.0,2.5,69.9,0.294
STN-02,2021-02-03 06:00:00,2.6,346.0,228.0,3.8,76.3,0.3686
STN-02,2021-02-03 07:00:00,2.4,364.0,235.0,5.0,71.2,0.3321
STN-02,2021-02-03 08:00:00,3.3,431.0,270.0,5.1,67.8,0.305
STN-02,2021-02-03 09:00:00,4.1,467.0,282.0,7.2,68.3,0.4159
STN-02,2021-02-03 10:00:00,2.6,398.0,267.0,9.0,61.4,0.3918
STN-02,2021-02-03 11:00:00,2.5,348.0,257.0,9.8,64.5,0.451
STN-02,2021-02-03 12:00:00,2.6,395.0,271.0,9.4,64.5,0.4226
STN-02,2021-02-03 13:00:00,2.5,315.0,236.0,10.1,64.3,0.4559
STN-02,2021-02-03 14:00:00,1.6,215.0,204.0,11.7,52.7,0.3983
STN-02,2021-02-03 15:00:00,1.1,201.0,186.0,12.4,57.8,0.4869
STN-02,2021-02-03 16:00:00,1.6,231.0,189.0,12.9,59.1,0.4939
STN-02,2021-02-03 17:00:00,2.3,262.0,213.0,9.8,60.5,0.392
STN-02,2021-02-03 18:00:00,2.4,261.0,209.0,9.4,,0.4312
STN-02,2021-02-03 19:00:00,3.6,370.0,230.0,8.2,64.6,
STN-02,2021-02-03 20:00:00,3.7,464.0,235.0,6.7,70.0,0.4375
STN-02,2021-02-03 21:00:00,2.5,,212.0,6.2,66.1,0.3855
STN-02,2021-02-03 22:00:00,2.2,,211.0,6.0,71.3,0.4028
STN-02,2021-02-03 23:00:00,1.8,283.0,170.0,5.4,72.8,0.4091
STN-02,2021-02-04 00:00:00,1.4,220.0,156.0,4.2,77.2,0.4006
STN-02,2021-02-04 01:00:00,1.0,216.0,153.0,3.0,79.2,0.4179
STN-02,2021-02-04 02:00:00,0.2,127.0,123.0,2.2,81.8,0.403
STN-02,2021-02-04 03:00:00,1.5,190.0,,3.0,81.2,0.4437
STN-02,2021-02-04 04:00:00,1.1,150.0,127.0,3.0,,0.4216
STN-02,2021-02-04 05:00:00,1.6,202.0,147.0,2.8,88.1,0.4669
STN-02,2021-02-04 06:00:00,1.4,246.0,167.0,0.6,98.1,0.5203
STN-02,2021-02-04 07:00:00,2.5,322.0,189.0,2.2,93.0,0.5214
STN-02,2021-02-04 08:00:00,3.5,524.0,224.0,2.1,89.2,0.4882
STN-02,2021-02-04 09:00:00,2.7,481.0,212.0,3.9,84.8,0.4809
STN-02,2021-02-04 10:00:00,1.9,439.0,221.0,5.4,81.9,0.469
STN-02,2021-02-04 11:00:00,1.5,482.0,220.0,8.6,73.1,0.4298
STN-02,2021-02-04 12:00:00,1.3,434.0,209.0,12.4,62.3,0.3689
STN-02,2021-02-04 13:00:00,1.5,449.0,217.0,13.1,62.4,0.3802
STN-02,2021-02-04 14:00:00,0.9,345.0,205.0,12.1,65.0,0.3866
STN-02,2021-02-04 15:00:00,0.7,226.0,196.0,14.5,58.8,0.4127
STN-02,2021-02-04 16:00:00,1.5,302.0,214.0,14.4,58.4,0.3921
STN-02,2021-02-04 17:00:00,1.4,238.0,213.0,13.8,58.1,0.3873
STN-02,2021-02-04 18:00:00,2.6,367.0,226.0,11.6,61.9,0.4097
STN-02,2021-02-04 19:00:00,2.6,297.0,225.0,9.7,67.5,0.4396
STN-02,2021-02-04 20:00:00,1.7,210.0,205.0,7.7,70.3,0.4401
STN-02,2021-02-04 21:00:00,1.3,103.0,186.0,8.0,70.6,0.471
STN-02,2021-02-04 22:00:00,1.2,57.0,180.0,7.8,77.5,0.5436
STN-02,2021-02-04 23:00:00,1.5,93.0,190.0,6.5,81.3,0.5382
STN-02,2021-02-05 00:00:00,1.4,51.0,188.0,4.9,80.7,0.4681
STN-02,2021-02-05 01:00:00,1.3,12.0,160.0,5.3,80.5,0.5156
STN-02,2021-02-05 02:00:00,0.5,1.0,142.0,5.7,84.7,0.567
STN-02,2021-02-05 03:00:00,0.2,1.0,168.0,3.3,88.1,0.4944
STN-02,2021-02-05 04:00:00,0.0,1.0,115.0,2.2,86.9,0.4812
STN-02,2021-02-05 05:00:00,0.0,1.0,113.0,2.8,77.5,0.3959
STN-02,2021-02-05 06:00:00,0.0,1.0,127.0,0.4,72.2,
STN-02,2021-02-05 07:00:00,0.0,1.0,145.0,1.3,72.2,0.3025
STN-02,2021-02-05 08:00:00,1.3,199.0,188.0,2.7,74.1,
STN-02,2021-02-05 09:00:00,2.4,299.0,211.0,3.9,68.1,0.3572
STN-02,2021-02-05 10:00:00,2.0,224.0,211.0,6.1,63.6,0.3523
STN-02,2021-02-05 11:00:00,2.7,,239.0,8.2,66.2,
STN-02,2021-02-05 12:00:00,2.5,181.0,201.0,9.2,64.8,0.423
STN-02,2021-02-05 13:00:00,3.2,199.0,185.0,10.1,62.2,0.424
STN-02,2021-02-05 14:00:00,2.6,145.0,177.0,8.9,,0.4239
STN-02,2021-02-05 15:00:00,2.5,124.0,164.0,9.3,67.5,0.426
STN-02,2021-02-05 16:00:00,1.9,13.0,124.0,9.5,64.4,0.3979
STN-02,2021-02-05 17:00:00,2.4,73.0,131.0,8.7,59.3,0.3485
STN-02,2021-02-05 18:00:00,3.0,150.0,147.0,8.7,,0.3627
STN-02,2021-02-05 19:00:00,3.9,271.0,165.0,6.8,68.3,0.4096
STN-02,2021-02-05 20:00:00,4.9,400.0,181.0,5.8,69.1,0.4087
STN-02,2021-02-05 21:00:00,3.9,347.0,179.0,6.3,73.0,0.4896
STN-02,2021-02-05 22:00:00,3.5,324.0,198.0,6.1,71.5,0.4464
STN-02,2021-02-05 23:00:00,3.3,316.0,185.0,4.7,78.6,0.4553
STN-02,2021-02-06 00:00:00,3.7,422.0,210.0,4.5,79.3,0.478
STN-02,2021-02-06 01:00:00,3.4,399.0,204.0,4.3,75.0,0.4438
STN-02,2021-02-06 02:00:00,3.5,396.0,200.0,3.1,75.3,0.422
STN-02,2021-02-06 03:00:00,2.8,419.0,210.0,3.3,71.3,0.3899
STN-02,2021-02-06 04:00:00,1.9,229.0,157.0,2.2,71.9,0.3602
STN-02,2021-02-06 05:00:00,2.0,237.0,135.0,3.0,68.0,0.2958
STN-02,2021-02-06 06:00:00,1.9,249.0,160.0,1.7,71.1,0.2548
STN-02,2021-02-06 07:00:00,2.2,307.0,186.0,1.8,67.5,0.1824
STN-02,2021-02-06 08:00:00,3.3,469.0,216.0,4.1,61.3,0.182
STN-02,2021-02-06 09:00:00,4.0,492.0,222.0,5.1,64.1,0.2428
STN-02,2021-02-06 10:00:00,3.8,506.0,227.0,8.8,55.7,0.2761
STN-02,2021-02-06 11:00:00,2.7,388.0,211.0,11.3,50.4,0.2864
STN-02,2021-02-06 12:00:00,2.3,411.0,209.0,9.7,45.6,0.1426
STN-02,2021-02-06 13:00:00,2.1,343.0,203.0,10.6,40.6,0.0939
STN-02,2021-02-06 14:00:00,2.8,420.0,207.0,10.4,42.8,0.1051
STN-02,2021-02-06 15:00:00,3.2,467.0,215.0,10.6,41.0,0.0817
STN-02,2021-02-06 16:00:00,3.4,449.0,201.0,10.0,45.4,0.0917
STN-02,2021-02-06 17:00:00,4.9,590.0,246.0,9.1,47.0,0.0751
STN-02,2021-02-06 18:00:00,3.8,479.0,240.0,7.8,46.9,0.0722
STN-02,2021-02-06 19:00:00,4.9,562.0,,6.3,54.5,0.1098
STN-02,2021-02-06 20:00:00,4.5,572.0,243.0,4.0,59.3,0.1285
STN-02,2021-02-06 21:00:00,2.9,409.0,204.0,2.0,66.9,0.1929
STN-02,2021-02-06 22:00:00,3.6,480.0,211.0,1.0,69.2,0.1916
STN-02,2021-02-06 23:00:00,2.8,377.0,192.0,1.0,64.4,0.1524
STN-02,2021-02-07 00:00:00,1.8,231.0,188.0,-0.7,65.9,0.1176
STN-02,2021-02-07 01:00:00,2.0,270.0,201.0,-0.8,66.9,0.1214
STN-02,2021-02-07 02:00:00,1.7,258.0,200.0,-0.6,64.7,0.085
STN-02,2021-02-07 03:00:00,2.4,250.0,179.0,-1.1,66.7,0.112
STN-02,2021-02-07 04:00:00,3.0,269.0,183.0,-2.9,65.9,0.05
STN-02,2021-02-07 05:00:00,2.3,256.0,172.0,-2.6,71.5,0.0725
STN-02,2021-02-07 06:00:00,2.1,227.0,159.0,-2.1,71.5,0.0984
STN-02,2021-02-07 07:00:00,2.7,267.0,178.0,-2.4,64.4,0.05
STN-02,2021-02-07 08:00:00,2.6,229.0,171.0,-2.0,61.5,0.05
STN-02,2021-02-07 09:00:00,2.3,215.0,181.0,1.3,53.6,0.05
STN-02,2021-02-07 10:00:00,2.1,194.0,199.0,4.9,43.0,0.05
STN-02,2021-02-07 11:00:00,1.6,157.0,197.0,6.9,42.7,0.05
STN-02,2021-02-07 12:00:00,1.0,113.0,174.0,7.8,38.6,0.05
STN-02,2021-02-07 13:00:00,0.7,98.0,173.0,8.8,38.5,0.05
STN-02,2021-02-07 14:00:00,1.9,239.0,198.0,8.9,37.8,0.05
STN-02,2021-02-07 15:00:00,2.1,277.0,200.0,8.9,37.6,0.05
STN-02,2021-02-07 16:00:00,2.6,360.0,225.0,9.0,32.2,0.05
STN-02,2021-02-07 17:00:00,2.5,331.0,243.64862572871584,8.5,29.7,0.05
STN-02,2021-02-07 18:00:00,8.440982605285631,446.0,201.0992348925404,5.5,45.3,0.05
STN-02,2021-02-07 19:00:00,4.9,522.0,238.2941640868001,5.0,51.9,0.05
STN-02,2021-02-07 20:00:00,4.4,430.0,380.8303187266338,4.9,53.1,0.05
STN-02,2021-02-07 21:00:00,3.6,287.0,309.6677764982824,5.1,52.2,0.05
STN-02,2021-02-07 22:00:00,2.6,213.0,218.0,5.1,51.9,0.0567
STN-02,2021-02-07 23:00:00,2.0,154.0,206.0,4.9,51.7,0.05
STN-02,2021-02-08 00:00:00,2.0,137.0,194.0,5.6,57.4,0.1774
STN-02,2021-02-08 01:00:00,0.9,1.0,136.0,7.1,51.4,0.1775
STN-02,2021-02-08 02:00:00,0.3,1.0,100.0,6.9,51.6,0.172
STN-02,2021-02-08 03:00:00,0.2,1.0,104.0,6.4,60.0,0.2818
STN-02,2021-02-08 04:00:00,0.6,1.0,91.0,7.2,63.4,0.3423
STN-02,2021-02-08 05:00:00,1.3,1.0,,8.4,64.1,0.3908
STN-02,2021-02-08 06:00:00,1.9,1.0,114.0,8.3,65.5,0.4197
STN-02,2021-02-08 07:00:00,3.7,196.0,172.0,9.7,59.7,0.4013
STN-02,2021-02-08 08:00:00,4.7,369.0,202.0,10.5,58.8,0.4377
STN-02,2021-02-08 09:00:00,3.7,375.0,213.0,12.0,48.9,0.3784
STN-02,2021-02-08 10:00:00,2.5,314.0,220.0,12.5,43.9,0.3287
STN-02,2021-02-08 11:00:00,3.7,530.0,251.0,15.2,39.4,0.3493
STN-02,2021-02-08 12:00:00,3.3,477.0,226.0,16.4,36.1,0.3475
STN-02,2021-02-08 13:00:00,2.6,416.0,206.0,16.1,40.6,0.3445
STN-02,2021-02-08 14:00:00,3.0,466.0,216.0,15.5,38.0,0.3202
STN-02,2021-02-08 15:00:00,3.8,529.0,217.0,16.1,37.7,0.2963
STN-02,2021-02-08 16:00:00,3.6,525.0,214.0,15.4,37.1,0.2418
STN-02,2021-02-08 17:00:00,4.1,576.0,213.0,14.7,49.9,0.3585
STN-02,2021-02-08 18:00:00,5.2,707.0,246.0,13.9,50.6,0.3815
STN-02,2021-02-08 19:00:00,5.5,733.0,264.0,11.7,56.8,0.3905
STN-02,2021-02-08 20:00:00,4.8,581.0,251.0,12.4,57.3,0.4249
STN-02,2021-02-08 21:00:00,3.0,,214.0,9.9,62.4,0.3975
STN-02,2021-02-08 22:00:00,2.4,351.0,213.0,9.5,66.2,0.4465
STN-02,2021-02-08 23:00:00,2.3,316.0,209.0,8.1,69.0,0.443
STN-02,2021-02-09 00:00:00,,,219.0,7.6,70.9,0.4712
STN-02,2021-02-09 01:00:00,2.1,383.0,201.0,6.8,73.4,0.4654
STN-02,2021-02-09 02:00:00,1.5,323.0,183.0,6.9,71.1,0.4559
STN-02,2021-02-09 03:00:00,0.5,270.0,193.0,5.4,67.7,0.3498
STN-02,2021-02-09 04:00:00,0.7,,155.0,5.0,72.6,0.4214
STN-02,2021-02-09 05:00:00,0.6,172.0,139.0,4.1,69.3,0.3737
STN-02,2021-02-09 06:00:00,1.6,256.0,163.0,4.0,70.1,0.3694
STN-02,2021-02-09 07:00:00,2.3,327.0,173.0,4.4,67.7,0.3119
STN-02,2021-02-09 08:00:00,3.6,553.0,218.0,5.3,63.7,0.2856
STN-02,2021-02-09 09:00:00,4.3,595.0,235.0,5.2,66.9,0.3283
STN-02,2021-02-09 10:00:00,4.1,557.0,238.0,8.8,55.6,0.3225
STN-02,2021-02-09 11:00:00,3.4,576.0,245.0,9.7,52.1,0.275
STN-02,2021-02-09 12:00:00,3.2,471.0,224.0,9.1,52.4,0.2617
STN-02,2021-02-09 13:00:00,1.6,316.0,199.0,9.0,50.9,0.1996
STN-02,2021-02-09 14:00:00,1.8,358.0,194.0,8.8,51.4,0.2069
STN-02,2021-02-09 15:00:00,,458.0,225.0,9.0,47.7,0.1385
STN-02,2021-02-09 16:00:00,2.3,466.0,236.0,7.9,49.4,0.1393
STN-02,2021-02-09 17:00:00,2.6,541.0,240.0,7.3,52.3,0.142
STN-02,2021-02-09 18:00:00,,481.0,232.0,4.9,56.3,0.1218
STN-02,2021-02-09 19:00:00,3.5,560.0,257.0,3.0,64.8,0.1737
STN-02,2021-02-09 20:00:00,3.8,595.0,268.0,2.6,68.5,0.2325
STN-02,2021-02-09 21:00:00,3.1,511.0,249.0,2.1,64.0,0.1409
STN-02,2021-02-09 22:00:00,2.0,337.0,216.0,0.7,72.4,0.1955
STN-02,2021-02-09 23:00:00,0.0,106.0,169.0,0.1,71.1,0.191
STN-02,2021-02-10 00:00:00,0.8,134.0,166.0,0.8,73.1,0.1901
STN-02,2021-02-10 01:00:00,0.4,-223.51023160785388,148.0,-0.7,79.9,0.1907
STN-02,2021-02-10 02:00:00,0.0,128.0,143.0,-2.4,89.9,0.2166
STN-02,2021-02-10 03:00:00,0.0,12.0,123.0,-2.4,87.6,0.2362
STN-02,2021-02-10 04:00:00,0.0,118.0,135.0,-1.7,84.3,0.2065
STN-02,2021-02-10 05:00:00,0.0,,85.0,-0.7,74.4,0.1732
STN-02,2021-02-10 06:00:00,0.0,1.0,119.0,-0.2,73.6,0.1971
STN-02,2021-02-10 07:00:00,1.2,86.0,158.0,-0.7,72.8,0.1563
STN-02,2021-02-10 08:00:00,3.2,242.0,201.0,2.4,60.3,0.1298
STN-02,2021-02-10 09:00:00,2.2,194.0,189.0,3.2,61.0,0.1375
STN-02,2021-02-10 10:00:00,1.6,86.0,,6.7,52.6,0.1771
STN-02,2021-02-10 11:00:00,2.2,163.0,190.0,7.7,52.5,
STN-02,2021-02-10 12:00:00,,52.0,137.0,8.8,50.5,0.1733
STN-02,2021-02-10 13:00:00,1.3,1.0,103.0,8.6,47.3,0.1616
STN-02,2021-02-10 14:00:00,1.0,1.0,108.0,10.0,43.3,0.1114
STN-02,2021-02-10 15:00:00,1.5,37.0,124.0,9.9,43.2,0.0655
STN-02,2021-02-10 16:00:00,1.8,30.0,146.0,10.0,42.4,0.05
STN-02,2021-02-10 17:00:00,1.6,37.0,160.0,9.7,41.7,0.05
STN-02,2021-02-10 18:00:00,2.6,,175.0,8.0,45.1,0.05
STN-02,2021-02-10 19:00:00,3.3,,203.0,7.2,45.9,0.05
STN-02,2021-02-10 20:00:00,2.2,193.0,182.0,6.3,44.4,0.05
STN-02,2021-02-10 21:00:00,0.9,88.0,161.0,4.7,49.8,0.05
STN-02,2021-02-10 22:00:00,0.9,147.0,178.0,4.9,47.6,0.05
STN-02,2021-02-10 23:00:00,1.0,177.0,184.0,2.8,56.5,0.05
STN-02,2021-02-11 00:00:00,0.9,140.0,197.0,1.7,55.7,0.05
STN-02,2021-02-11 01:00:00,1.2,200.0,196.0,1.2,54.9,0.05
STN-02,2021-02-11 02:00:00,0.6,168.0,167.0,-1.3,59.0,0.05
STN-02,2021-02-11 03:00:00,0.0,126.0,180.0,-1.4,62.9,
STN-02,2021-02-11 04:00:00,0.0,79.0,168.0,-1.8,60.7,0.05
STN-02,2021-02-11 05:00:00,0.0,132.0,159.0,-1.8,64.7,
STN-02,2021-02-11 06:00:00,0.0,148.0,153.0,-1.1,63.9,0.05
STN-02,2021-02-11 07:00:00,0.0,133.0,165.0,-0.9,60.6,0.05
STN-02,2021-02-11 08:00:00,0.1,155.0,170.0,1.1,57.6,0.05
STN-02,2021-02-11 09:00:00,0.0,88.0,155.0,3.2,50.0,0.05
STN-02,2021-02-11 10:00:00,0.0,1.0,150.0,4.8,39.7,0.05
STN-02,2021-02-11 11:00:00,0.0,1.0,147.0,5.9,35.5,
STN-02,2021-02-11 12:00:00,0.0,1.0,154.0,7.4,,0.05
STN-02,2021-02-11 13:00:00,0.0,1.0,139.0,8.3,32.5,0.05
STN-02,2021-02-11 14:00:00,0.0,1.0,136.0,8.2,28.7,0.05
STN-02,2021-02-11 15:00:00,0.0,1.0,160.0,8.7,28.0,
STN-02,2021-02-11 16:00:00,0.0,1.0,181.0,8.6,28.6,0.05
STN-02,2021-02-11 17:00:00,1.3,127.0,213.0,8.6,37.1,0.05
STN-02,2021-02-11 18:00:00,1.7,234.0,210.0,5.0,42.6,0.05
STN-02,2021-02-11 19:00:00,2.0,248.0,212.0,4.1,45.1,0.05
STN-02,2021-02-11 20:00:00,1.8,298.0,221.0,3.4,46.0,0.05
STN-02,2021-02-11 21:00:00,1.3,249.0,223.0,3.5,48.2,0.05
STN-02,2021-02-11 22:00:00,1.4,177.0,190.0,2.3,54.7,0.05
STN-02,2021-02-11 23:00:00,1.8,153.0,193.0,1.1,57.7,0.05
STN-02,2021-02-12 00:00:00,2.0,150.0,188.0,2.6,62.1,0.05
STN-02,2021-02-12 01:00:00,2.2,221.0,185.0,3.1,62.3,0.05
STN-02,2021-02-12 02:00:00,1.1,139.0,156.0,2.6,69.9,0.05
STN-02,2021-02-12 03:00:00,1.2,240.0,179.0,2.6,75.2,0.05
STN-02,2021-02-12 04:00:00,0.6,170.0,158.0,2.5,77.0,0.05
STN-02,2021-02-12 05:00:00,0.1,175.0,147.0,1.9,86.9,0.05
STN-02,2021-02-12 06:00:00,0.8,256.0,173.0,1.8,91.5,0.0901
STN-02,2021-02-12 07:00:00,1.2,,195.0,1.7,88.3,0.05
STN-02,2021-02-12 08:00:00,2.2,543.0,241.0,1.5,79.4,0.05
STN-02,2021-02-12 09:00:00,2.6,441.0,231.0,2.8,77.1,0.05
STN-02,2021-02-12 10:00:00,2.3,404.0,240.0,5.0,66.5,0.05
STN-02,2021-02-12 11:00:00,2.0,379.0,227.0,6.9,56.1,0.05
STN-02,2021-02-12 12:00:00,2.3,345.0,214.0,7.0,51.6,0.05
STN-02,2021-02-12 13:00:00,2.2,296.0,211.0,7.9,52.6,0.05
STN-02,2021-02-12 14:00:00,,297.0,197.0,8.2,52.7,0.05
STN-02,2021-02-12 15:00:00,1.6,271.0,188.0,7.2,56.3,0.05
STN-02,2021-02-12 16:00:00,2.5,373.0,208.0,7.1,59.2,0.05
STN-02,2021-02-12 17:00:00,2.7,433.0,214.0,6.9,56.6,0.05
STN-02,2021-02-12 18:00:00,3.2,452.0,234.0,5.4,60.4,0.05
STN-02,2021-02-12 19:00:00,3.3,444.0,236.0,3.6,63.2,0.05
STN-02,2021-02-12 20:00:00,2.4,296.0,207.0,1.8,63.9,0.05
STN-02,2021-02-12 21:00:00,2.1,331.0,213.0,0.8,64.8,0.05
STN-02,2021-02-12 22:00:00,1.3,324.0,212.0,0.7,62.8,0.05
STN-02,2021-02-12 23:00:00,1.8,360.0,224.0,,61.3,0.05
STN-02,2021-02-13 00:00:00,0.5,273.0,209.0,2.3,59.0,0.05
STN-02,2021-02-13 01:00:00,,242.0,180.0,2.2,63.8,0.05
STN-02,2021-02-13 02:00:00,0.0,206.0,184.0,3.0,62.1,0.05
STN-02,2021-02-13 03:00:00,0.0,239.0,191.0,2.3,66.4,0.05
STN-02,2021-02-13 04:00:00,0.1,270.0,179.0,2.5,65.7,0.05
STN-02,2021-02-13 05:00:00,0.6,270.0,183.0,3.4,72.7,0.05
STN-02,2021-02-13 06:00:00,0.4,358.0,191.0,3.8,72.2,0.05
STN-02,2021-02-13 07:00:00,,413.0,195.0,3.0,75.1,0.05
STN-02,2021-02-13 08:00:00,2.4,597.0,229.0,3.9,73.0,0.05
STN-02,2021-02-13 09:00:00,2.9,678.0,247.0,5.7,71.7,0.05
STN-02,2021-02-13 10:00:00,2.9,706.0,255.0,8.5,56.9,0.05
STN-02,2021-02-13 11:00:00,2.1,554.0,249.0,8.5,48.6,0.05
STN-02,2021-02-13 12:00:00,1.7,421.0,230.0,8.6,48.2,0.05
STN-02,2021-02-13 13:00:00,2.0,453.0,224.0,8.6,53.2,0.05
STN-02,2021-02-13 14:00:00,1.5,407.0,221.0,7.7,49.2,0.05
STN-02,2021-02-13 15:00:00,2.3,438.0,235.0,9.2,47.8,0.05
STN-02,2021-02-13 16:00:00,2.3,371.0,217.0,9.7,44.9,0.05
STN-02,2021-02-13 17:00:00,3.5,492.0,239.0,10.6,39.4,0.05
STN-02,2021-02-13 18:00:00,3.0,442.0,,10.4,37.4,0.05
STN-02,2021-02-13 19:00:00,3.8,458.0,245.0,9.3,46.1,0.05
STN-02,2021-02-13 20:00:00,4.6,537.0,238.0,10.1,50.5,0.05
STN-02,2021-02-13 21:00:00,3.6,422.0,203.0,9.4,51.8,0.05
STN-02,2021-02-13 22:00:00,2.6,366.0,193.0,7.9,55.5,0.05
STN-02,2021-02-13 23:00:00,1.4,218.0,174.0,5.7,60.1,0.05
STN-02,2021-02-14 00:00:00,0.5,49.0,143.0,6.0,62.9,0.05
STN-02,2021-02-14 01:00:00,0.05,1.0,136.0,5.8,66.6,0.05
STN-02,2021-02-14 02:00:00,0.05,1.0,118.0,1.1009857579997488,65.0,0.05
STN-02,2021-02-14 03:00:00,0.05,1.0,117.0,-4.098028484000503,70.1,0.05
STN-02,2021-02-14 04:00:00,0.05,,106.0,-8.697042726000753,70.6,0.05
STN-02,2021-02-14 05:00:00,0.05,24.0,107.0,-12.296056968001006,68.6,0.05
STN-02,2021-02-14 06:00:00,0.05,1.0,101.0,-15.0,70.6,0.05
STN-02,2021-02-14 07:00:00,0.05,,124.0,-15.0,71.5,0.05
STN-02,2021-02-14 08:00:00,1.3,237.0,176.0,-12.928733129334507,66.0,0.05
STN-02,2021-02-14 09:00:00,2.2,348.0,201.0,-11.528733129334507,58.5,0.05
STN-02,2021-02-14 10:00:00,1.8,326.0,200.0,-7.628733129334506,50.1,0.05
STN-02,2021-02-14 11:00:00,1.8,278.0,195.0,-4.728733129334506,40.4,0.05
STN-02,2021-02-14 12:00:00,,235.0,193.0,-4.228733129334506,34.8,0.05
STN-02,2021-02-14 13:00:00,1.2,208.0,,-4.028733129334507,,0.05
STN-02,2021-02-14 14:00:00,1.4,267.0,192.0,-2.528733129334505,27.1,0.05
STN-02,2021-02-14 15:00:00,1.6,217.0,176.0,-1.2287331293345076,29.4,0.05
STN-02,2021-02-14 16:00:00,1.2,251.0,,19.1,26.2,0.05
STN-02,2021-02-14 17:00:00,1.8,245.0,175.0,18.2,30.4,0.05
STN-02,2021-02-14 18:00:00,3.5,350.0,191.0,18.6,38.9,0.05
STN-02,2021-02-14 19:00:00,4.2,370.0,190.0,16.6,43.2,0.05
STN-02,2021-02-14 20:00:00,3.6,320.0,174.0,16.9,42.8,0.05
STN-02,2021-02-14 21:00:00,2.6,273.0,173.0,15.9,45.6,0.05
STN-02,2021-02-14 22:00:00,1.6,173.0,168.0,15.3,43.7,0.05
STN-02,2021-02-14 23:00:00,1.6,172.0,166.0,13.2,47.7,0.05
STN-02,2021-02-15 00:00:00,2.3,288.0,192.0,12.8,55.0,0.055
STN-02,2021-02-15 01:00:00,2.0,222.0,179.0,12.6,55.2,0.05
STN-02,2021-02-15 02:00:00,1.9,128.0,143.0,12.5,57.3,0.0854
STN-02,2021-02-15 03:00:00,0.8,145.0,162.0,12.4,65.4,0.1491
STN-02,2021-02-15 04:00:00,0.4,77.0,142.0,11.8,65.4,0.1553
STN-02,2021-02-15 05:00:00,0.0,1.0,126.0,11.1,63.8,0.1162
STN-02,2021-02-15 06:00:00,1.3,163.0,165.0,11.2,68.2,0.1676
STN-02,2021-02-15 07:00:00,1.4,209.0,170.0,9.9,67.6,0.1401
STN-02,2021-02-15 08:00:00,2.5,343.0,195.0,10.9,68.0,0.2034
STN-02,2021-02-15 09:00:00,2.5,385.0,201.0,12.3,64.7,0.268
STN-02,2021-02-15 10:00:00,1.8,339.0,215.0,14.0,52.7,0.189
STN-02,2021-02-15 11:00:00,0.7,171.0,178.0,14.9,42.7,0.0916
STN-02,2021-02-15 12:00:00,1.0,171.0,171.0,14.7,49.0,0.1316
STN-02,2021-02-15 13:00:00,1.7,172.0,179.0,14.1,48.5,0.1178
STN-02,2021-02-15 14:00:00,1.2,192.0,187.0,13.9,43.1,0.05
STN-02,2021-02-15 15:00:00,1.5,181.0,204.0,13.8,49.6,0.0891
STN-02,2021-02-15 16:00:00,2.0,191.0,193.0,13.7,49.9,0.095
STN-02,2021-02-15 17:00:00,3.1,,250.0,13.1,58.4,0.1512
STN-02,2021-02-15 18:00:00,3.9,527.0,254.0,14.0,57.7,0.2532
STN-02,2021-02-15 19:00:00,4.0,592.0,266.0,11.1,63.1,0.2528
STN-02,2021-02-15 20:00:00,3.8,623.0,286.0,10.6,62.2,0.2605
STN-02,2021-02-15 21:00:00,2.3,482.0,253.0,8.4,67.3,0.2673
STN-02,2021-02-15 22:00:00,1.6,401.0,224.0,7.6,70.0,0.2886
STN-02,2021-02-15 23:00:00,2.5,479.0,221.0,6.7,75.2,0.309
STN-02,2021-02-16 00:00:00,0.9,284.0,190.0,7.3,75.5,0.348
STN-02,2021-02-16 01:00:00,0.4,179.0,143.0,6.3,76.8,0.3512
STN-02,2021-02-16 02:00:00,0.6,168.0,134.0,5.9,74.1,
STN-02,2021-02-16 03:00:00,0.8,234.0,144.0,5.2,74.6,0.3004
STN-02,2021-02-16 04:00:00,0.8,219.0,142.0,5.3,79.4,0.3653
STN-02,2021-02-16 05:00:00,1.1,329.0,170.0,5.5,80.0,0.3863
STN-02,2021-02-16 06:00:00,1.1,405.0,167.0,3.9,80.5,0.352
STN-02,2021-02-16 07:00:00,1.9,527.0,215.0,1.4,76.1,0.2074
STN-02,2021-02-16 08:00:00,3.1,654.0,234.0,3.3,68.5,0.1914
STN-02,2021-02-16 09:00:00,2.2,596.0,,4.0,69.4,0.2592
STN-02,2021-02-16 10:00:00,2.3,636.0,249.0,6.6,61.4,0.2446
STN-02,2021-02-16 11:00:00,1.7,553.0,,8.6,58.0,0.2759
STN-02,2021-02-16 12:00:00,1.2,440.0,215.0,10.3,47.3,0.1999
STN-02,2021-02-16 13:00:00,1.5,474.0,232.0,11.4,46.6,0.1905
STN-02,2021-02-16 14:00:00,2.1,487.0,244.0,11.8,44.5,0.1762
STN-02,2021-02-16 15:00:00,2.3,549.0,261.0,11.1,44.3,0.1411
STN-02,2021-02-16 16:00:00,1.8,501.0,249.0,12.9,40.6,
STN-02,2021-02-16 17:00:00,3.3,534.0,266.0,11.2,47.8,0.21
STN-02,2021-02-16 18:00:00,4.6,659.0,302.0,9.9,50.3,0.2147
STN-02,2021-02-16 19:00:00,4.3,634.0,295.0,7.7,49.9,0.1441
STN-02,2021-02-16 20:00:00,4.1,607.0,274.0,6.9,55.8,0.1802
STN-02,2021-02-16 21:00:00,2.5,414.0,214.0,6.9,61.5,0.2228
STN-02,2021-02-16 22:00:00,2.8,373.0,204.0,7.0,60.8,0.2157
STN-02,2021-02-16 23:00:00,2.9,378.0,208.0,6.7,64.1,0.255
STN-02,2021-02-17 00:00:00,3.4,406.0,196.0,6.6,72.2,0.3567
STN-02,2021-02-17 01:00:00,2.7,357.0,192.0,5.6,72.9,0.3316
STN-02,2021-02-17 02:00:00,1.8,320.0,175.0,6.3,71.5,0.3251
STN-02,2021-02-17 03:00:00,2.4,436.0,191.0,4.8,78.8,0.3158
STN-02,2021-02-17 04:00:00,2.4,356.0,177.0,4.9,79.4,0.3494
STN-02,2021-02-17 05:00:00,1.1,256.0,165.0,6.4,74.5,0.3448
STN-02,2021-02-17 06:00:00,1.4,334.0,189.0,5.9,75.3,0.3434
STN-02,2021-02-17 07:00:00,2.0,422.0,205.0,7.2,76.9,0.4128
STN-02,2021-02-17 08:00:00,2.5,480.0,222.0,7.7,68.4,0.3325
STN-02,2021-02-17 09:00:00,2.3,463.0,231.0,9.4,64.1,0.3242
STN-02,2021-02-17 10:00:00,2.7,419.0,219.0,,61.1,0.4099
STN-02,2021-02-17 11:00:00,3.1,476.0,230.0,14.6,56.3,0.402
STN-02,2021-02-17 12:00:00,3.2,432.0,214.0,16.8,53.1,0.4422
STN-02,2021-02-17 13:00:00,3.5,,195.0,18.6,48.4,0.4337
STN-02,2021-02-17 14:00:00,2.9,458.0,182.0,17.7,52.1,0.4528
STN-02,2021-02-17 15:00:00,2.4,431.0,176.0,16.7,53.6,0.4361
STN-02,2021-02-17 16:00:00,3.4,517.0,210.0,17.7,54.5,0.462
STN-02,2021-02-17 17:00:00,3.0,431.0,203.0,16.5,60.3,0.5014
STN-02,2021-02-17 18:00:00,3.5,498.0,221.0,15.0,58.1,
STN-02,2021-02-17 19:00:00,3.8,537.0,235.0,13.6,60.0,0.4338
STN-02,2021-02-17 20:00:00,3.4,517.0,229.0,11.2,62.9,0.3906
STN-02,2021-02-17 21:00:00,2.4,448.0,216.0,9.6,71.0,0.4504
STN-02,2021-02-17 22:00:00,1.2,307.0,189.0,8.2,70.5,0.3913
STN-02,2021-02-17 23:00:00,1.1,244.0,167.0,7.3,75.5,0.4519
STN-02,2021-02-18 00:00:00,1.1,274.0,176.0,7.1,78.5,0.4075
STN-02,2021-02-18 01:00:00,0.0,201.0,147.0,6.5,74.7,0.3538
STN-02,2021-02-18 02:00:00,0.7,244.0,148.0,5.3,79.0,0.3767
STN-02,2021-02-18 03:00:00,0.4,237.0,141.0,5.8,78.0,0.3649
STN-02,2021-02-18 04:00:00,0.0,,110.0,5.3,80.3,0.3999
STN-02,2021-02-18 05:00:00,0.0,90.0,111.0,4.9,76.2,0.342
STN-02,2021-02-18 06:00:00,0.0,171.0,113.0,5.2,76.2,0.3456
STN-02,2021-02-18 07:00:00,0.3,209.0,137.0,6.4,72.4,0.3648
STN-02,2021-02-18 08:00:00,2.1,377.0,171.0,8.5,73.0,0.3907
STN-02,2021-02-18 09:00:00,1.8,318.0,185.0,10.0,67.5,0.3927
STN-02,2021-02-18 10:00:00,1.6,367.0,211.0,11.3,58.3,0.3237
STN-02,2021-02-18 11:00:00,0.9,275.0,191.0,12.9,53.0,0.2947
STN-02,2021-02-18 12:00:00,0.8,187.0,181.0,13.5,52.3,0.2818
STN-02,2021-02-18 13:00:00,0.0,90.0,164.0,14.5,45.9,0.2317
STN-02,2021-02-18 14:00:00,0.1,36.0,,15.1,46.4,0.2731
STN-02,2021-02-18 15:00:00,0.0,23.0,143.0,15.4,48.2,
STN-02,2021-02-18 16:00:00,0.0,86.0,147.0,15.4,48.4,0.3083
STN-02,2021-02-18 17:00:00,0.9,113.0,169.0,13.4,46.6,0.2286
STN-02,2021-02-18 18:00:00,2.1,174.0,191.0,10.5,51.9,0.243
STN-02,2021-02-18 19:00:00,2.9,181.0,203.0,9.7,53.8,0.2287
STN-02,2021-02-18 20:00:00,1.9,162.0,188.0,9.0,51.9,0.1729
STN-02,2021-02-18 21:00:00,1.2,108.0,197.0,8.5,49.3,0.1446
STN-02,2021-02-18 22:00:00,0.7,78.0,170.0,9.5,53.6,0.2422
STN-02,2021-02-18 23:00:00,1.7,154.0,,10.5,54.7,0.3009
STN-02,2021-02-19 00:00:00,1.4,67.0,166.0,11.7,52.2,0.3359
STN-02,2021-02-19 01:00:00,0.9,101.0,,10.1,55.4,0.2793
STN-02,2021-02-19 02:00:00,0.0,36.0,127.0,8.9,55.5,0.2116
STN-02,2021-02-19 03:00:00,0.0,1.0,114.0,7.7,68.5,0.3253
STN-02,2021-02-19 04:00:00,0.2,1.0,114.0,6.6,73.3,0.2909
STN-02,2021-02-19 05:00:00,0.3,2.0,107.0,6.4,72.6,0.2795
STN-02,2021-02-19 06:00:00,0.4,137.0,140.0,5.3,77.9,0.3123
STN-02,2021-02-19 07:00:00,0.7,219.0,152.0,6.2,74.2,0.339
STN-02,2021-02-19 08:00:00,2.4,387.0,182.0,7.2,73.7,0.3437
STN-02,2021-02-19 09:00:00,2.8,439.0,203.0,8.2,66.7,0.2714
STN-02,2021-02-19 10:00:00,2.4,371.0,194.0,11.7,59.5,0.2945
STN-02,2021-02-19 11:00:00,1.7,264.0,181.0,14.3,54.3,0.2998
STN-02,2021-02-19 12:00:00,2.4,344.0,213.0,17.5,41.4,0.2479
STN-02,2021-02-19 13:00:00,2.3,431.0,212.0,18.6,41.8,0.2622
STN-02,2021-02-19 14:00:00,2.9,456.0,214.0,19.4,40.3,0.2704
STN-02,2021-02-19 15:00:00,2.7,464.0,227.0,19.6,37.7,0.2419
STN-02,2021-02-19 16:00:00,3.4,458.0,241.0,21.5,31.7,0.21
STN-02,2021-02-19 17:00:00,3.9,499.0,257.0,21.4,34.4,0.2751
STN-02,2021-02-19 18:00:00,3.9,561.0,265.0,18.8,38.3,0.2522
STN-02,2021-02-19 19:00:00,3.5,574.0,262.0,18.0,38.2,0.2341
STN-02,2021-02-19 20:00:00,,511.0,252.0,17.5,38.3,0.2199
STN-02,2021-02-19 21:00:00,2.3,417.0,245.0,15.1,44.9,0.2627
STN-02,2021-02-19 22:00:00,1.3,248.0,227.0,13.1,50.1,
STN-02,2021-02-19 23:00:00,2.3,323.0,231.0,12.3,55.2,0.3013
STN-02,2021-02-20 00:00:00,,312.0,214.0,11.6,55.5,0.2895
STN-02,2021-02-20 01:00:00,2.0,289.0,194.0,13.5,53.0,0.34
STN-02,2021-02-20 02:00:00,1.0,197.0,157.0,12.4,53.0,0.2769
STN-02,2021-02-20 03:00:00,1.9,264.0,166.0,12.9,57.3,0.3567
STN-02,2021-02-20 04:00:00,1.0,195.0,134.0,11.8,60.2,0.3223
STN-02,2021-02-20 05:00:00,1.3,177.0,,11.2,68.3,0.428
STN-02,2021-02-20 06:00:00,1.0,112.0,119.0,10.4,75.8,0.4622
STN-02,2021-02-20 07:00:00,2.4,239.0,146.0,10.5,74.8,0.473
STN-02,2021-02-20 08:00:00,3.5,307.0,172.0,11.2,68.9,0.4299
STN-02,2021-02-20 09:00:00,3.2,301.0,183.0,12.5,63.1,0.3987
STN-02,2021-02-20 10:00:00,2.9,292.0,188.0,15.0,57.5,0.4012
STN-02,2021-02-20 11:00:00,2.6,304.0,197.0,15.4,50.5,0.3095
STN-02,2021-02-20 12:00:00,2.9,364.0,201.0,14.7,53.1,0.2872
STN-02,2021-02-20 13:00:00,3.5,321.0,191.0,15.7,56.1,0.3516
STN-02,2021-02-20 14:00:00,3.0,245.0,172.0,15.3,54.5,0.2996
STN-02,2021-02-20 15:00:00,2.6,275.0,161.0,16.4,59.6,0.3981
STN-02,2021-02-20 16:00:00,3.1,427.0,204.0,16.7,53.9,0.3637
STN-02,2021-02-20 17:00:00,4.4,486.0,,16.9,50.6,0.3603
STN-02,2021-02-20 18:00:00,4.9,545.0,237.0,15.0,55.1,0.3942
STN-02,2021-02-20 19:00:00,4.8,597.0,277.0,12.1,55.8,0.3273
STN-02,2021-02-20 20:00:00,4.4,518.0,262.0,9.8,56.8,0.3083
STN-02,2021-02-20 21:00:00,3.4,493.0,246.0,8.0,62.9,0.2832
STN-02,2021-02-20 22:00:00,1.7,275.0,199.0,6.9,60.5,0.2218
STN-02,2021-02-20 23:00:00,2.5,338.0,199.0,6.1,72.2,0.3349
STN-02,2021-02-21 00:00:00,2.4,317.0,187.0,6.3,75.5,0.3943
STN-02,2021-02-21 01:00:00,2.4,359.0,191.0,4.9,77.1,0.3936
STN-02,2021-02-21 02:00:00,0.9,215.0,149.0,5.1,79.5,0.4425
STN-02,2021-02-21 03:00:00,0.7,171.0,156.0,5.4,76.9,0.4244
STN-02,2021-02-21 04:00:00,1.5,218.0,139.0,6.6,80.7,0.5057
STN-02,2021-02-21 05:00:00,1.5,268.0,161.0,5.9,81.0,
STN-02,2021-02-21 06:00:00,1.4,266.0,166.0,6.1,79.5,0.4828
STN-02,2021-02-21 07:00:00,2.6,350.0,188.0,7.2,80.8,0.5261
STN-02,2021-02-21 08:00:00,3.6,464.0,224.0,7.6,79.1,0.5259
STN-02,2021-02-21 09:00:00,3.0,386.0,230.0,9.6,73.7,0.5248
STN-02,2021-02-21 10:00:00,2.2,341.0,219.0,10.7,69.9,0.4982
STN-02,2021-02-21 11:00:00,2.2,320.0,,13.0,62.8,0.4595
STN-02,2021-02-21 12:00:00,1.4,187.0,196.0,13.8,57.2,0.4101
STN-02,2021-02-21 13:00:00,1.0,121.0,194.0,12.9,57.6,0.3724
STN-02,2021-02-21 14:00:00,1.0,60.0,172.0,13.8,,0.4481
STN-02,2021-02-21 15:00:00,,166.0,,13.3,63.5,0.4471
STN-02,2021-02-21 16:00:00,1.9,158.0,177.0,12.9,65.1,0.4487
STN-02,2021-02-21 17:00:00,2.5,229.0,199.0,12.3,62.8,0.422
STN-02,2021-02-21 18:00:00,3.5,351.0,205.0,9.6,72.6,0.4844
STN-02,2021-02-21 19:00:00,3.4,346.0,206.0,8.2,77.4,0.5078
STN-02,2021-02-21 20:00:00,3.4,342.0,215.0,,81.6,0.5676
STN-02,2021-02-21 21:00:00,1.9,257.0,211.0,7.5,81.5,0.5531
STN-02,2021-02-21 22:00:00,1.7,202.0,198.0,6.4,84.2,0.5558
STN-02,2021-02-21 23:00:00,1.1,104.0,156.0,6.5,87.4,0.6291
STN-02,2021-02-22 00:00:00,1.5,102.0,141.0,6.4,88.6,0.6614
STN-02,2021-02-22 01:00:00,1.9,138.0,153.0,5.2,91.9,0.6789
STN-02,2021-02-22 02:00:00,0.8,1.0,119.0,6.1,89.6,0.6918
STN-02,2021-02-22 03:00:00,1.3,23.0,135.0,6.0,93.8,0.7522
STN-02,2021-02-22 04:00:00,0.4,1.0,102.0,5.0,96.3,0.7485
STN-02,2021-02-22 05:00:00,0.0,1.0,99.0,4.4,97.2,0.7164
STN-02,2021-02-22 06:00:00,0.0,1.0,85.0,2.8,98.1,0.6657
STN-02,2021-02-22 07:00:00,1.0,,122.0,3.1,94.5,0.635
STN-02,2021-02-22 08:00:00,1.6,150.0,161.0,4.5,92.8,0.6464
STN-02,2021-02-22 09:00:00,1.6,191.0,166.0,5.9,86.8,0.6418
STN-02,2021-02-22 10:00:00,1.3,177.0,160.0,7.5,82.1,0.6108
STN-02,2021-02-22 11:00:00,,142.0,150.0,7.9,77.9,0.5242
STN-02,2021-02-22 12:00:00,1.6,164.0,146.0,9.2,73.3,0.535
STN-02,2021-02-22 13:00:00,1.8,165.0,,10.0,74.8,0.57
STN-02,2021-02-22 14:00:00,2.3,298.0,172.0,10.4,84.0,0.6916
STN-02,2021-02-22 15:00:00,2.2,252.0,187.0,11.0,80.1,0.6558
STN-02,2021-02-22 16:00:00,3.3,318.0,216.0,11.8,74.3,0.6282
STN-02,2021-02-22 17:00:00,2.9,245.0,212.0,11.8,69.6,0.6104
STN-02,2021-02-22 18:00:00,3.3,347.0,236.0,10.9,73.7,0.6561
STN-02,2021-02-22 19:00:00,3.7,388.0,229.0,10.4,74.3,0.6486
STN-02,2021-02-22 20:00:00,3.7,389.0,238.0,7.9,80.1,0.6718
STN-02,2021-02-22 21:00:00,1.9,237.0,213.0,7.7,75.0,0.6086
STN-02,2021-02-22 22:00:00,0.6,90.0,174.0,6.3,76.4,0.5812
STN-02,2021-02-22 23:00:00,0.4,69.0,167.0,6.4,76.3,0.5526
STN-02,2021-02-23 00:00:00,1.0,159.0,180.0,6.5,81.8,0.6272
STN-02,2021-02-23 01:00:00,1.5,207.0,183.0,6.3,80.9,0.5854
STN-02,2021-02-23 02:00:00,1.5,,169.0,6.1,84.7,0.614
STN-02,2021-02-23 03:00:00,1.1,232.0,164.0,5.6,80.7,0.5595
STN-02,2021-02-23 04:00:00,0.8,126.0,116.0,3.7,89.0,0.5595
STN-02,2021-02-23 05:00:00,0.0,63.0,111.0,3.5,85.8,0.5356
STN-02,2021-02-23 06:00:00,1.0,100.0,141.0,2.4,87.3,0.5088
STN-02,2021-02-23 07:00:00,2.4,237.0,180.0,3.5,86.6,0.5501
STN-02,2021-02-23 08:00:00,3.0,342.0,209.0,4.4,83.6,0.5597
STN-02,2021-02-23 09:00:00,3.3,388.0,,5.6,84.9,0.582
STN-02,2021-02-23 10:00:00,2.8,340.0,228.0,6.7,76.5,0.4967
STN-02,2021-02-23 11:00:00,2.4,310.0,218.0,9.8,69.6,0.51
STN-02,2021-02-23 12:00:00,3.5,359.0,226.0,13.0,67.5,0.5473
STN-02,2021-02-23 13:00:00,3.5,436.0,222.0,13.6,74.3,0.6015
STN-02,2021-02-23 14:00:00,2.4,353.0,213.0,13.7,75.3,0.629
STN-02,2021-02-23 15:00:00,2.8,411.0,223.0,15.1,80.1,0.7305
STN-02,2021-02-23 16:00:00,2.6,457.0,230.0,13.9,80.2,0.6945
STN-02,2021-02-23 17:00:00,2.6,411.0,222.0,13.5,78.9,0.6839
STN-02,2021-02-23 18:00:00,2.7,398.0,217.0,13.2,82.8,0.742
STN-02,2021-02-23 19:00:00,2.7,392.0,225.0,10.7,85.6,0.7199
STN-02,2021-02-23 20:00:00,,400.0,212.0,9.3,87.1,0.6882
STN-02,2021-02-23 21:00:00,2.1,364.0,216.0,11.1,85.0,0.7418
STN-02,2021-02-23 22:00:00,1.2,263.0,176.0,10.0,84.6,0.7285
STN-02,2021-02-23 23:00:00,0.7,192.0,165.0,10.5,89.6,0.7832
STN-02,2021-02-24 00:00:00,0.8,224.0,181.0,11.0,86.9,0.7832
STN-02,2021-02-24 01:00:00,1.0,287.0,178.0,10.6,89.5,0.8087
STN-02,2021-02-24 02:00:00,0.8,235.0,162.0,9.3,90.3,0.7973
STN-02,2021-02-24 03:00:00,1.4,903.4814480259018,161.0,9.2,87.6,0.8096
STN-02,2021-02-24 04:00:00,1.4,254.0,128.0,8.2,82.8,0.7274
STN-02,2021-02-24 05:00:00,1.0,178.0,131.0,8.4,82.6,0.6929
STN-02,2021-02-24 06:00:00,1.0,160.0,141.0,8.4,83.2,0.6838
STN-02,2021-02-24 07:00:00,1.5,270.0,151.0,7.6,81.3,0.6605
STN-02,2021-02-24 08:00:00,2.5,445.0,167.0,7.7,86.4,0.7176
STN-02,2021-02-24 09:00:00,2.1,360.0,162.0,9.1,82.7,0.7279
STN-02,2021-02-24 10:00:00,3.0,424.0,182.0,11.6,80.2,0.7861
STN-02,2021-02-24 11:00:00,2.4,385.0,191.0,11.8,74.6,0.6922
STN-02,2021-02-24 12:00:00,2.1,330.0,172.0,13.9,69.9,0.7208
STN-02,2021-02-24 13:00:00,1.9,278.0,160.0,16.0,62.3,0.6915
STN-02,2021-02-24 14:00:00,,198.0,154.0,15.2,63.5,0.661
STN-02,2021-02-24 15:00:00,1.2,280.0,171.0,16.7,63.8,0.7043
STN-02,2021-02-24 16:00:00,1.6,340.0,187.0,16.1,61.8,0.6422
STN-02,2021-02-24 17:00:00,1.9,339.0,186.0,15.1,68.0,0.6855
STN-02,2021-02-24 18:00:00,2.6,369.0,195.0,12.3,80.7,0.7234
STN-02,2021-02-24 19:00:00,3.3,,190.0,12.5,79.0,0.7571
STN-02,2021-02-24 20:00:00,3.4,444.0,,10.9,85.8,0.784
STN-02,2021-02-24 21:00:00,2.6,392.0,184.0,8.8,92.5,0.7906
STN-02,2021-02-24 22:00:00,1.9,256.0,174.0,8.8,,0.785
STN-02,2021-02-24 23:00:00,1.6,185.0,169.0,7.9,86.5,0.7139
STN-02,2021-02-25 00:00:00,1.9,210.0,171.0,6.2,97.4,0.7422
STN-02,2021-02-25 01:00:00,1.3,172.0,136.0,6.2,99.0,0.7944
STN-02,2021-02-25 02:00:00,0.4,49.0,106.0,5.7,99.0,0.7903
STN-02,2021-02-25 03:00:00,1.1,155.0,142.0,5.8,99.0,0.7974
STN-02,2021-02-25 04:00:00,1.0,148.0,121.0,6.3,99.0,0.814
STN-02,2021-02-25 05:00:00,1.5,225.0,152.0,4.8,95.8,0.692
STN-02,2021-02-25 06:00:00,1.4,222.0,,5.4,98.4,
STN-02,2021-02-25 07:00:00,1.7,220.0,170.0,5.0,93.1,0.6847
STN-02,2021-02-25 08:00:00,2.7,349.0,203.0,7.1,89.7,0.7957
STN-02,2021-02-25 09:00:00,3.0,381.0,220.0,6.8,88.7,0.7924
STN-02,2021-02-25 10:00:00,2.8,417.0,258.0,8.3,78.8,0.6965
STN-02,2021-02-25 11:00:00,2.2,382.0,246.0,9.5,70.6,0.6158
STN-02,2021-02-25 12:00:00,2.1,365.0,229.0,9.1,67.1,0.506
STN-02,2021-02-25 13:00:00,2.9,371.0,240.0,8.9,61.6,0.4256
STN-02,2021-02-25 14:00:00,2.1,359.0,241.0,8.5,62.5,0.3697
STN-02,2021-02-25 15:00:00,2.7,372.0,238.0,10.1,62.5,0.4361
STN-02,2021-02-25 16:00:00,2.9,362.0,246.0,-57.34661342827381,61.6,
STN-02,2021-02-25 17:00:00,3.5,344.0,263.0,7.6,57.5,0.3794
STN-02,2021-02-25 18:00:00,5.4,507.0,288.0,8.0,59.4,0.4449
STN-02,2021-02-25 19:00:00,6.1,595.0,306.0,4.6,62.0,0.3785
STN-02,2021-02-25 20:00:00,5.4,550.0,291.0,3.7,70.3,0.4153
STN-02,2021-02-25 21:00:00,4.1,418.0,,5.0,67.6,0.4249
STN-02,2021-02-25 22:00:00,3.5,404.0,240.0,4.9,65.1,0.3709
STN-02,2021-02-25 23:00:00,3.0,255.0,221.0,4.7,64.4,0.3671
STN-02,2021-02-26 00:00:00,2.9,216.0,204.0,,70.5,0.4018
STN-02,2021-02-26 01:00:00,3.0,232.0,196.0,3.6,74.3,0.4554
STN-02,2021-02-26 02:00:00,2.3,265.0,178.0,1.4,78.6,0.4653
STN-02,2021-02-26 03:00:00,2.5,389.0,206.0,2.0,81.2,0.4847
STN-02,2021-02-26 04:00:00,2.5,432.0,202.0,2.4,85.6,0.5443
STN-02,2021-02-26 05:00:00,2.9,503.0,220.0,1.6,85.0,0.5017
STN-02,2021-02-26 06:00:00,2.1,418.0,,1.2,85.0,0.4947
STN-02,2021-02-26 07:00:00,2.9,498.0,214.0,2.6,78.9,0.4865
STN-02,2021-02-26 08:00:00,2.7,463.0,212.0,3.9,76.2,0.4899
STN-02,2021-02-26 09:00:00,1.9,351.0,203.0,5.6,66.9,0.4513
STN-02,2021-02-26 10:00:00,1.6,309.0,,8.8,56.0,0.407
STN-02,2021-02-26 11:00:00,0.8,254.0,201.0,10.8,54.0,0.398
STN-02,2021-02-26 12:00:00,0.6,189.0,193.0,11.8,55.6,0.4221
STN-02,2021-02-26 13:00:00,0.6,152.0,186.0,11.1,59.2,0.4382
STN-02,2021-02-26 14:00:00,0.5,135.0,196.0,11.4,61.4,0.4688
STN-02,2021-02-26 15:00:00,1.4,88.0,184.0,11.6,60.4,0.4321
STN-02,2021-02-26 16:00:00,1.6,12.0,164.0,10.5,64.0,0.4424
STN-02,2021-02-26 17:00:00,2.5,100.0,194.0,10.7,64.5,0.482
STN-02,2021-02-26 18:00:00,3.9,227.0,211.0,9.8,66.4,0.4974
STN-02,2021-02-26 19:00:00,3.9,270.0,222.0,8.1,69.1,0.5141
STN-02,2021-02-26 20:00:00,4.2,318.0,232.0,6.6,74.0,0.5208
STN-02,2021-02-26 21:00:00,2.4,194.0,184.0,5.6,78.8,0.5315
STN-02,2021-02-26 22:00:00,1.1,53.0,142.0,4.2,81.0,0.5178
STN-02,2021-02-26 23:00:00,2.1,120.0,152.0,4.9,86.4,0.6354
STN-02,2021-02-27 00:00:00,1.4,-0.856537780587538,130.0,3.3,88.6,0.5873
STN-02,2021-02-27 01:00:00,0.3,1.0,133.0,1.7,86.3,0.5086
STN-02,2021-02-27 02:00:00,0.5,75.0,135.0,0.5,88.9,0.4768
STN-02,2021-02-27 03:00:00,0.2,138.0,150.0,-0.8,92.2,0.4485
STN-02,2021-02-27 04:00:00,,58.0,125.0,-1.5,91.2,0.4211
STN-02,2021-02-27 05:00:00,0.4,77.0,141.0,-1.6,90.9,0.4271
STN-02,2021-02-27 06:00:00,0.4,91.0,144.0,-1.8,84.1,0.3113
STN-02,2021-02-27 07:00:00,1.0,110.0,160.0,-1.1,82.7,0.2934
STN-02,2021-02-27 08:00:00,2.3,273.0,184.0,0.1,81.5,0.3519
STN-02,2021-02-27 09:00:00,3.1,350.0,206.0,2.6,78.3,0.3993
STN-02,2021-02-27 10:00:00,2.0,200.0,187.0,4.7,70.2,0.3548
STN-02,2021-02-27 11:00:00,0.7,61.0,166.0,4.3,61.8,0.247
STN-02,2021-02-27 12:00:00,0.7,93.0,160.0,4.5,62.4,0.2325
STN-02,2021-02-27 13:00:00,1.0,192.0,183.0,4.3,66.1,0.2503
STN-02,2021-02-27 14:00:00,0.8,207.0,188.0,5.6,66.3,0.2901
STN-02,2021-02-27 15:00:00,0.4,103.0,167.0,4.6,69.5,0.2686
STN-02,2021-02-27 16:00:00,1.0,197.0,161.0,4.2,68.8,0.2648
STN-02,2021-02-27 17:00:00,1.2,,159.0,3.2,74.7,0.316
STN-02,2021-02-27 18:00:00,2.9,260.0,,4.0,,0.385
STN-02,2021-02-27 19:00:00,2.9,296.0,186.0,3.5,82.6,0.4806
STN-02,2021-02-27 20:00:00,3.0,298.0,195.0,2.3,84.4,0.4741
STN-02,2021-02-27 21:00:00,3.2,377.0,221.0,0.8,83.5,0.4133
STN-02,2021-02-27 22:00:00,2.2,264.0,207.0,1.1,81.1,0.4201
STN-02,2021-02-27 23:00:00,1.6,228.0,168.0,2.7,81.1,0.476
STN-02,2021-02-28 00:00:00,0.9,62.0,143.0,3.4,83.3,0.5207
STN-02,2021-02-28 01:00:00,1.1,26.0,135.0,3.3,90.7,0.5826
STN-02,2021-02-28 02:00:00,2.0,111.0,146.0,1.4,92.4,0.526
STN-02,2021-02-28 03:00:00,0.8,45.0,154.0,0.3,86.9,0.4186
STN-02,2021-02-28 04:00:00,0.2,22.0,137.0,-0.1,88.2,0.377
STN-02,2021-02-28 05:00:00,0.8,107.0,150.0,1.1,85.5,0.3951
STN-02,2021-02-28 06:00:00,,70.0,153.0,0.6,81.8,0.2975
STN-02,2021-02-28 07:00:00,2.5,254.0,206.0,2.3,80.9,0.3388
STN-02,2021-02-28 08:00:00,2.7,206.0,194.0,,77.1,0.3588
STN-02,2021-02-28 09:00:00,2.8,221.0,202.0,5.1,68.2,0.3079
STN-02,2021-02-28 10:00:00,2.7,268.0,214.0,6.8,64.6,0.2509
STN-02,2021-02-28 11:00:00,1.8,191.0,194.0,7.8,54.3,0.125
STN-02,2021-02-28 12:00:00,1.3,139.0,188.0,8.0,49.9,0.0647
STN-02,2021-02-28 13:00:00,1.4,51.0,,9.7,46.9,0.0991
STN-02,2021-02-28 14:00:00,1.2,38.0,185.0,9.6,46.6,0.093
STN-02,2021-02-28 15:00:00,1.4,73.0,199.0,10.9,45.2,0.0726
STN-02,2021-02-28 16:00:00,0.8,79.0,191.0,11.5,47.1,0.1374
STN-02,2021-02-28 17:00:00,2.0,136.0,201.0,11.4,53.1,0.209
STN-02,2021-02-28 18:00:00,2.1,84.0,179.0,8.9,60.7,0.2301
STN-02,2021-02-28 19:00:00,2.8,104.0,182.0,6.1,70.5,0.2671
STN-02,2021-02-28 20:00:00,3.2,111.0,171.0,5.0,78.0,0.3356
STN-02,2021-02-28 21:00:00,3.2,170.0,156.0,5.5,81.2,0.4054
STN-02,2021-02-28 22:00:00,2.4,150.0,,4.4,84.0,0.3787
STN-02,2021-02-28 23:00:00,2.8,145.0,156.0,4.2,86.6,0.3836
STN-02,2021-03-01 00:00:00,2.7,93.0,114.0,10.7,,0.7182
STN-02,2021-03-01 01:00:00,2.2,127.0,123.0,10.6,91.7,0.7585
STN-02,2021-03-01 02:00:00,1.5,68.0,98.0,10.3,93.5,0.7954
STN-02,2021-03-01 03:00:00,1.4,66.0,108.0,9.9,88.5,0.7014
STN-02,2021-03-01 04:00:00,1.3,1.0,98.0,9.7,86.0,0.6733
STN-02,2021-03-01 05:00:00,6.449337202941988,1.0,109.0,9.8,83.9,0.6856
STN-02,2021-03-01 06:00:00,1.2,1.0,119.0,10.0,76.5,0.634
STN-02,2021-03-01 07:00:00,2.7,138.0,155.0,10.7,73.8,0.6451
STN-02,2021-03-01 08:00:00,2.8,152.0,165.0,11.2,72.1,0.6767
STN-02,2021-03-01 09:00:00,3.9,328.0,213.0,10.8,70.2,0.6492
STN-02,2021-03-01 10:00:00,4.0,364.0,207.0,14.3,61.6,0.6637
STN-02,2021-03-01 11:00:00,3.3,350.0,205.0,15.8,56.2,0.5809
STN-02,2021-03-01 12:00:00,3.3,247.0,182.0,18.1,53.1,0.6353
STN-02,2021-03-01 13:00:00,3.6,303.0,188.0,18.2,56.3,0.6614
STN-02,2021-03-01 14:00:00,2.7,233.0,175.0,20.2,47.6,
STN-02,2021-03-01 15:00:00,2.1,201.0,192.0,22.3,40.4,0.6
STN-02,2021-03-01 16:00:00,2.3,145.0,193.0,21.4,47.8,0.6665
STN-02,2021-03-01 17:00:00,2.2,101.0,183.0,21.5,48.2,0.6926
STN-02,2021-03-01 18:00:00,,144.0,183.0,20.5,53.3,0.7421
STN-02,2021-03-01 19:00:00,3.2,109.0,176.0,17.8,58.3,0.749
STN-02,2021-03-01 20:00:00,3.0,133.0,168.0,18.1,60.4,0.8147
STN-02,2021-03-01 21:00:00,2.6,102.0,,18.1,62.5,0.8453
STN-02,2021-03-01 22:00:00,1.0,12.0,120.0,18.0,61.8,0.8189
STN-02,2021-03-01 23:00:00,0.0,1.0,99.0,17.4,64.5,0.8492
STN-02,2021-03-02 00:00:00,,1.0,88.0,16.5,66.6,0.7937
STN-02,2021-03-02 01:00:00,0.0,1.0,69.0,16.2,65.0,0.7577
STN-02,2021-03-02 02:00:00,0.0,1.0,75.0,15.4,74.5,0.854
STN-02,2021-03-02 03:00:00,0.0,1.0,67.0,15.4,73.7,0.8231
STN-02,2021-03-02 04:00:00,0.0,1.0,61.0,16.6,74.1,0.8641
STN-02,2021-03-02 05:00:00,0.0,1.0,69.0,14.8,75.6,0.7896
STN-02,2021-03-02 06:00:00,0.0,1.0,,14.7,74.3,0.7726
STN-02,2021-03-02 07:00:00,1.2,72.0,131.0,15.8,77.8,0.8566
STN-02,2021-03-02 08:00:00,2.5,192.0,145.0,17.4,74.6,0.863
STN-02,2021-03-02 09:00:00,2.9,265.0,175.0,19.7,64.2,0.8288
STN-02,2021-03-02 10:00:00,1.9,112.0,168.0,21.1,55.6,0.76
STN-02,2021-03-02 11:00:00,2.0,172.0,188.0,23.2,47.5,0.7198
STN-02,2021-03-02 12:00:00,1.7,72.0,171.0,24.7,41.4,0.6774
STN-02,2021-03-02 13:00:00,1.9,85.0,163.0,25.1,38.9,0.6178
STN-02,2021-03-02 14:00:00,1.9,50.0,169.0,24.2,36.7,0.5752
STN-02,2021-03-02 15:00:00,1.2,1.0,157.0,23.4,35.7,0.5399
STN-02,2021-03-02 16:00:00,1.6,41.0,,21.9,35.7,0.5018
STN-02,2021-03-02 17:00:00,2.0,83.0,179.0,20.0,36.5,0.4611
STN-02,2021-03-02 18:00:00,4.6,328.0,254.0,19.4,36.0,0.4682
STN-02,2021-03-02 19:00:00,5.0,302.0,236.0,17.7,44.5,0.527
STN-02,2021-03-02 20:00:00,4.7,272.0,218.0,15.8,50.3,0.5394
STN-02,2021-03-02 21:00:00,3.4,219.0,186.0,15.7,57.2,0.6202
STN-02,2021-03-02 22:00:00,2.2,134.0,162.0,15.2,64.6,0.7018
STN-02,2021-03-02 23:00:00,3.1,179.0,186.0,15.0,65.3,0.6966
STN-02,2021-03-03 00:00:00,2.2,53.0,181.0,16.5,67.1,0.8162
STN-02,2021-03-03 01:00:00,1.2,1.0,161.0,16.6,68.5,0.8236
STN-02,2021-03-03 02:00:00,0.4,1.0,141.0,14.0,64.9,0.6638
STN-02,2021-03-03 03:00:00,0.0,1.0,140.0,12.7,68.4,0.6415
STN-02,2021-03-03 04:00:00,0.2,1.0,123.0,11.7,75.9,0.7056
STN-02,2021-03-03 05:00:00,0.0,1.0,134.0,10.6,76.2,0.6951
STN-02,2021-03-03 06:00:00,0.5,58.0,132.0,10.2,72.7,0.6104
STN-02,2021-03-03 07:00:00,1.0,76.0,140.0,10.6,74.6,0.6407
STN-02,2021-03-03 08:00:00,1.9,148.0,157.0,11.2,72.0,0.6991
STN-02,2021-03-03 09:00:00,1.7,157.0,153.0,12.5,62.7,0.6319
STN-02,2021-03-03 10:00:00,1.8,159.0,139.0,15.3,62.1,0.6901
STN-02,2021-03-03 11:00:00,2.5,231.0,160.0,17.6,55.0,0.6466
STN-02,2021-03-03 12:00:00,2.2,219.0,,18.2,55.4,0.6593
STN-02,2021-03-03 13:00:00,2.7,241.0,143.0,19.1,54.9,0.6679
STN-02,2021-03-03 14:00:00,2.9,236.0,157.0,19.3,,0.7079
STN-02,2021-03-03 15:00:00,3.4,275.0,167.0,20.7,54.7,0.7241
STN-02,2021-03-03 16:00:00,3.0,234.0,163.0,21.1,57.5,0.7682
STN-02,2021-03-03 17:00:00,3.5,211.0,182.0,19.3,55.4,0.6867
STN-02,2021-03-03 18:00:00,5.1,373.0,211.0,17.9,61.2,0.741
STN-02,2021-03-03 19:00:00,4.7,395.0,206.0,17.0,60.2,
STN-02,2021-03-03 20:00:00,4.8,375.0,201.0,15.3,62.3,0.7562
STN-02,2021-03-03 21:00:00,3.2,204.0,177.0,13.5,68.1,0.7923
STN-02,2021-03-03 22:00:00,2.6,108.0,,12.2,72.0,0.7803
STN-02,2021-03-03 23:00:00,2.2,111.0,174.0,11.3,76.4,0.7961
STN-02,2021-03-04 00:00:00,2.4,85.0,171.0,10.8,76.0,0.7336
STN-02,2021-03-04 01:00:00,3.0,175.0,186.0,10.8,76.0,0.7188
STN-02,2021-03-04 02:00:00,2.9,194.0,174.0,10.9,74.1,0.7167
STN-02,2021-03-04 03:00:00,2.2,84.0,152.0,10.3,79.5,0.7487
STN-02,2021-03-04 04:00:00,,1.0,113.0,9.8,77.5,
STN-02,2021-03-04 05:00:00,0.5,1.0,100.0,10.9,79.9,0.8015
STN-02,2021-03-04 06:00:00,1.4,1.0,105.0,11.1,79.7,0.8074
STN-02,2021-03-04 07:00:00,1.9,95.0,139.0,11.3,80.7,0.8427
STN-02,2021-03-04 08:00:00,2.3,136.0,162.0,11.1,77.3,0.811
STN-02,2021-03-04 09:00:00,2.2,97.0,149.0,12.9,72.4,0.8071
STN-02,2021-03-04 10:00:00,2.0,82.0,154.0,15.5,65.2,0.8292
STN-02,2021-03-04 11:00:00,1.5,1.0,136.0,17.6,59.7,0.7953
STN-02,2021-03-04 12:00:00,,10.0,137.0,18.9,59.6,0.7796
STN-02,2021-03-04 13:00:00,1.2,1.0,143.0,19.2,54.1,0.7222
STN-02,2021-03-04 14:00:00,0.4,1.0,145.0,19.9,59.7,0.819
STN-02,2021-03-04 15:00:00,0.6,34.0,154.0,20.5,57.3,0.7801
STN-02,2021-03-04 16:00:00,0.0,1.0,148.0,21.1,48.5,0.7129
STN-02,2021-03-04 17:00:00,0.5,1.0,161.0,20.2,49.9,0.6859
STN-02,2021-03-04 18:00:00,1.2,19.0,152.0,18.4,61.8,0.7916
STN-02,2021-03-04 19:00:00,2.4,110.0,182.0,17.2,64.0,0.7857
STN-02,2021-03-04 20:00:00,3.1,202.0,206.0,14.3,63.1,0.6843
STN-02,2021-03-04 21:00:00,2.0,101.0,197.0,14.2,59.0,0.6164
STN-02,2021-03-04 22:00:00,1.1,78.0,210.0,11.7,61.0,0.5159
STN-02,2021-03-04 23:00:00,,80.0,206.0,10.8,64.2,0.534
STN-02,2021-03-05 00:00:00,0.7,1.0,187.0,10.1,66.2,0.5337
STN-02,2021-03-05 01:00:00,0.3,1.0,169.0,8.7,67.4,0.4962
STN-02,2021-03-05 02:00:00,,1.0,123.0,8.2,67.8,0.5083
STN-02,2021-03-05 03:00:00,0.0,1.0,126.0,7.6,63.5,0.4177
STN-02,2021-03-05 04:00:00,0.1,1.0,114.0,7.3,67.6,0.4166
STN-02,2021-03-05 05:00:00,0.0,1.0,92.0,7.9,-2.1073397670903944,0.4927
STN-02,2021-03-05 06:00:00,0.3,5.0,118.0,7.9,71.3,0.4818
STN-02,2021-03-05 07:00:00,1.8,230.0,141.0,8.0,69.6,0.4675
STN-02,2021-03-05 08:00:00,2.7,292.0,134.0,8.8,68.8,0.4498
STN-02,2021-03-05 09:00:00,1.9,120.0,102.0,10.6,58.8,0.4076
STN-02,2021-03-05 10:00:00,1.3,51.0,92.0,11.8,49.2,0.3376
STN-02,2021-03-05 11:00:00,2.2,128.0,118.0,14.0,45.3,0.3637
STN-02,2021-03-05 12:00:00,2.0,53.0,107.0,15.3,43.4,0.3679
STN-02,2021-03-05 13:00:00,2.4,4.0,80.0,15.3,49.1,0.3984
STN-02,2021-03-05 14:00:00,2.4,3.0,78.0,15.2,52.6,0.4154
STN-02,2021-03-05 15:00:00,1.1,1.0,78.0,15.2,50.1,0.3283
STN-02,2021-03-05 16:00:00,1.4,1.0,91.0,15.8,54.2,0.3884
STN-02,2021-03-05 17:00:00,1.2,1.0,82.0,14.5,61.9,0.4466
STN-02,2021-03-05 18:00:00,1.5,1.0,99.0,12.5,68.8,0.4604
STN-02,2021-03-05 19:00:00,1.8,1.0,105.0,11.8,68.5,0.4572
STN-02,2021-03-05 20:00:00,2.0,24.0,,10.6,65.7,0.4182
STN-02,2021-03-05 21:00:00,1.0,30.0,125.0,8.4,75.7,0.4284
STN-02,2021-03-05 22:00:00,0.8,1.0,103.0,9.4,76.0,0.5039
STN-02,2021-03-05 23:00:00,0.1,1.0,81.0,7.5,78.1,0.4775
STN-02,2021-03-06 00:00:00,0.0,1.0,75.0,7.5,79.0,0.5241
STN-02,2021-03-06 01:00:00,0.0,1.0,50.0,7.3,76.5,0.5202
STN-02,2021-03-06 02:00:00,0.0,1.0,8.0,5.8,77.0,0.4421
STN-02,2021-03-06 03:00:00,0.0,1.0,8.0,5.8,77.0,0.4421
STN-02,2021-03-06 04:00:00,0.0,1.0,5.0,4.5,77.4,0.3947
STN-02,2021-03-06 05:00:00,0.0,,1.0,4.0,76.6,0.3784
STN-02,2021-03-06 06:00:00,0.0,1.0,17.0,5.9,68.5,0.3738
STN-02,2021-03-06 07:00:00,0.6,1.0,58.0,7.7,70.7,0.4376
STN-02,2021-03-06 08:00:00,1.3,1.0,84.0,8.0,68.0,0.411
STN-02,2021-03-06 09:00:00,1.5,1.0,100.0,8.9,61.3,0.3528
STN-02,2021-03-06 10:00:00,0.6,1.0,109.0,12.5,55.6,0.4037
STN-02,2021-03-06 11:00:00,0.7,1.0,103.0,13.8,59.0,0.4453
STN-02,2021-03-06 12:00:00,0.6,1.0,99.0,15.3,63.1,0.5302
STN-02,2021-03-06 13:00:00,0.6,1.0,85.0,15.6,67.9,0.589
STN-02,2021-03-06 14:00:00,1.1,1.0,98.0,13.8,69.7,0.5697
STN-02,2021-03-06 15:00:00,1.1,1.0,88.0,15.5,66.9,0.6013
STN-02,2021-03-06 16:00:00,0.5,1.0,79.0,15.1,70.6,0.645
STN-02,2021-03-06 17:00:00,1.4,1.0,122.0,14.0,73.4,0.6559
STN-02,2021-03-06 18:00:00,2.3,89.0,134.0,12.8,71.0,0.6096
STN-02,2021-03-06 19:00:00,3.0,140.0,137.0,13.2,72.4,0.6925
STN-02,2021-03-06 20:00:00,2.8,142.0,132.0,11.0,74.8,0.6629
STN-02,2021-03-06 21:00:00,2.7,133.0,133.0,10.5,71.1,0.5987
STN-02,2021-03-06 22:00:00,2.4,81.0,130.0,9.8,72.0,0.5793
STN-02,2021-03-06 23:00:00,1.6,1.0,100.0,8.0,77.1,0.6049
STN-02,2021-03-07 00:00:00,1.6,1.0,85.0,8.7,75.3,0.6107
STN-02,2021-03-07 01:00:00,1.6,1.0,,9.3,71.1,0.5814
STN-02,2021-03-07 02:00:00,1.0,1.0,58.0,11.2,,0.6017
STN-02,2021-03-07 03:00:00,0.5,1.0,55.0,10.3,65.2,0.4961
STN-02,2021-03-07 04:00:00,0.8,1.0,48.0,9.9,68.1,0.5059
STN-02,2021-03-07 05:00:00,1.0,1.0,74.0,10.3,69.6,0.5232
STN-02,2021-03-07 06:00:00,1.7,29.0,112.0,10.5,68.9,0.4874
STN-02,2021-03-07 07:00:00,2.7,168.0,128.0,10.9,74.5,0.5579
STN-02,2021-03-07 08:00:00,4.1,343.0,169.0,11.2,69.3,0.547
STN-02,2021-03-07 09:00:00,4.6,379.0,169.0,12.6,72.1,0.6353
STN-02,2021-03-07 10:00:00,,323.0,165.0,16.0,62.1,0.6201
STN-02,2021-03-07 11:00:00,2.9,201.0,150.0,18.2,56.2,0.6144
STN-02,2021-03-07 12:00:00,3.2,162.0,149.0,17.8,52.9,0.572
STN-02,2021-03-07 13:00:00,3.3,202.0,141.0,18.2,50.9,0.5451
STN-02,2021-03-07 14:00:00,3.4,179.0,139.0,19.7,48.8,0.5869
STN-02,2021-03-07 15:00:00,3.7,243.0,160.0,20.0,48.5,0.5952
STN-02,2021-03-07 16:00:00,4.6,320.0,162.0,20.4,52.6,0.6175
STN-02,2021-03-07 17:00:00,4.0,245.0,168.0,20.1,56.6,0.6404
STN-02,2021-03-07 18:00:00,4.3,260.0,173.0,20.0,52.8,0.623
STN-02,2021-03-07 19:00:00,4.7,292.0,174.0,17.9,58.1,0.6211
STN-02,2021-03-07 20:00:00,4.4,293.0,186.0,16.9,62.2,0.6418
STN-02,2021-03-07 21:00:00,2.2,113.0,157.0,16.8,54.9,0.566
STN-02,2021-03-07 22:00:00,1.7,55.0,152.0,16.4,55.7,0.5449
STN-02,2021-03-07 23:00:00,0.7,1.0,124.0,15.3,53.4,0.5082
STN-02,2021-03-08 00:00:00,0.7,1.0,118.0,14.7,54.3,0.479
STN-02,2021-03-08 01:00:00,0.7,1.0,101.0,13.9,54.7,0.4392
STN-02,2021-03-08 02:00:00,0.7,1.0,88.0,13.5,62.4,0.5202
STN-02,2021-03-08 03:00:00,1.3,55.0,122.0,12.6,,0.5009
STN-02,2021-03-08 04:00:00,0.6,4.0,91.0,10.5,,0.435
STN-02,2021-03-08 05:00:00,1.3,119.0,86.0,10.4,72.1,0.484
STN-02,2021-03-08 06:00:00,1.5,107.0,98.0,10.5,78.3,0.5627
STN-02,2021-03-08 07:00:00,2.1,118.0,98.0,11.4,74.4,0.5439
STN-02,2021-03-08 08:00:00,3.1,181.0,122.0,11.7,84.2,0.6657
STN-02,2021-03-08 09:00:00,3.2,145.0,136.0,11.7,80.0,0.5999
STN-02,2021-03-08 10:00:00,2.4,122.0,138.0,14.7,75.3,0.5885
STN-02,2021-03-08 11:00:00,2.4,122.0,138.0,14.7,75.3,0.5885
STN-02,2021-03-08 12:00:00,1.9,104.0,128.0,18.1,63.8,0.5246
STN-02,2021-03-08 13:00:00,2.3,136.0,122.0,17.7,63.6,0.482
STN-02,2021-03-08 14:00:00,2.8,185.0,127.0,16.2,62.0,0.4373
STN-02,2021-03-08 15:00:00,2.5,205.0,130.0,17.4,64.3,0.472
STN-02,2021-03-08 16:00:00,3.0,222.0,138.0,18.8,67.8,0.5573
STN-02,2021-03-08 17:00:00,3.2,215.0,146.0,17.6,68.7,0.5392
STN-02,2021-03-08 18:00:00,3.7,199.0,149.0,16.0,72.3,0.5736
STN-02,2021-03-08 19:00:00,2.7,117.0,134.0,15.4,76.7,0.679
STN-02,2021-03-08 20:00:00,1.8,22.0,,14.3,81.5,0.7261
STN-02,2021-03-08 21:00:00,0.8,1.0,112.0,12.6,85.3,0.708
STN-02,2021-03-08 22:00:00,0.4,1.0,104.0,11.7,84.9,0.6691
STN-02,2021-03-08 23:00:00,0.1,1.0,83.0,13.3,85.4,0.726
STN-02,2021-03-09 00:00:00,1.1,1.0,114.0,13.1,82.9,0.6233
STN-02,2021-03-09 01:00:00,0.9,1.0,104.0,12.3,85.1,0.6381
STN-02,2021-03-09 02:00:00,0.6,1.0,96.0,11.4,92.1,0.6844
STN-02,2021-03-09 03:00:00,0.3,1.0,105.0,11.4,93.4,0.7407
STN-02,2021-03-09 04:00:00,0.5,1.0,110.0,11.0,96.8,0.7679
STN-02,2021-03-09 05:00:00,0.9,16.0,120.0,11.2,91.5,0.7069
STN-02,2021-03-09 06:00:00,0.0,1.0,110.0,10.0,94.5,0.6895
STN-02,2021-03-09 07:00:00,0.1,9.0,134.0,9.8,96.4,0.7213
STN-02,2021-03-09 08:00:00,1.7,,158.0,11.2,99.0,0.8377
STN-02,2021-03-09 09:00:00,2.4,137.0,186.0,12.3,99.0,0.8664
STN-02,2021-03-09 10:00:00,3.0,176.0,189.0,14.3,95.9,0.8693
STN-02,2021-03-09 11:00:00,2.4,187.0,194.0,15.2,88.9,0.79
STN-02,2021-03-09 12:00:00,2.6,163.0,176.0,18.1,84.2,0.8244
STN-02,2021-03-09 13:00:00,2.5,165.0,162.0,18.1,82.6,0.82
STN-02,2021-03-09 14:00:00,1.2,22.0,140.0,19.3,78.6,0.8048
STN-02,2021-03-09 15:00:00,1.3,63.0,165.0,18.8,76.4,0.7517
STN-02,2021-03-09 16:00:00,2.0,93.0,183.0,18.3,69.6,0.64
STN-02,2021-03-09 17:00:00,3.0,172.0,199.0,16.4,77.9,0.6864
STN-02,2021-03-09 18:00:00,3.3,172.0,192.0,13.9,83.6,0.6769
STN-02,2021-03-09 19:00:00,3.8,154.0,197.0,12.8,89.9,0.7584
STN-02,2021-03-09 20:00:00,4.2,255.0,,12.5,94.4,0.8319
STN-02,2021-03-09 21:00:00,2.5,156.0,193.0,11.6,91.3,0.7584
STN-02,2021-03-09 22:00:00,2.5,213.0,219.0,12.1,87.1,
STN-02,2021-03-09 23:00:00,1.9,,199.0,10.2,95.8,0.7129
STN-02,2021-03-10 00:00:00,2.1,214.0,212.0,8.4,94.2,0.6165
STN-02,2021-03-10 01:00:00,2.3,245.0,,7.8,94.1,0.629
STN-02,2021-03-10 02:00:00,2.0,213.0,184.0,,89.0,0.5282
STN-02,2021-03-10 03:00:00,1.1,125.0,165.0,8.0,,0.5859
STN-02,2021-03-10 04:00:00,1.2,101.0,138.0,8.4,98.6,0.6883
STN-02,2021-03-10 05:00:00,1.5,160.0,145.0,8.0,99.0,0.7409
STN-02,2021-03-10 06:00:00,1.2,135.0,139.0,7.7,99.0,0.8182
STN-02,2021-03-10 07:00:00,1.6,270.0,149.0,8.9,99.0,0.877
STN-02,2021-03-10 08:00:00,2.5,405.0,177.0,10.5,99.0,0.9536
STN-02,2021-03-10 09:00:00,3.0,343.0,186.0,14.3,97.5,0.9506
STN-02,2021-03-10 10:00:00,2.5,230.0,175.0,16.3,84.8,0.8335
STN-02,2021-03-10 11:00:00,1.7,125.0,156.0,17.6,81.1,0.8015
STN-02,2021-03-10 12:00:00,1.7,102.0,160.0,18.5,79.9,0.8052
STN-02,2021-03-10 13:00:00,1.1,61.0,150.0,20.0,73.6,0.8022
STN-02,2021-03-10 14:00:00,0.9,107.0,146.0,,74.9,0.7841
STN-02,2021-03-10 15:00:00,1.3,120.0,127.0,19.6,73.8,0.8076
STN-02,2021-03-10 16:00:00,,145.0,132.0,19.3,76.1,0.852
STN-02,2021-03-10 17:00:00,,,139.0,18.0,76.3,0.852
STN-02,2021-03-10 18:00:00,1.9,151.0,141.0,16.5,74.7,0.7747
STN-02,2021-03-10 19:00:00,2.3,101.0,146.0,14.3,74.5,0.757
STN-02,2021-03-10 20:00:00,1.4,16.0,,10.11984001844062,76.1,0.5743346494298087
STN-02,2021-03-10 21:00:00,1.6,76.0,133.0,6.339680036881239,82.0,0.4268692988596172
STN-02,2021-03-10 22:00:00,1.0,37.0,115.0,2.859520055321859,88.0,0.3232039482894259
STN-02,2021-03-10 23:00:00,0.6,23.0,102.0,-0.42063992623752355,85.6,0.08683859771923452
STN-02,2021-03-11 00:00:00,0.9,1.0,104.0,-2.3806932534239813,85.6,0.05
STN-02,2021-03-11 01:00:00,1.2,15.0,108.0,-2.8806932534239813,85.4,0.05
STN-02,2021-03-11 02:00:00,1.0,,110.0,-4.780693253423982,89.5,0.05
STN-02,2021-03-11 03:00:00,0.8,53.0,109.0,-6.380693253423981,91.3,0.05
STN-02,2021-03-11 04:00:00,1.1,19.0,87.0,-7.580693253423981,93.6,0.05
STN-02,2021-03-11 05:00:00,,1.0,88.0,-8.180693253423982,93.7,0.05
STN-02,2021-03-11 06:00:00,1.3,74.0,124.0,-6.680693253423982,89.2,0.05
STN-02,2021-03-11 07:00:00,1.3,97.0,135.0,-7.280693253423982,85.2,0.05
STN-02,2021-03-11 08:00:00,1.7,180.0,149.0,-6.880693253423981,99.0,0.05
STN-02,2021-03-11 09:00:00,1.8,158.0,136.0,9.6,82.6,0.8103
STN-02,2021-03-11 10:00:00,1.3,143.0,116.0,11.5,80.2,0.8239
STN-02,2021-03-11 11:00:00,1.3,43.0,127.0,14.6,68.4,0.7904
STN-02,2021-03-11 12:00:00,1.7,88.0,140.0,16.1,64.4,0.7993
STN-02,2021-03-11 13:00:00,2.2,81.0,139.0,,67.8,0.8457
STN-02,2021-03-11 14:00:00,2.2,109.0,135.0,18.5,61.0,0.8228
STN-02,2021-03-11 15:00:00,2.1,146.0,147.0,19.9,57.0,0.8149
STN-02,2021-03-11 16:00:00,1.6,90.0,144.0,19.0,55.7,0.7676
STN-02,2021-03-11 17:00:00,2.9,275.0,174.0,17.3,61.2,0.793
STN-02,2021-03-11 18:00:00,3.1,274.0,177.0,15.5,66.0,0.8231
STN-02,2021-03-11 19:00:00,3.8,314.0,196.0,16.5,68.7,0.9086
STN-02,2021-03-11 20:00:00,3.2,313.0,170.0,15.3,71.2,0.9104
STN-02,2021-03-11 21:00:00,2.9,319.0,,13.8,71.0,0.8728
STN-02,2021-03-11 22:00:00,2.2,207.0,152.0,13.0,77.8,0.9441
STN-02,2021-03-11 23:00:00,2.8,256.0,156.0,13.3,81.9,1.0198
STN-02,2021-03-12 00:00:00,3.1,296.0,,10.2,86.6,1.01
STN-02,2021-03-12 01:00:00,1.8,226.0,141.0,9.1,88.5,0.951
STN-02,2021-03-12 02:00:00,,191.0,128.0,8.9,89.5,0.9452
STN-02,2021-03-12 03:00:00,2.3,241.0,147.0,9.1,93.1,0.9805
STN-02,2021-03-12 04:00:00,2.1,140.0,120.0,9.4,87.7,
STN-02,2021-03-12 05:00:00,1.3,108.0,102.0,8.9,87.3,0.8485
STN-02,2021-03-12 06:00:00,0.4,36.0,88.0,9.8,82.3,0.817
STN-02,2021-03-12 07:00:00,2.1,229.0,129.0,,83.8,0.8137
STN-02,2021-03-12 08:00:00,3.7,343.0,151.0,,81.2,0.8114
STN-02,2021-03-12 09:00:00,3.7,344.0,156.0,11.9,79.7,0.8191
STN-02,2021-03-12 10:00:00,2.4,285.0,175.0,14.6,71.1,0.7541
STN-02,2021-03-12 11:00:00,1.7,238.0,143.0,13.8,72.7,0.7048
STN-02,2021-03-12 12:00:00,1.3,188.0,138.0,15.2,67.1,0.6498
STN-02,2021-03-12 13:00:00,1.3,184.0,124.0,15.8,63.9,0.6096
STN-02,2021-03-12 14:00:00,2.0,240.0,137.0,13.9,70.6,0.6296
STN-02,2021-03-12 15:00:00,1.6,266.0,139.0,13.5,74.3,0.6739
STN-02,2021-03-12 16:00:00,2.4,319.0,145.0,13.9,81.2,0.7501
STN-02,2021-03-12 17:00:00,2.9,341.0,,11.7,,0.744
STN-02,2021-03-12 18:00:00,2.6,263.0,164.0,11.0,84.9,0.7933
STN-02,2021-03-12 19:00:00,4.3,438.0,206.0,10.1,89.5,0.8301
STN-02,2021-03-12 20:00:00,4.2,478.0,216.0,9.0,91.3,0.833
STN-02,2021-03-12 21:00:00,2.0,262.0,163.0,9.2,91.1,0.861
STN-02,2021-03-12 22:00:00,1.2,175.0,139.0,6.6,97.7,
STN-02,2021-03-12 23:00:00,0.9,75.0,113.0,7.2,96.5,0.8704
STN-02,2021-03-13 00:00:00,0.9,,103.0,7.1,,0.8681
STN-02,2021-03-13 01:00:00,1.0,75.0,111.0,6.7,99.0,0.884
STN-02,2021-03-13 02:00:00,1.0,51.0,84.0,5.6,99.0,0.9153
STN-02,2021-03-13 03:00:00,1.0,1.0,71.0,6.5,99.0,0.936
STN-02,2021-03-13 04:00:00,0.8,1.0,46.0,5.7,99.0,0.9058
STN-02,2021-03-13 05:00:00,0.7,1.0,53.0,5.0,99.0,0.8857
STN-02,2021-03-13 06:00:00,0.1,1.0,47.0,4.1,99.0,0.8149
STN-02,2021-03-13 07:00:00,0.6,1.0,77.0,6.4,94.2,0.8473
STN-02,2021-03-13 08:00:00,1.8,89.0,96.0,7.5,95.5,0.8849
STN-02,2021-03-13 09:00:00,1.7,39.0,,8.8,90.6,0.8979
STN-02,2021-03-13 10:00:00,1.8,53.0,92.0,12.7,82.3,0.9143
STN-02,2021-03-13 11:00:00,1.5,23.0,97.0,15.0,73.5,0.896
STN-02,2021-03-13 12:00:00,0.5,1.0,76.0,15.8,66.7,0.8057
STN-02,2021-03-13 13:00:00,1.7,1.0,102.0,19.6,58.4,0.8045
STN-02,2021-03-13 14:00:00,1.9,39.0,110.0,18.9,63.2,0.8217
STN-02,2021-03-13 15:00:00,1.8,38.0,121.0,20.6,56.5,0.7865
STN-02,2021-03-13 16:00:00,2.3,55.0,131.0,20.2,52.0,0.7341
STN-02,2021-03-13 17:00:00,,,155.0,18.8,47.4,0.6372
STN-02,2021-03-13 18:00:00,2.2,46.0,145.0,19.2,48.5,0.678
STN-02,2021-03-13 19:00:00,2.6,143.0,152.0,18.8,54.3,0.7684
STN-02,2021-03-13 20:00:00,2.6,114.0,149.0,15.8,61.0,0.738
STN-02,2021-03-13 21:00:00,1.7,107.0,128.0,14.0,68.6,0.7822
STN-02,2021-03-13 22:00:00,1.2,40.0,127.0,14.1,66.2,
STN-02,2021-03-13 23:00:00,1.8,24.0,130.0,13.3,71.2,0.789
STN-02,2021-03-14 00:00:00,1.4,1.0,123.0,13.0,69.2,0.8037
STN-02,2021-03-14 01:00:00,0.7,1.0,,,63.2,0.6799
STN-02,2021-03-14 02:00:00,0.6,1.0,95.0,13.4,64.8,0.7336
STN-02,2021-03-14 03:00:00,1.4,72.0,125.0,12.9,66.7,0.7493
STN-02,2021-03-14 04:00:00,2.0,145.0,112.0,13.0,70.0,0.7728
STN-02,2021-03-14 05:00:00,3.0,,141.0,14.5,69.1,0.8281
STN-02,2021-03-14 06:00:00,2.9,307.0,162.0,15.2,73.6,0.8736
STN-02,2021-03-14 07:00:00,4.3,352.0,190.0,15.9,69.6,0.8196
STN-02,2021-03-14 08:00:00,5.2,384.0,213.0,17.9,67.4,0.8672
STN-02,2021-03-14 09:00:00,4.6,378.0,207.0,19.4,60.6,0.839
STN-02,2021-03-14 10:00:00,4.1,379.0,221.0,20.3,54.7,0.7804
STN-02,2021-03-14 11:00:00,4.0,348.0,216.0,21.9,53.8,0.7883
STN-02,2021-03-14 12:00:00,2.8,192.0,183.0,22.5,53.9,0.8139
STN-02,2021-03-14 13:00:00,2.7,185.0,181.0,23.7,52.0,0.8151
STN-02,2021-03-14 14:00:00,3.4,229.0,202.0,24.7,56.1,0.8694
STN-02,2021-03-14 15:00:00,3.2,,208.0,24.0,52.5,0.775
STN-02,2021-03-14 16:00:00,2.8,199.0,205.0,23.8,54.2,0.795
STN-02,2021-03-14 17:00:00,2.9,209.0,211.0,23.8,52.9,0.7945
STN-02,2021-03-14 18:00:00,3.0,114.0,188.0,21.1,62.3,0.823
STN-02,2021-03-14 19:00:00,3.8,211.0,197.0,21.0,62.4,0.8302
STN-02,2021-03-14 20:00:00,3.8,250.0,202.0,19.8,67.0,0.8634
STN-02,2021-03-14 21:00:00,2.9,195.0,187.0,18.2,67.9,0.8602
STN-02,2021-03-14 22:00:00,1.4,33.0,137.0,18.0,69.3,0.8747
STN-02,2021-03-14 23:00:00,1.1,1.0,138.0,18.5,65.7,0.8564
STN-02,2021-03-15 00:00:00,1.6,51.0,138.0,19.0,67.4,0.8913
STN-02,2021-03-15 01:00:00,0.9,1.0,120.0,18.9,68.8,0.9326
STN-02,2021-03-15 02:00:00,1.2,1.0,111.0,17.3,68.0,0.8314
STN-02,2021-03-15 03:00:00,0.3,1.0,102.0,16.9,68.8,0.7881
STN-02,2021-03-15 04:00:00,0.2,1.0,92.0,16.5,66.9,0.7568
STN-02,2021-03-15 05:00:00,0.7,1.0,121.0,16.0,67.7,0.7683
STN-02,2021-03-15 06:00:00,0.0,1.0,125.0,14.9,65.2,0.6922
STN-02,2021-03-15 07:00:00,0.9,146.0,160.0,14.6,67.1,0.6878
STN-02,2021-03-15 08:00:00,2.5,336.0,191.0,15.9,59.6,0.6278
STN-02,2021-03-15 09:00:00,2.4,307.0,192.0,17.0,58.6,0.6684
STN-02,2021-03-15 10:00:00,1.9,269.0,189.0,20.4,52.2,0.6814
STN-02,2021-03-15 11:00:00,,286.0,195.0,22.7,48.1,0.672
STN-02,2021-03-15 12:00:00,0.4,119.0,158.0,23.7,42.1,0.6004
STN-02,2021-03-15 13:00:00,1.2,176.0,178.0,24.7,32.6,0.5106
STN-02,2021-03-15 14:00:00,2.0,,204.0,24.1,32.8,0.4599
STN-02,2021-03-15 15:00:00,2.6,311.0,200.0,24.4,38.8,0.498
STN-02,2021-03-15 16:00:00,,249.0,177.0,23.7,45.9,0.569
STN-02,2021-03-15 17:00:00,3.0,367.0,182.0,24.5,44.3,0.6067
STN-02,2021-03-15 18:00:00,4.0,416.0,206.0,21.4,55.7,0.6446
STN-02,2021-03-15 19:00:00,2.6,223.0,172.0,20.4,59.0,0.6654
STN-02,2021-03-15 20:00:00,2.5,194.0,158.0,,65.8,0.6793
STN-02,2021-03-15 21:00:00,1.4,135.0,145.0,16.4,69.5,0.7033
STN-02,2021-03-15 22:00:00,0.6,8.0,117.0,15.6,75.0,0.7542
STN-02,2021-03-15 23:00:00,,1.0,115.0,15.1,75.0,0.7512
STN-02,2021-03-16 00:00:00,0.8,1.0,96.0,13.7,79.4,0.7476
STN-02,2021-03-16 01:00:00,0.0,1.0,74.0,13.5,76.4,0.7037
STN-02,2021-03-16 02:00:00,0.0,1.0,58.0,11.8,79.9,0.6936
STN-02,2021-03-16 03:00:00,0.0,1.0,73.0,10.4,83.3,0.6427
STN-02,2021-03-16 04:00:00,0.3,1.0,48.0,9.4,89.1,0.6479
STN-02,2021-03-16 05:00:00,1.1,1.0,,8.8,94.7,0.6971
STN-02,2021-03-16 06:00:00,1.9,122.0,114.0,8.6,99.0,0.7771
STN-02,2021-03-16 07:00:00,2.8,221.0,144.0,9.0,98.2,0.7781
STN-02,2021-03-16 08:00:00,4.2,339.0,178.0,11.1,93.1,0.7885
STN-02,2021-03-16 09:00:00,3.6,393.0,173.0,12.7,89.3,0.7917
STN-02,2021-03-16 10:00:00,2.3,198.0,154.0,14.5,82.2,0.7749
STN-02,2021-03-16 11:00:00,1.7,193.0,159.0,16.7,73.1,0.7466
STN-02,2021-03-16 12:00:00,2.0,228.0,164.0,18.3,70.9,0.7885
STN-02,2021-03-16 13:00:00,2.3,228.0,,18.4,62.7,0.6876
STN-02,2021-03-16 14:00:00,2.8,297.0,178.0,17.8,61.4,0.6409
STN-02,2021-03-16 15:00:00,2.3,233.0,169.0,18.5,62.0,0.6811
STN-02,2021-03-16 16:00:00,2.1,202.0,169.0,18.4,68.2,0.7888
STN-02,2021-03-16 17:00:00,2.8,283.0,186.0,17.9,,0.8209
STN-02,2021-03-16 18:00:00,2.4,227.0,188.0,14.3,74.7,0.7387
STN-02,2021-03-16 19:00:00,2.6,196.0,,12.6,83.6,0.7902
STN-02,2021-03-16 20:00:00,2.4,145.0,206.0,12.1,83.3,0.8082
STN-02,2021-03-16 21:00:00,1.5,52.0,408.6173080159637,11.3,85.1,0.8236
STN-02,2021-03-16 22:00:00,1.3,1.0,151.0,10.9,91.5,0.913
STN-02,2021-03-16 23:00:00,2.5,38.0,161.0,11.3,94.7,0.9788
STN-02,2021-03-17 00:00:00,2.4,32.0,144.0,10.6,96.1,0.9782
STN-02,2021-03-17 01:00:00,1.9,17.0,128.0,11.1,99.0,1.0864
STN-02,2021-03-17 02:00:00,2.0,1.0,103.0,11.6,99.0,1.0985
STN-02,2021-03-17 03:00:00,1.7,1.0,113.0,11.1,97.8,1.0784
STN-02,2021-03-17 04:00:00,1.0,1.0,75.0,11.5,96.4,1.0759
STN-02,2021-03-17 05:00:00,1.4,1.0,84.0,11.4,96.9,1.0779
STN-02,2021-03-17 06:00:00,2.1,54.0,94.0,9.9,98.4,1.043
STN-02,2021-03-17 07:00:00,3.3,208.0,132.0,8.1,99.0,1.0682
STN-02,2021-03-17 08:00:00,4.2,,156.0,9.4,95.3,1.0148
STN-02,2021-03-17 09:00:00,4.8,504.0,179.0,11.2,94.5,1.0467
STN-02,2021-03-17 10:00:00,4.3,403.0,183.0,14.7,81.7,1.0087
STN-02,2021-03-17 11:00:00,3.6,415.0,194.0,17.2,74.4,0.9951
STN-02,2021-03-17 12:00:00,3.6,412.0,203.0,18.7,66.4,0.9293
STN-02,2021-03-17 13:00:00,3.7,383.0,206.0,18.9,69.2,0.9254
STN-02,2021-03-17 14:00:00,2.3,243.0,170.0,18.5,71.5,0.9085
STN-02,2021-03-17 15:00:00,1.4,80.0,171.0,18.6,67.5,0.8621
STN-02,2021-03-17 16:00:00,1.5,69.0,165.0,19.8,60.8,0.8346
STN-02,2021-03-17 17:00:00,1.7,123.0,179.0,19.2,59.2,0.8225
STN-02,2021-03-17 18:00:00,2.3,,172.0,17.0,64.0,0.7995
STN-02,2021-03-17 19:00:00,2.4,275.0,211.0,17.1,68.9,
STN-02,2021-03-17 20:00:00,1.5,336.0,206.0,14.6,77.7,0.9009
STN-02,2021-03-17 21:00:00,1.6,318.0,215.0,14.5,78.1,0.915
STN-02,2021-03-17 22:00:00,1.8,279.0,,13.4,81.6,0.9043
STN-02,2021-03-17 23:00:00,1.9,197.0,195.0,12.2,83.5,0.895
STN-02,2021-03-18 00:00:00,1.2,97.0,173.0,12.2,84.7,0.8955
STN-02,2021-03-18 01:00:00,0.6,49.0,151.0,13.2,77.8,0.846
STN-02,2021-03-18 02:00:00,0.0,1.0,141.0,12.8,78.6,0.844
STN-02,2021-03-18 03:00:00,0.0,1.0,132.0,11.4,83.0,0.8412
STN-02,2021-03-18 04:00:00,0.0,1.0,114.0,11.6,84.8,0.87
STN-02,2021-03-18 05:00:00,0.4,1.0,132.0,13.4,83.6,0.9486
STN-02,2021-03-18 06:00:00,1.2,20.0,139.0,12.8,87.5,0.9627
STN-02,2021-03-18 07:00:00,,,148.0,14.4,85.9,0.9892
STN-02,2021-03-18 08:00:00,3.3,142.0,165.0,15.2,82.5,0.9861
STN-02,2021-03-18 09:00:00,3.0,87.0,156.0,17.8,77.6,1.0382
STN-02,2021-03-18 10:00:00,2.4,127.0,176.0,19.5,68.7,0.9792
STN-02,2021-03-18 11:00:00,2.6,156.0,204.0,20.4,59.8,0.907
STN-02,2021-03-18 12:00:00,1.3,24.0,,20.4,55.3,0.8364
STN-02,2021-03-18 13:00:00,2.2,160.0,188.0,20.5,55.2,0.7729
STN-02,2021-03-18 14:00:00,2.8,255.0,204.0,20.2,54.4,0.7703
STN-02,2021-03-18 15:00:00,2.2,182.0,185.0,20.4,54.3,0.7783
STN-02,2021-03-18 16:00:00,2.2,179.0,184.0,18.4,58.8,0.7445
STN-02,2021-03-18 17:00:00,1.9,125.0,181.0,16.3,60.1,0.6793
STN-02,2021-03-18 18:00:00,3.1,270.0,200.0,15.8,65.9,0.7561
STN-02,2021-03-18 19:00:00,3.7,255.0,194.0,11.6,75.5,0.7366
STN-02,2021-03-18 20:00:00,3.3,201.0,179.0,11.7,75.9,0.7687
STN-02,2021-03-18 21:00:00,2.2,153.0,151.0,11.3,81.7,0.8259
STN-02,2021-03-18 22:00:00,1.3,77.0,146.0,10.9,83.9,0.8088
STN-02,2021-03-18 23:00:00,1.8,153.0,,10.0,90.1,0.8492
STN-02,2021-03-19 00:00:00,1.9,108.0,124.0,10.1,91.9,0.873
STN-02,2021-03-19 01:00:00,1.8,139.0,135.0,9.6,94.8,0.8884
STN-02,2021-03-19 02:00:00,2.3,146.0,128.0,12.3,99.0,1.0935
STN-02,2021-03-19 03:00:00,1.9,155.0,127.0,12.5,99.0,1.1135
STN-02,2021-03-19 04:00:00,2.1,127.0,107.0,11.5,99.0,1.0685
STN-02,2021-03-19 05:00:00,1.8,74.0,89.0,11.2,99.0,1.0938
STN-02,2021-03-19 06:00:00,2.3,176.0,127.0,10.3,99.0,1.1046
STN-02,2021-03-19 07:00:00,4.3,452.0,188.0,10.4,99.0,1.0873
STN-02,2021-03-19 08:00:00,5.0,522.0,203.0,11.2,99.0,1.0501
STN-02,2021-03-19 09:00:00,,566.0,223.0,12.8,99.0,1.1406
STN-02,2021-03-19 10:00:00,4.4,522.0,217.0,15.5,95.9,1.1527
STN-02,2021-03-19 11:00:00,3.6,464.0,208.0,16.9,87.9,1.0651
STN-02,2021-03-19 12:00:00,4.1,481.0,226.0,18.0,89.3,1.1073
STN-02,2021-03-19 13:00:00,3.9,377.0,224.0,18.3,85.9,1.1068
STN-02,2021-03-19 14:00:00,2.9,353.0,207.0,18.3,88.3,1.164
STN-02,2021-03-19 15:00:00,2.5,271.0,198.0,19.8,85.9,1.1926
STN-02,2021-03-19 16:00:00,2.6,210.0,183.0,19.3,85.0,1.1659
STN-02,2021-03-19 17:00:00,3.1,264.0,184.0,19.5,85.2,1.1939
STN-02,2021-03-19 18:00:00,4.3,353.0,204.0,18.4,92.2,1.2397
STN-02,2021-03-19 19:00:00,4.7,389.0,218.0,16.3,94.9,1.2317
STN-02,2021-03-19 20:00:00,3.1,317.0,201.0,16.0,92.6,1.2056
STN-02,2021-03-19 21:00:00,2.4,,180.0,15.6,93.6,1.2184
STN-02,2021-03-19 22:00:00,1.7,84.0,139.0,15.2,90.1,1.1571
STN-02,2021-03-19 23:00:00,1.7,-2.8713727494652006,142.0,12.7,94.5,1.1141
STN-02,2021-03-20 00:00:00,1.6,4.0,123.0,12.5,99.0,
STN-02,2021-03-20 01:00:00,0.8,1.0,98.0,12.1,,1.2193
STN-02,2021-03-20 02:00:00,0.6,1.0,90.0,12.0,99.0,1.2041
STN-02,2021-03-20 03:00:00,0.7,1.0,101.0,11.7,98.7,1.1825
STN-02,2021-03-20 04:00:00,0.4,1.0,59.0,13.0,99.0,1.2277
STN-02,2021-03-20 05:00:00,1.0,1.0,77.0,12.6,99.0,1.2047
STN-02,2021-03-20 06:00:00,1.2,1.0,106.0,10.0,96.9,1.0824
STN-02,2021-03-20 07:00:00,2.3,114.0,131.0,11.7,85.8,0.9961
STN-02,2021-03-20 08:00:00,3.3,240.0,157.0,11.7,81.5,0.9603
STN-02,2021-03-20 09:00:00,3.4,269.0,157.0,13.0,73.9,0.9126
STN-02,2021-03-20 10:00:00,2.6,154.0,146.0,16.0,65.7,0.9165
STN-02,2021-03-20 11:00:00,2.9,214.0,158.0,17.0,70.7,0.9734
STN-02,2021-03-20 12:00:00,2.8,,167.0,18.1,68.7,0.9822
STN-02,2021-03-20 13:00:00,1.8,151.0,140.0,18.1,69.5,0.9581
STN-02,2021-03-20 14:00:00,2.2,181.0,130.0,18.7,63.6,0.8866
STN-02,2021-03-20 15:00:00,2.3,203.0,145.0,18.5,59.6,0.8536
STN-02,2021-03-20 16:00:00,3.0,244.0,149.0,19.6,58.8,0.9128
STN-02,2021-03-20 17:00:00,3.9,310.0,,17.7,63.3,0.9155
STN-02,2021-03-20 18:00:00,5.1,464.0,229.0,15.5,64.8,0.887
STN-02,2021-03-20 19:00:00,5.1,478.0,222.0,14.4,66.8,0.8825
STN-02,2021-03-20 20:00:00,5.1,,233.0,12.9,75.8,0.9248
STN-02,2021-03-20 21:00:00,2.5,118.0,176.0,12.8,70.9,0.8775
STN-02,2021-03-20 22:00:00,,80.0,147.0,13.8,73.5,0.9299
STN-02,2021-03-20 23:00:00,1.6,1.0,133.0,14.3,69.3,0.9292
STN-02,2021-03-21 00:00:00,2.1,64.0,146.0,14.1,74.4,0.956
STN-02,2021-03-21 01:00:00,2.5,19.0,143.0,13.6,76.3,0.9625
STN-02,2021-03-21 02:00:00,1.7,1.0,108.0,12.5,75.1,0.8881
STN-02,2021-03-21 03:00:00,1.1,1.0,81.0,13.5,70.6,0.8906
STN-02,2021-03-21 04:00:00,1.5,1.0,70.0,15.1,67.5,0.8765
STN-02,2021-03-21 05:00:00,2.9,1.0,104.0,15.1,69.5,0.9218
STN-02,2021-03-21 06:00:00,2.9,1.0,101.0,14.7,72.2,0.9532
STN-02,2021-03-21 07:00:00,3.2,66.0,119.0,14.5,66.9,0.9021
STN-02,2021-03-21 08:00:00,4.2,197.0,140.0,15.8,62.8,0.8918
STN-02,2021-03-21 09:00:00,4.6,239.0,145.0,18.1,59.4,0.9148
STN-02,2021-03-21 10:00:00,3.8,282.0,165.0,19.8,55.4,0.9323
STN-02,2021-03-21 11:00:00,3.5,208.0,164.0,23.3,48.2,0.9495
STN-02,2021-03-21 12:00:00,3.5,197.0,173.0,23.4,45.9,0.9005
STN-02,2021-03-21 13:00:00,3.4,176.0,172.0,23.6,47.4,0.895
STN-02,2021-03-21 14:00:00,3.7,682.0097143756792,174.0,26.1,45.4,0.9169
STN-02,2021-03-21 15:00:00,3.5,140.0,154.0,25.2,45.7,0.8916
STN-02,2021-03-21 16:00:00,3.1,161.0,136.0,26.8,48.7,1.0014
STN-02,2021-03-21 17:00:00,4.0,261.0,152.0,26.9,51.9,1.0012
STN-02,2021-03-21 18:00:00,4.6,301.0,159.0,24.7,59.8,1.054
STN-02,2021-03-21 19:00:00,4.3,226.0,,24.0,58.1,1.0242
STN-02,2021-03-21 20:00:00,3.0,107.0,118.0,22.6,62.3,1.0149
STN-02,2021-03-21 21:00:00,3.0,,146.0,21.0,66.7,1.0408
STN-02,2021-03-21 22:00:00,2.1,98.0,130.0,,66.5,1.0586
STN-02,2021-03-21 23:00:00,1.9,148.0,155.0,19.6,67.4,0.9978
STN-02,2021-03-22 00:00:00,1.7,168.0,153.0,17.9,70.1,0.9527
STN-02,2021-03-22 01:00:00,1.2,,151.0,17.5,68.9,0.9426
STN-02,2021-03-22 02:00:00,1.2,120.0,151.0,17.8,69.3,0.9324
STN-02,2021-03-22 03:00:00,0.3,1.0,116.0,17.0,72.8,0.948
STN-02,2021-03-22 04:00:00,0.5,36.0,117.0,16.3,79.6,
STN-02,2021-03-22 05:00:00,0.9,128.0,140.0,16.8,75.8,0.8908
STN-02,2021-03-22 06:00:00,2.6,316.0,180.0,15.9,81.9,0.9149
STN-02,2021-03-22 07:00:00,3.1,382.0,193.0,15.7,84.0,0.9361
STN-02,2021-03-22 08:00:00,3.5,475.0,205.0,16.4,80.5,0.9538
STN-02,2021-03-22 09:00:00,,566.0,247.0,19.0,71.8,0.9345
STN-02,2021-03-22 10:00:00,3.9,486.0,241.0,21.8,61.1,0.9179
STN-02,2021-03-22 11:00:00,2.6,362.0,223.0,23.0,55.7,0.861
STN-02,2021-03-22 12:00:00,2.9,337.0,226.0,24.2,53.2,0.8381
STN-02,2021-03-22 13:00:00,2.8,298.0,230.0,26.1,50.0,0.8369
STN-02,2021-03-22 14:00:00,12.244486702017255,352.0,233.0,26.8,50.7,0.8451
STN-02,2021-03-22 15:00:00,2.5,209.0,210.0,26.6,50.7,0.8466
STN-02,2021-03-22 16:00:00,2.2,127.0,182.0,26.7,45.2,0.768
STN-02,2021-03-22 17:00:00,2.7,174.0,207.0,25.1,48.6,0.762
STN-02,2021-03-22 18:00:00,2.9,176.0,220.0,23.3,49.0,0.7312
STN-02,2021-03-22 19:00:00,3.9,,218.0,22.5,55.1,0.7946
STN-02,2021-03-22 20:00:00,3.3,232.0,210.0,19.2,,0.7612
STN-02,2021-03-22 21:00:00,1.8,111.0,,16.9,59.3,0.6727
STN-02,2021-03-22 22:00:00,1.1,66.0,169.0,14.3,65.3,0.6203
STN-02,2021-03-22 23:00:00,0.9,1.0,137.0,14.7,70.1,0.6827
STN-02,2021-03-23 00:00:00,1.1,28.0,135.0,15.6,67.2,0.7595
STN-02,2021-03-23 01:00:00,1.8,39.0,116.0,14.7,74.3,0.8486
STN-02,2021-03-23 02:00:00,1.0,1.0,108.0,15.2,,0.8255
STN-02,2021-03-23 03:00:00,0.0,1.0,104.0,13.8,71.0,0.8079
STN-02,2021-03-23 04:00:00,0.4,1.0,97.0,13.0,72.2,0.8162
STN-02,2021-03-23 05:00:00,0.0,1.0,91.0,13.6,71.6,0.8304
STN-02,2021-03-23 06:00:00,1.0,33.0,117.0,13.1,73.8,0.8487
STN-02,2021-03-23 07:00:00,2.2,130.0,129.0,13.1,72.2,0.8425
STN-02,2021-03-23 08:00:00,2.3,186.0,163.0,14.9,61.5,0.7808
STN-02,2021-03-23 09:00:00,1.4,,,17.0,51.1,0.7504
STN-02,2021-03-23 10:00:00,0.6,48.0,162.0,19.2,42.4,0.6908
STN-02,2021-03-23 11:00:00,0.6,46.0,176.0,21.7,36.8,0.6653
STN-02,2021-03-23 12:00:00,1.1,56.0,193.0,,34.6,0.6171
STN-02,2021-03-23 13:00:00,,78.0,190.0,22.3,34.4,0.6129
STN-02,2021-03-23 14:00:00,1.9,160.0,205.0,23.3,34.3,0.6103
STN-02,2021-03-23 15:00:00,1.3,119.0,192.0,24.0,30.2,0.5478
STN-02,2021-03-23 16:00:00,1.3,73.0,171.0,23.6,30.2,0.5491
STN-02,2021-03-23 17:00:00,2.2,,195.0,22.1,30.9,0.5284
STN-02,2021-03-23 18:00:00,2.0,97.0,172.0,21.5,27.2,0.5232
STN-02,2021-03-23 19:00:00,2.1,89.0,170.0,19.7,35.3,0.5737
STN-02,2021-03-23 20:00:00,2.3,169.0,188.0,18.3,36.8,0.5358
STN-02,2021-03-23 21:00:00,1.3,115.0,178.0,17.3,43.0,0.5646
STN-02,2021-03-23 22:00:00,1.5,94.0,182.0,16.9,43.8,0.5554
STN-02,2021-03-23 23:00:00,1.6,93.0,186.0,14.2,48.1,0.5145
STN-02,2021-03-24 00:00:00,1.4,116.0,171.0,14.5,49.4,
STN-02,2021-03-24 01:00:00,1.2,71.0,135.0,16.0,45.2,0.575
STN-02,2021-03-24 02:00:00,0.6,38.0,108.0,14.9,52.2,0.6085
STN-02,2021-03-24 03:00:00,0.0,1.0,106.0,13.0,57.0,0.5537
STN-02,2021-03-24 04:00:00,0.3,22.0,96.0,12.5,54.6,0.4772
STN-02,2021-03-24 05:00:00,0.0,1.0,97.0,12.7,55.4,0.471
STN-02,2021-03-24 06:00:00,0.0,24.0,123.0,11.3,56.0,0.3922
STN-02,2021-03-24 07:00:00,1.0,173.0,160.0,11.0,55.5,0.413
STN-02,2021-03-24 08:00:00,2.5,,213.0,10.9,57.8,0.4114
STN-02,2021-03-24 09:00:00,2.3,376.0,222.0,11.9,46.1,0.3187
STN-02,2021-03-24 10:00:00,2.2,419.0,223.0,14.6,41.8,0.3448
STN-02,2021-03-24 11:00:00,0.9628770502525928,364.0,215.0,16.5,38.9,-0.6201483969999564
STN-02,2021-03-24 12:00:00,1.7149887158691972,338.0,210.0,17.9,41.7,0.4403
STN-02,2021-03-24 13:00:00,0.5801403416059833,262.0,193.0,18.5,38.0,0.3977
STN-02,2021-03-24 14:00:00,,189.0,184.0,18.3,30.0,0.2637
STN-02,2021-03-24 15:00:00,1.1,214.0,,18.2,32.9,0.2793
STN-02,2021-03-24 16:00:00,1.5,267.0,200.0,17.4,32.5,0.2406
STN-02,2021-03-24 17:00:00,1.2,175.0,186.0,16.9,30.4,0.2063
STN-02,2021-03-24 18:00:00,2.3,261.0,194.0,16.5,33.6,0.2363
STN-02,2021-03-24 19:00:00,2.8,259.0,193.0,15.1,34.5,0.1985
STN-02,2021-03-24 20:00:00,3.4,301.0,197.0,14.8,43.3,0.271
STN-02,2021-03-24 21:00:00,1.9,111.0,166.0,15.0,37.1,0.1856
STN-02,2021-03-24 22:00:00,0.4,13.0,140.0,14.3,41.9,0.2239
STN-02,2021-03-24 23:00:00,0.7,76.0,141.0,13.9,41.2,
STN-02,2021-03-25 00:00:00,0.0,1.0,121.0,13.4,45.1,0.1986
STN-02,2021-03-25 01:00:00,0.0,1.0,104.0,13.0,46.8,0.1902
STN-02,2021-03-25 02:00:00,0.2,1.0,105.0,13.6,45.0,0.1652
STN-02,2021-03-25 03:00:00,0.0,1.0,105.0,13.8,44.3,0.1633
STN-02,2021-03-25 04:00:00,0.1,13.0,94.0,13.1,43.0,0.0988
STN-02,2021-03-25 05:00:00,0.1,56.0,103.0,13.2,46.8,0.1349
STN-02,2021-03-25 06:00:00,0.0,72.0,105.0,14.3,50.5,0.2144
STN-02,2021-03-25 07:00:00,1.6,213.0,137.0,14.8,,0.2207
STN-02,2021-03-25 08:00:00,3.3,365.0,169.0,15.8,47.2,0.1547
STN-02,2021-03-25 09:00:00,3.2,371.0,182.0,16.9,38.3,0.1335
STN-02,2021-03-25 10:00:00,2.9,414.0,195.0,18.9,38.6,0.1734
STN-02,2021-03-25 11:00:00,3.4,410.0,206.0,21.3,36.0,0.2473
STN-02,2021-03-25 12:00:00,3.6,330.0,187.0,22.3,35.6,0.256
STN-02,2021-03-25 13:00:00,3.6,325.0,179.0,21.8,40.7,0.2895
STN-02,2021-03-25 14:00:00,3.3,362.0,182.0,21.4,39.3,0.2114
STN-02,2021-03-25 15:00:00,3.6,440.0,193.0,21.0,48.7,0.3081
STN-02,2021-03-25 16:00:00,2.9,310.0,176.0,21.0,47.3,0.3182
STN-02,2021-03-25 17:00:00,3.1,289.0,170.0,20.5,55.6,0.3852
STN-02,2021-03-25 18:00:00,3.9,348.0,177.0,20.8,61.9,0.5047
STN-02,2021-03-25 19:00:00,3.6,343.0,179.0,18.7,61.4,0.4672
STN-02,2021-03-25 20:00:00,2.8,321.0,183.0,17.6,61.3,0.4694
STN-02,2021-03-25 21:00:00,1.1,,145.0,14.8,63.2,0.4158
STN-02,2021-03-25 22:00:00,,41.0,134.0,12.6,65.3,0.3577
STN-02,2021-03-25 23:00:00,0.9,41.0,142.0,10.9,67.2,0.3035
STN-02,2021-03-26 00:00:00,,97.0,132.0,10.6,68.2,0.2772
STN-02,2021-03-26 01:00:00,1.7,107.0,130.0,12.4,68.5,0.3117
STN-02,2021-03-26 02:00:00,1.0,104.0,118.0,10.1,72.4,0.2786
STN-02,2021-03-26 03:00:00,0.9,79.0,128.0,8.9,68.8,0.1801
STN-02,2021-03-26 04:00:00,0.0,1.0,102.0,7.2,68.8,0.0937
STN-02,2021-03-26 05:00:00,0.0,1.0,94.0,7.3,69.9,0.1015
STN-02,2021-03-26 06:00:00,0.4,1.0,108.0,8.4,70.8,0.1488
STN-02,2021-03-26 07:00:00,1.1,22.0,118.0,8.2,72.6,0.2029
STN-02,2021-03-26 08:00:00,2.0,157.0,157.0,11.0,69.9,0.2817
STN-02,2021-03-26 09:00:00,2.7,264.0,168.0,11.7,67.4,0.2934
STN-02,2021-03-26 10:00:00,3.1,380.0,200.0,13.5,62.8,0.3076
STN-02,2021-03-26 11:00:00,2.8,286.0,196.0,14.7,61.1,0.3225
STN-02,2021-03-26 12:00:00,2.7,308.0,211.0,16.2,56.1,0.3071
STN-02,2021-03-26 13:00:00,2.7,287.0,193.0,17.4,48.3,0.228
STN-02,2021-03-26 14:00:00,1.8,283.0,198.0,17.6,46.3,0.213
STN-02,2021-03-26 15:00:00,0.7,180.0,178.0,16.9,42.2,0.1463
STN-02,2021-03-26 16:00:00,0.7,111.0,167.0,18.7,40.2,0.1995
STN-02,2021-03-26 17:00:00,1.0,120.0,168.0,17.2,44.5,0.2107
STN-02,2021-03-26 18:00:00,1.5,85.0,147.0,14.7,51.3,0.201
STN-02,2021-03-26 19:00:00,1.6,109.0,141.0,13.8,54.0,0.2613
STN-02,2021-03-26 20:00:00,0.5,1.0,109.0,13.3,55.2,0.2672
STN-02,2021-03-26 21:00:00,0.4,1.0,115.0,12.1,59.5,0.3456
STN-02,2021-03-26 22:00:00,0.0,1.0,100.0,10.6,57.3,0.2672
STN-02,2021-03-26 23:00:00,0.2,1.0,129.0,9.3,53.4,0.1416
STN-02,2021-03-27 00:00:00,0.7,1.0,137.0,8.5,56.2,0.1371
STN-02,2021-03-27 01:00:00,0.2,1.0,119.0,8.1,58.0,0.1545
STN-02,2021-03-27 02:00:00,0.9,1.0,109.0,6.9,58.7,0.1287
STN-02,2021-03-27 03:00:00,2.869359918632096,167.617992425966,198.95261966450823,7.4,53.3,0.0935
STN-02,2021-03-27 04:00:00,4.038719837264192,334.235984851932,245.90523932901647,9.0,51.1,0.1145
STN-02,2021-03-27 05:00:00,4.128506476808224,389.77531566058735,277.88944588385255,7.6,53.0,0.0584
STN-02,2021-03-27 06:00:00,4.128506476808224,389.77531566058735,283.88944588385255,7.1,50.0,0.05
STN-02,2021-03-27 07:00:00,4.128506476808224,389.77531566058735,297.88944588385255,5.8,49.2,0.05
STN-02,2021-03-27 08:00:00,4.7285064768082234,389.77531566058735,302.88944588385255,7.2,50.0,0.05
STN-02,2021-03-27 09:00:00,4.928506476808224,,297.88944588385255,9.3,50.1,0.0652
STN-02,2021-03-27 10:00:00,0.0,1.0,113.0,12.4,34.5,
STN-02,2021-03-27 11:00:00,1.2,25.0,132.0,14.9,35.3,0.05
STN-02,2021-03-27 12:00:00,1.3,37.0,129.0,15.4,37.0,0.0588
STN-02,2021-03-27 13:00:00,1.7,107.0,147.0,15.9,41.3,0.1049
STN-02,2021-03-27 14:00:00,1.6,148.0,144.0,14.7,46.1,0.0847
STN-02,2021-03-27 15:00:00,1.9,155.0,144.0,15.5,48.2,0.1163
STN-02,2021-03-27 16:00:00,1.9,97.0,128.0,15.3,51.0,0.1275
STN-02,2021-03-27 17:00:00,2.9,183.0,162.0,,52.0,0.1462
STN-02,2021-03-27 18:00:00,4.1,206.0,153.0,14.7,58.6,0.2776
STN-02,2021-03-27 19:00:00,4.4,159.0,142.0,13.8,59.0,0.2986
STN-02,2021-03-27 20:00:00,3.8,131.0,147.0,13.1,55.8,0.2574
STN-02,2021-03-27 21:00:00,4.0,183.0,172.0,11.8,54.1,0.2039
STN-02,2021-03-27 22:00:00,2.3,1.0,129.0,13.4,55.1,0.2554
STN-02,2021-03-27 23:00:00,2.6,90.0,138.0,12.8,61.7,0.3127
STN-02,2021-03-28 00:00:00,1.8,2.0,116.0,12.8,60.6,0.2886
STN-02,2021-03-28 01:00:00,1.3,1.0,93.0,12.7,59.6,0.2984
STN-02,2021-03-28 02:00:00,1.1,1.0,77.0,10.6,59.8,0.243
STN-02,2021-03-28 03:00:00,1.4,1.0,96.0,8.8,63.2,0.1942
STN-02,2021-03-28 04:00:00,1.1,1.0,64.0,8.7,63.4,0.2173
STN-02,2021-03-28 05:00:00,0.6,1.0,57.0,7.9,72.8,0.2679
STN-02,2021-03-28 06:00:00,1.4,1.0,82.0,8.2,75.0,0.3191
STN-02,2021-03-28 07:00:00,2.2,,100.0,7.9,74.7,0.2884
STN-02,2021-03-28 08:00:00,2.5,115.0,110.0,8.4,66.5,0.2448
STN-02,2021-03-28 09:00:00,2.8,134.0,116.0,10.4,66.1,0.35
STN-02,2021-03-28 10:00:00,1.5,34.0,110.0,11.9,61.6,0.3041
STN-02,2021-03-28 11:00:00,1.5,37.0,112.0,14.0,55.4,0.2604
STN-02,2021-03-28 12:00:00,1.0,1.0,105.0,16.0,54.6,0.271
STN-02,2021-03-28 13:00:00,0.9,1.0,100.0,14.1,58.8,0.2151
STN-02,2021-03-28 14:00:00,0.2,1.0,86.0,13.6,56.8,0.163
STN-02,2021-03-28 15:00:00,0.2,1.0,120.0,14.1,57.5,0.2037
STN-02,2021-03-28 16:00:00,0.2,1.0,119.0,14.2,57.8,0.235
STN-02,2021-03-28 17:00:00,0.6,1.0,124.0,14.0,57.2,0.2493
STN-02,2021-03-28 18:00:00,1.3,43.0,141.0,12.2,63.5,0.2969
STN-02,2021-03-28 19:00:00,2.4,244.0,161.0,10.3,67.7,0.2764
STN-02,2021-03-28 20:00:00,2.4,252.0,167.0,8.6,64.9,0.1962
STN-02,2021-03-28 21:00:00,1.1,28.0,109.0,7.5,71.6,0.2335
STN-02,2021-03-28 22:00:00,1.5,75.0,118.0,7.0,68.1,0.2152
STN-02,2021-03-28 23:00:00,1.8,129.0,136.0,5.2,,0.1915
STN-02,2021-03-29 00:00:00,1.5,210.0,146.0,4.0,70.2,0.1391
STN-02,2021-03-29 01:00:00,1.4,249.0,156.0,2.1,75.9,0.1423
STN-02,2021-03-29 02:00:00,0.9,139.0,127.0,2.7,76.8,0.2011
STN-02,2021-03-29 03:00:00,0.4,142.0,143.0,2.2,71.0,0.0833
STN-02,2021-03-29 04:00:00,0.0,27.0,97.0,0.7,70.3,0.05
STN-02,2021-03-29 05:00:00,0.2,100.0,114.0,1.2,71.4,0.05
STN-02,2021-03-29 06:00:00,0.7,188.0,128.0,1.4,72.3,0.05
STN-02,2021-03-29 07:00:00,0.8,217.0,136.0,2.4,68.6,0.05
STN-02,2021-03-29 08:00:00,,312.0,165.0,2.4,65.1,0.05
STN-02,2021-03-29 09:00:00,1.5,369.0,180.0,3.2,59.3,0.05
STN-02,2021-03-29 10:00:00,6.9339970428909385,302.0,166.0,7.2,53.4,0.0676
STN-02,2021-03-29 11:00:00,1.4,357.0,177.0,9.5,47.6,0.05
STN-02,2021-03-29 12:00:00,1.4,375.0,,10.3,46.2,
STN-02,2021-03-29 13:00:00,0.6,205.0,143.0,9.4,49.4,0.05
STN-02,2021-03-29 14:00:00,0.6,110.0,111.0,10.4,51.8,0.05
STN-02,2021-03-29 15:00:00,0.5,55.0,133.0,10.4,52.8,0.05
STN-02,2021-03-29 16:00:00,1.1,146.0,169.0,11.6,49.8,0.0517
STN-02,2021-03-29 17:00:00,1.4,166.0,167.0,11.6,49.0,0.0714
STN-02,2021-03-29 18:00:00,2.4,189.0,170.0,10.5,54.6,0.1152
STN-02,2021-03-29 19:00:00,2.1,96.0,154.0,9.1,61.4,0.1574
STN-02,2021-03-29 20:00:00,2.3,191.0,163.0,7.3,66.8,0.1906
STN-02,2021-03-29 21:00:00,1.3,68.0,136.0,6.7,73.3,0.261
STN-02,2021-03-29 22:00:00,1.3,93.0,134.0,5.7,79.2,0.3029
STN-02,2021-03-29 23:00:00,1.4,80.0,125.0,6.3,79.2,0.2948
STN-02,2021-03-30 00:00:00,1.0,1.0,112.0,6.6,79.8,0.2966
STN-02,2021-03-30 01:00:00,0.1,1.0,109.0,5.6,85.3,0.3004
STN-02,2021-03-30 02:00:00,0.4,1.0,99.0,6.0,82.0,0.2765
STN-02,2021-03-30 03:00:00,0.4,1.0,99.0,5.4,89.8,0.3377
STN-02,2021-03-30 04:00:00,1.3,1.0,93.0,6.1,93.8,0.3773
STN-02,2021-03-30 05:00:00,1.0,52.0,113.0,6.5,88.0,0.2863
STN-02,2021-03-30 06:00:00,1.2,20.0,110.0,6.6,85.7,0.3011
STN-02,2021-03-30 07:00:00,2.1,56.0,139.0,6.9,81.3,0.2691
STN-02,2021-03-30 08:00:00,2.2,82.0,144.0,8.9,71.6,0.257
STN-02,2021-03-30 09:00:00,2.8,123.0,138.0,,66.3,0.2175
STN-02,2021-03-30 10:00:00,2.8,168.0,161.0,13.7,59.2,0.2554
STN-02,2021-03-30 11:00:00,1.8,28.0,135.0,15.9,54.0,0.2296
STN-02,2021-03-30 12:00:00,2.3,1.0,128.0,17.7,53.5,0.305
STN-02,2021-03-30 13:00:00,3.4,68.0,155.0,19.3,46.2,0.2547
STN-02,2021-03-30 14:00:00,2.9,50.0,139.0,19.9,41.7,0.1844
STN-02,2021-03-30 15:00:00,3.7,142.0,155.0,20.6,43.4,0.2376
STN-02,2021-03-30 16:00:00,3.8,292.0,180.0,20.4,47.5,0.2914
STN-02,2021-03-30 17:00:00,3.7,375.0,207.0,16.6,54.4,0.2665
STN-02,2021-03-30 18:00:00,4.7,408.0,199.0,14.3,60.9,0.2807
STN-02,2021-03-30 19:00:00,4.6,377.0,225.0,13.6,65.1,0.3569
STN-02,2021-03-30 20:00:00,3.3,274.0,214.0,14.1,67.2,0.4438
STN-02,2021-03-30 21:00:00,2.7,276.0,187.0,13.0,74.5,0.5099
STN-02,2021-03-30 22:00:00,2.1,239.0,184.0,11.6,77.5,0.5024
STN-02,2021-03-30 23:00:00,1.3,116.0,167.0,10.2,,0.5274
STN-02,2021-03-31 00:00:00,,93.0,148.0,9.2,77.7,0.4615
STN-02,2021-03-31 01:00:00,0.3,66.0,133.0,8.1,70.8,0.3572
STN-02,2021-03-31 02:00:00,0.1,16.0,105.0,9.3,73.0,0.4061
STN-02,2021-03-31 03:00:00,0.2,18.0,96.0,11.3,77.6,0.5268
STN-02,2021-03-31 04:00:00,0.1,5.0,60.0,10.7,81.6,0.5584
STN-02,2021-03-31 05:00:00,1.5,180.0,118.0,10.3,79.3,0.4839
STN-02,2021-03-31 06:00:00,0.9,167.0,132.0,8.4,75.4,0.3935
STN-02,2021-03-31 07:00:00,2.5,289.0,170.0,8.9,76.1,0.413
STN-02,2021-03-31 08:00:00,3.1,380.0,182.0,9.8,69.8,0.3671
STN-02,2021-03-31 09:00:00,2.7,304.0,148.0,10.6,69.7,0.3897
STN-02,2021-03-31 10:00:00,1.5,144.0,143.0,12.0,64.8,0.387
STN-02,2021-03-31 11:00:00,1.4,191.0,131.0,14.7,54.4,0.318
STN-02,2021-03-31 12:00:00,1.6,141.0,133.0,16.8,53.4,0.3569
STN-02,2021-03-31 13:00:00,1.4,96.0,141.0,17.0,49.6,0.2653
STN-02,2021-03-31 14:00:00,2.2,254.0,181.0,16.7,49.1,0.2584
STN-02,2021-03-31 15:00:00,2.5,244.0,155.0,17.8,49.4,0.3007
STN-02,2021-03-31 16:00:00,2.7,266.0,168.0,16.6,51.8,0.2801
STN-02,2021-03-31 17:00:00,3.2,255.0,180.0,13.6,51.2,0.2009
STN-02,2021-03-31 18:00:00,3.9,371.0,203.0,12.3,54.2,0.237
STN-02,2021-03-31 19:00:00,4.3,427.0,206.0,11.0,57.9,0.2718
STN-02,2021-03-31 20:00:00,4.2,463.0,216.0,9.2,60.4,0.2615
STN-02,2021-03-31 21:00:00,3.2,420.0,187.0,8.7,65.5,0.3416
STN-02,2021-03-31 22:00:00,1.8087837720401811,295.0,156.0,8.3,67.0,0.38
STN-02,2021-03-31 23:00:00,3.6989143588392306,243.0,150.0,8.7,71.9,0.4447
STN-02,2021-04-01 00:00:00,-1.0116026369397968,98.0,102.0,11.3,69.3,0.5187
STN-02,2021-04-01 01:00:00,1.6,56.0,84.0,10.1,76.6,0.5469
STN-02,2021-04-01 02:00:00,2.2,106.0,102.0,9.9,78.1,0.5697
STN-02,2021-04-01 03:00:00,1.1,5.0,78.0,11.2,78.0,0.6132
STN-02,2021-04-01 04:00:00,1.0,1.0,45.0,10.5,77.3,0.5801
STN-02,2021-04-01 05:00:00,1.4,10.0,51.0,12.7,79.8,0.694
STN-02,2021-04-01 06:00:00,1.2,66.0,,12.4,87.0,0.7979
STN-02,2021-04-01 07:00:00,1.0,65.0,70.0,11.3,84.0,0.7112
STN-02,2021-04-01 08:00:00,1.4,165.0,94.0,12.4,81.2,0.7359
STN-02,2021-04-01 09:00:00,2.1,184.0,102.0,14.0,75.9,0.7409
STN-02,2021-04-01 10:00:00,2.2,186.0,102.0,15.8,69.6,0.7482
STN-02,2021-04-01 11:00:00,1.6,162.0,114.0,17.5,59.9,0.6787
STN-02,2021-04-01 12:00:00,0.9,50.0,96.0,17.9,59.1,0.6785
STN-02,2021-04-01 13:00:00,2.1,184.0,137.0,18.1,55.8,0.6243
STN-02,2021-04-01 14:00:00,1.7,149.0,121.0,18.7,52.3,0.5796
STN-02,2021-04-01 15:00:00,0.7,22.0,89.0,19.4,55.1,0.6149
STN-02,2021-04-01 16:00:00,0.3,1.0,81.0,18.9,47.3,0.479
STN-02,2021-04-01 17:00:00,2.0,46.0,107.0,20.0,50.8,0.5646
STN-02,2021-04-01 18:00:00,2.5,17.0,101.0,18.7,55.7,0.6232
STN-02,2021-04-01 19:00:00,2.1,1.0,93.0,16.4,62.5,0.6237
STN-02,2021-04-01 20:00:00,1.5,1.0,91.0,16.2,62.3,0.6434
STN-02,2021-04-01 21:00:00,1.5,1.0,80.0,13.0,65.9,0.5474
STN-02,2021-04-01 22:00:00,0.3,1.0,77.0,11.2,66.0,0.463
STN-02,2021-04-01 23:00:00,0.6,1.0,76.0,10.6,70.6,0.4646
STN-02,2021-04-02 00:00:00,0.3,1.0,82.0,11.2,66.0,0.4167
STN-02,2021-04-02 01:00:00,0.4,1.0,,11.6,65.8,0.4326
STN-02,2021-04-02 02:00:00,0.9,1.0,79.0,12.3,71.1,0.5335
STN-02,2021-04-02 03:00:00,0.4,1.0,62.0,13.2,74.3,0.6169
STN-02,2021-04-02 04:00:00,0.0,1.0,10.0,14.4,70.5,0.5606
STN-02,2021-04-02 05:00:00,0.0,1.0,8.0,12.7,70.3,0.4921
STN-02,2021-04-02 06:00:00,,1.0,14.0,13.3,68.4,0.4965
STN-02,2021-04-02 07:00:00,0.8,1.0,39.0,13.5,69.0,0.5157
STN-02,2021-04-02 08:00:00,1.5,1.0,63.0,13.8,65.9,0.5073
STN-02,2021-04-02 09:00:00,2.0,46.0,80.0,16.7,58.9,0.5548
STN-02,2021-04-02 10:00:00,1.6,71.0,99.0,19.5,51.7,0.5365
STN-02,2021-04-02 11:00:00,1.3,108.0,94.0,20.9,54.9,0.5473
STN-02,2021-04-02 12:00:00,1.5,86.0,82.0,21.0,51.3,0.4807
STN-02,2021-04-02 13:00:00,1.6,122.0,111.0,22.4,43.8,0.436
STN-02,2021-04-02 14:00:00,1.3,25.0,105.0,23.1,41.6,0.4179
STN-02,2021-04-02 15:00:00,-4.0161076450031485,1.0,81.0,22.9,41.4,0.421
STN-02,2021-04-02 16:00:00,0.9,19.0,90.0,23.2,43.6,0.4744
STN-02,2021-04-02 17:00:00,1.5,106.0,119.0,22.3,53.7,0.5555
STN-02,2021-04-02 18:00:00,2.2,81.0,112.0,20.6,65.9,0.6939
STN-02,2021-04-02 19:00:00,3.6,192.0,135.0,18.5,75.3,0.7247
STN-02,2021-04-02 20:00:00,,74.0,103.0,17.9,74.8,0.6573
STN-02,2021-04-02 21:00:00,2.5,145.0,109.0,19.4,73.5,0.718
STN-02,2021-04-02 22:00:00,2.5,154.0,110.0,19.5,74.0,
STN-02,2021-04-02 23:00:00,2.7,230.0,126.0,18.3,80.2,0.8114
STN-02,2021-04-03 00:00:00,2.4,285.0,135.0,15.8,84.7,0.7771
STN-02,2021-04-03 01:00:00,2.6,289.0,117.0,13.1,90.3,0.7286
STN-02,2021-04-03 02:00:00,2.2,219.0,90.0,12.7,96.6,0.7972
STN-02,2021-04-03 03:00:00,2.1,194.0,105.0,11.1,93.7,0.7344
STN-02,2021-04-03 04:00:00,2.2,151.0,77.0,11.6,96.0,0.7466
STN-02,2021-04-03 05:00:00,1.7,56.0,71.0,12.3,93.9,0.7716
STN-02,2021-04-03 06:00:00,1.5,77.0,81.0,13.6,92.6,0.8328
STN-02,2021-04-03 07:00:00,1.1,40.0,69.0,14.0,90.5,0.8679
STN-02,2021-04-03 08:00:00,2.3,207.0,95.0,15.0,86.1,0.8606
STN-02,2021-04-03 09:00:00,2.3,,116.0,17.6,73.5,0.8182
STN-02,2021-04-03 10:00:00,1.3,52.0,97.0,20.0,64.8,0.7797
STN-02,2021-04-03 11:00:00,0.5,1.0,90.0,22.3,58.7,0.7733
STN-02,2021-04-03 12:00:00,1.6,35.0,97.0,25.0,54.9,0.8365
STN-02,2021-04-03 13:00:00,1.6,1.0,88.0,25.0,52.7,0.8155
STN-02,2021-04-03 14:00:00,1.4,62.0,111.0,24.1,49.6,0.6986
STN-02,2021-04-03 15:00:00,0.6,7.0,105.0,23.2,46.9,0.6366
STN-02,2021-04-03 16:00:00,1.0,1.0,91.0,23.5,43.1,0.5876
STN-02,2021-04-03 17:00:00,1.7,56.0,113.0,23.7,43.3,0.585
STN-02,2021-04-03 18:00:00,2.7,70.0,112.0,22.8,41.8,0.5629
STN-02,2021-04-03 19:00:00,3.4,171.0,144.0,21.8,45.5,0.6162
STN-02,2021-04-03 20:00:00,3.2,113.0,116.0,20.4,50.8,0.6444
STN-02,2021-04-03 21:00:00,2.9,117.0,112.0,19.7,56.2,0.6689
STN-02,2021-04-03 22:00:00,2.7,91.0,106.0,18.0,58.9,0.6203
STN-02,2021-04-03 23:00:00,,163.0,96.0,17.6,70.0,0.7483
STN-02,2021-04-04 00:00:00,3.6,184.0,105.0,16.1,74.3,0.7527
STN-02,2021-04-04 01:00:00,2.2,184.0,87.0,16.5,79.3,0.8148
STN-02,2021-04-04 02:00:00,1.5,184.0,73.0,16.7,81.3,0.8551
STN-02,2021-04-04 03:00:00,0.5,184.0,69.0,16.9,77.1,0.7947
STN-02,2021-04-04 04:00:00,1.1,184.0,53.0,15.5,80.0,0.7871
STN-02,2021-04-04 05:00:00,,184.0,54.0,16.1,81.3,0.8317
STN-02,2021-04-04 06:00:00,,184.0,74.0,15.4,82.9,0.8011
STN-02,2021-04-04 07:00:00,2.0,184.0,72.0,15.7,80.1,0.7587
STN-02,2021-04-04 08:00:00,2.2,184.0,79.0,15.0,78.2,0.7503
STN-02,2021-04-04 09:00:00,1.7,117.0,65.0,15.3,69.9,0.683
STN-02,2021-04-04 10:00:00,1.3,48.0,76.0,17.1,61.3,0.6792
STN-02,2021-04-04 11:00:00,,1.0,60.0,18.2,57.2,0.6656
STN-02,2021-04-04 12:00:00,0.4,1.0,57.0,18.4,51.9,0.5928
STN-02,2021-04-04 13:00:00,0.8,1.0,58.0,18.8,54.8,0.5892
STN-02,2021-04-04 14:00:00,0.1,1.0,44.0,18.3,54.4,0.5791
STN-02,2021-04-04 15:00:00,0.2,1.0,40.0,18.3,55.4,0.611
STN-02,2021-04-04 16:00:00,1.2,1.0,33.0,17.6,57.7,0.6202
STN-02,2021-04-04 17:00:00,3.1,21.0,69.0,16.6,60.4,0.6363
STN-02,2021-04-04 18:00:00,3.3,62.0,78.0,15.5,59.4,0.6668
STN-02,2021-04-04 19:00:00,3.4,165.0,106.0,14.0,60.2,0.604
STN-02,2021-04-04 20:00:00,2.8,193.0,105.0,12.2,66.9,0.6598
STN-02,2021-04-04 21:00:00,2.1,207.0,94.0,11.6,68.7,0.6275
STN-02,2021-04-04 22:00:00,1.3,63.0,60.0,11.3,71.9,0.6919
STN-02,2021-04-04 23:00:00,1.2,34.0,48.0,10.2,75.3,0.6821
STN-02,2021-04-05 00:00:00,2.1,74.0,52.0,9.9,76.2,0.6928
STN-02,2021-04-05 01:00:00,1.7,26.0,42.0,10.4,73.2,0.669
STN-02,2021-04-05 02:00:00,0.2,1.0,8.0,9.0,74.2,0.5992
STN-02,2021-04-05 03:00:00,0.2,1.0,32.0,9.9,70.1,0.5528
STN-02,2021-04-05 04:00:00,0.0,1.0,29.0,11.0,68.4,0.527
STN-02,2021-04-05 05:00:00,0.0,1.0,23.0,11.3,66.6,0.5286
STN-02,2021-04-05 06:00:00,0.3,1.0,28.0,11.6,68.9,0.5591
STN-02,2021-04-05 07:00:00,0.4,1.0,37.0,11.3,69.5,0.516
STN-02,2021-04-05 08:00:00,1.5,1.0,75.0,14.6,64.5,0.5985
STN-02,2021-04-05 09:00:00,1.7,1.0,82.0,16.2,56.1,0.5599
STN-02,2021-04-05 10:00:00,0.0,1.0,63.0,17.3,41.4,0.4089
STN-02,2021-04-05 11:00:00,0.2,1.0,60.0,18.6,37.1,0.383
STN-02,2021-04-05 12:00:00,0.9,1.0,81.0,19.5,39.2,0.4094
STN-02,2021-04-05 13:00:00,0.2,1.0,45.0,19.9,41.6,0.4283
STN-02,2021-04-05 14:00:00,0.0,1.0,24.0,20.6,48.3,0.545
STN-02,2021-04-05 15:00:00,0.3,1.0,28.0,21.0,50.6,0.5893
STN-02,2021-04-05 16:00:00,0.0,1.0,38.0,20.5,49.3,0.5911
STN-02,2021-04-05 17:00:00,1.5,1.0,61.0,19.9,54.1,0.642
STN-02,2021-04-05 18:00:00,1.9,1.0,77.0,18.9,55.9,0.6719
STN-02,2021-04-05 19:00:00,2.5,14.0,95.0,18.5,56.3,0.7013
STN-02,2021-04-05 20:00:00,1.7,1.0,73.0,17.3,59.4,0.7032
STN-02,2021-04-05 21:00:00,1.7,1.0,86.0,17.7,60.6,0.7263
STN-02,2021-04-05 22:00:00,1.2,1.0,73.0,17.2,61.0,0.734
STN-02,2021-04-05 23:00:00,1.6,1.0,81.0,16.7,62.6,0.7049
STN-02,2021-04-06 00:00:00,1.8,1.0,82.0,16.8,64.8,0.6715
STN-02,2021-04-06 01:00:00,2.4,1.0,71.0,17.2,,0.6639
STN-02,2021-04-06 02:00:00,1.3,1.0,34.0,16.4,72.2,0.6976
STN-02,2021-04-06 03:00:00,0.9,1.0,31.0,16.2,68.5,0.6478
STN-02,2021-04-06 04:00:00,0.8,1.0,31.0,16.6,63.8,0.6241
STN-02,2021-04-06 05:00:00,1.3,1.0,29.0,16.6,63.8,0.5849
STN-02,2021-04-06 06:00:00,1.8,1.0,37.0,17.0,67.4,0.6188
STN-02,2021-04-06 07:00:00,2.5,22.0,67.0,17.4,68.0,0.6385
STN-02,2021-04-06 08:00:00,2.9,3.0,70.0,20.5,64.1,0.6983
STN-02,2021-04-06 09:00:00,1.7,1.0,56.0,,59.3,0.7462
STN-02,2021-04-06 10:00:00,0.9,1.0,42.0,24.0,54.4,0.75
STN-02,2021-04-06 11:00:00,1.3,1.0,46.0,24.8,53.5,0.7334
STN-02,2021-04-06 12:00:00,2.1,8.0,64.0,27.8,48.5,0.7478
STN-02,2021-04-06 13:00:00,1.7,6.0,72.0,27.9,44.4,0.6803
STN-02,2021-04-06 14:00:00,1.4,28.0,73.0,27.9,39.3,0.5854
STN-02,2021-04-06 15:00:00,1.4,1.0,,28.1,37.6,0.5815
STN-02,2021-04-06 16:00:00,1.4,49.0,92.0,26.5,39.4,0.5207
STN-02,2021-04-06 17:00:00,2.2,96.0,110.0,,41.1,0.519
STN-02,2021-04-06 18:00:00,2.7,148.0,110.0,23.6,44.6,0.5399
STN-02,2021-04-06 19:00:00,3.0,199.0,128.0,22.0,49.6,
STN-02,2021-04-06 20:00:00,2.5,99.0,115.0,20.5,53.7,0.5845
STN-02,2021-04-06 21:00:00,1.5,20.0,114.0,20.0,55.7,0.6105
STN-02,2021-04-06 22:00:00,1.2,27.0,91.0,19.2,58.5,0.6132
STN-02,2021-04-06 23:00:00,0.8,1.0,71.0,19.4,64.3,0.6651
STN-02,2021-04-07 00:00:00,0.3,1.0,62.0,19.4,66.4,0.7101
STN-02,2021-04-07 01:00:00,0.6,1.0,54.0,21.1,62.2,0.7114
STN-02,2021-04-07 02:00:00,0.5,1.0,38.0,20.3,68.5,0.788
STN-02,2021-04-07 03:00:00,0.8,1.0,60.0,21.4,67.4,0.8279
STN-02,2021-04-07 04:00:00,0.4,1.0,42.0,22.3,65.9,0.8363
STN-02,2021-04-07 05:00:00,0.0,1.0,51.0,23.9,63.4,0.8647
STN-02,2021-04-07 06:00:00,1.2,1.0,71.0,25.2,65.2,0.9283
STN-02,2021-04-07 07:00:00,1.5,1.0,112.0,23.1,66.7,0.8797
STN-02,2021-04-07 08:00:00,2.5,124.0,159.0,24.0,64.3,0.8841
STN-02,2021-04-07 09:00:00,3.1,82.0,161.0,26.8,58.2,0.9118
STN-02,2021-04-07 10:00:00,2.8,35.0,170.0,27.1,56.5,0.8702
STN-02,2021-04-07 11:00:00,2.1,1.0,140.0,31.0,47.6,0.9083
STN-02,2021-04-07 12:00:00,2.2,1.0,134.0,32.8,43.9,0.901
STN-02,2021-04-07 13:00:00,1.9,1.0,136.0,34.0,36.2,0.8298
STN-02,2021-04-07 14:00:00,1.9,1.0,150.0,33.7,36.2,0.8063
STN-02,2021-04-07 15:00:00,2.4,1.0,142.0,34.0,35.5,0.7952
STN-02,2021-04-07 16:00:00,3.1,1.0,147.0,34.1,34.2,0.7507
STN-02,2021-04-07 17:00:00,3.8,85.0,151.0,32.4,42.1,
STN-02,2021-04-07 18:00:00,4.9,192.0,185.0,31.4,48.5,0.8221
STN-02,2021-04-07 19:00:00,5.3,219.0,201.0,28.8,51.8,0.8051
STN-02,2021-04-07 20:00:00,4.7,143.0,179.0,27.1,58.4,0.8487
STN-02,2021-04-07 21:00:00,3.2,57.0,143.0,26.3,60.2,0.8525
STN-02,2021-04-07 22:00:00,2.8,101.0,146.0,25.5,63.6,0.8749
STN-02,2021-04-07 23:00:00,3.3,122.0,154.0,24.3,72.1,0.9543
STN-02,2021-04-08 00:00:00,3.6,83.0,140.0,23.5,82.5,1.0416
STN-02,2021-04-08 01:00:00,3.3,29.0,127.0,23.2,79.9,-1.0895758784634182
STN-02,2021-04-08 02:00:00,1.9,1.0,84.0,22.6,81.4,1.0478
STN-02,2021-04-08 03:00:00,1.7,1.0,91.0,22.1,80.0,1.037
STN-02,2021-04-08 04:00:00,0.5,1.0,48.0,20.2,78.9,0.9441
STN-02,2021-04-08 05:00:00,0.5,,48.0,20.9,80.5,0.9874
STN-02,2021-04-08 06:00:00,0.9,1.0,84.0,19.9,85.7,1.0108
STN-02,2021-04-08 07:00:00,1.6,1.0,118.0,19.6,85.5,1.0466
STN-02,2021-04-08 08:00:00,2.5,124.0,150.0,19.0,,1.0543
STN-02,2021-04-08 09:00:00,2.2,28.0,,20.7,81.5,1.0592
STN-02,2021-04-08 10:00:00,2.4,162.0,147.0,23.9,75.6,1.0897
STN-02,2021-04-08 11:00:00,1.8,71.0,121.0,25.2,71.8,1.0746
STN-02,2021-04-08 12:00:00,2.1,6.0,110.0,26.0,69.6,1.0695
STN-02,2021-04-08 13:00:00,2.5,24.0,,25.7,74.7,1.0939
STN-02,2021-04-08 14:00:00,2.9,68.0,93.0,25.7,79.1,1.135
STN-02,2021-04-08 15:00:00,2.2,1.0,89.0,25.5,83.3,1.1557
STN-02,2021-04-08 16:00:00,2.3,1.0,100.0,27.4,88.0,1.2634
STN-02,2021-04-08 17:00:00,1.9,1.0,85.0,25.3,87.9,1.2584
STN-02,2021-04-08 18:00:00,3.3,45.0,123.0,23.7,90.9,1.3162
STN-02,2021-04-08 19:00:00,3.0,48.0,112.0,23.1,91.3,1.3789
STN-02,2021-04-08 20:00:00,1.8,24.0,89.0,21.6,94.7,1.3657
STN-02,2021-04-08 21:00:00,1.6,35.0,97.0,20.0,90.3,1.3077
STN-02,2021-04-08 22:00:00,0.0,1.0,54.0,18.4,90.2,1.2748
STN-02,2021-04-08 23:00:00,0.0,1.0,28.0,17.7,91.9,1.285
STN-02,2021-04-09 00:00:00,0.0,1.0,31.0,16.4,88.3,1.202
STN-02,2021-04-09 01:00:00,0.0,1.0,8.0,16.1,91.6,1.2294
STN-02,2021-04-09 02:00:00,0.0,1.0,5.0,15.4,87.8,1.1151
STN-02,2021-04-09 03:00:00,0.0,1.0,30.0,12.8,91.2,1.0355
STN-02,2021-04-09 04:00:00,0.7,1.0,44.0,13.3,91.6,1.0609
STN-02,2021-04-09 05:00:00,1.2,1.0,47.0,12.5,96.3,1.1144
STN-02,2021-04-09 06:00:00,1.1,1.0,48.0,11.9,98.3,1.1268
STN-02,2021-04-09 07:00:00,2.3,,84.0,14.2,93.9,1.158
STN-02,2021-04-09 08:00:00,3.4,98.0,102.0,15.1,93.2,1.1826
STN-02,2021-04-09 09:00:00,3.6,124.0,120.0,16.1,84.6,1.1537
STN-02,2021-04-09 10:00:00,3.1,219.0,155.0,16.8,79.1,1.0586
STN-02,2021-04-09 11:00:00,1.6,101.0,166.0,19.6,68.6,
STN-02,2021-04-09 12:00:00,0.0,1.0,128.0,21.2,54.9,0.8975
STN-02,2021-04-09 13:00:00,0.0,1.0,124.0,21.7,53.2,0.9144
STN-02,2021-04-09 14:00:00,0.9,1.0,140.0,23.0,50.2,0.9514
STN-02,2021-04-09 15:00:00,1.8,95.0,176.0,23.4,40.1,0.8003
STN-02,2021-04-09 16:00:00,2.8,113.0,185.0,24.6,38.0,0.8119
STN-02,2021-04-09 17:00:00,3.2,203.0,200.0,22.4,39.3,0.7488
STN-02,2021-04-09 18:00:00,3.4,274.0,210.0,19.6,44.3,0.738
STN-02,2021-04-09 19:00:00,3.8,321.0,222.0,18.8,46.5,0.7564
STN-02,2021-04-09 20:00:00,3.9,276.0,186.0,17.3,51.2,0.7801
STN-02,2021-04-09 21:00:00,3.2,179.0,175.0,16.9,49.4,0.7489
STN-02,2021-04-09 22:00:00,2.8,162.0,168.0,16.8,49.2,0.7517
STN-02,2021-04-09 23:00:00,4.0,292.0,183.0,17.0,53.8,0.7909
STN-02,2021-04-10 00:00:00,3.4,200.0,153.0,16.5,56.8,0.8532
STN-02,2021-04-10 01:00:00,2.3,70.0,122.0,16.0,62.2,0.8547
STN-02,2021-04-10 02:00:00,1.6,43.0,100.0,15.4,60.1,0.8238
STN-02,2021-04-10 03:00:00,1.4,1.0,93.0,15.7,62.9,0.8549
STN-02,2021-04-10 04:00:00,0.6,1.0,62.0,15.5,60.3,0.8591
STN-02,2021-04-10 05:00:00,0.2,1.0,57.0,15.8,60.3,0.8487
STN-02,2021-04-10 06:00:00,0.1,1.0,53.0,15.3,62.3,
STN-02,2021-04-10 07:00:00,1.9,19.0,105.0,14.7,62.9,0.83
STN-02,2021-04-10 08:00:00,1.8,17.0,106.0,15.2,60.7,0.8333
STN-02,2021-04-10 09:00:00,1.3,1.0,107.0,17.1,53.1,0.8528
STN-02,2021-04-10 10:00:00,1.6,31.0,122.0,17.9,53.7,0.844
STN-02,2021-04-10 11:00:00,1.6,39.0,120.0,20.8,49.6,0.882
STN-02,2021-04-10 12:00:00,1.7,88.0,122.0,22.0,43.2,0.8192
STN-02,2021-04-10 13:00:00,1.6,28.0,104.0,21.7,43.6,0.8008
STN-02,2021-04-10 14:00:00,2.5,130.0,,21.7,42.5,0.7507
STN-02,2021-04-10 15:00:00,2.6,176.0,119.0,24.5,44.0,0.8417
STN-02,2021-04-10 16:00:00,2.0,121.0,,24.3,48.5,0.9129
STN-02,2021-04-10 17:00:00,2.1,16.0,73.0,24.2,54.9,1.0385
STN-02,2021-04-10 18:00:00,3.2,101.0,112.0,22.7,57.2,1.0172
STN-02,2021-04-10 19:00:00,3.9,147.0,120.0,21.1,65.0,1.0342
STN-02,2021-04-10 20:00:00,4.0,138.0,116.0,19.6,71.3,1.0504
STN-02,2021-04-10 21:00:00,3.2,136.0,120.0,17.9,74.3,1.0005
STN-02,2021-04-10 22:00:00,,61.0,88.0,16.7,75.7,0.925
STN-02,2021-04-10 23:00:00,2.1,10.0,57.0,15.6,79.1,0.9404
STN-02,2021-04-11 00:00:00,1.9,1.0,38.0,15.4,79.1,0.8963
STN-02,2021-04-11 01:00:00,1.7,1.0,67.0,15.2,78.8,0.8831
STN-02,2021-04-11 02:00:00,1.2,1.0,35.0,15.4,77.1,0.8667
STN-02,2021-04-11 03:00:00,1.4,1.0,32.0,16.4,73.3,0.8617
STN-02,2021-04-11 04:00:00,0.9,,4.0,15.8,76.2,0.8706
STN-02,2021-04-11 05:00:00,0.3,1.0,6.0,15.2,75.2,0.8284
STN-02,2021-04-11 06:00:00,1.0,,14.0,14.5,75.7,0.8095
STN-02,2021-04-11 07:00:00,1.0,1.0,27.0,,71.9,0.7818
STN-02,2021-04-11 08:00:00,1.9,61.0,63.0,15.0,67.5,0.7551
STN-02,2021-04-11 09:00:00,2.0,73.0,62.0,15.9,66.9,0.7996
STN-02,2021-04-11 10:00:00,1.5,45.0,62.0,18.9,64.2,0.8738
STN-02,2021-04-11 11:00:00,2.4,91.0,70.0,20.1,61.8,0.8653
STN-02,2021-04-11 12:00:00,2.3,27.0,74.0,21.2,58.7,
STN-02,2021-04-11 13:00:00,2.6,91.0,90.0,21.9,54.2,0.7911
STN-02,2021-04-11 14:00:00,2.6,58.0,,21.3,57.1,0.8078
STN-02,2021-04-11 15:00:00,2.5,1.0,96.0,21.8,54.6,0.8278
STN-02,2021-04-11 16:00:00,3.1,104.0,126.0,20.6,51.2,0.768
STN-02,2021-04-11 17:00:00,3.6,215.0,153.0,17.7,56.0,0.7496
STN-02,2021-04-11 18:00:00,3.9,219.0,157.0,15.4,65.5,0.8026
STN-02,2021-04-11 19:00:00,3.7,176.0,130.0,15.2,68.9,0.8463
STN-02,2021-04-11 20:00:00,2.7,124.0,122.0,14.0,75.7,
STN-02,2021-04-11 21:00:00,2.2,97.0,87.0,13.0,83.9,0.9723
STN-02,2021-04-11 22:00:00,1.7,63.0,94.0,12.4,85.2,0.9394
STN-02,2021-04-11 23:00:00,2.7,101.0,,12.6,88.2,1.0008
STN-02,2021-04-12 00:00:00,2.3,79.0,102.0,12.2,85.4,0.9781
STN-02,2021-04-12 01:00:00,2.0,21.0,93.0,12.4,90.1,1.0339
STN-02,2021-04-12 02:00:00,1.2,1.0,59.0,10.9,94.9,1.0284
STN-02,2021-04-12 03:00:00,0.6,1.0,65.0,10.5,99.0,1.0822
STN-02,2021-04-12 04:00:00,0.6,1.0,65.0,10.9,99.0,1.1186
STN-02,2021-04-12 05:00:00,1.2,1.0,70.0,10.9,98.5,1.119
STN-02,2021-04-12 06:00:00,1.8,63.0,111.0,11.5,95.6,1.1374
STN-02,2021-04-12 07:00:00,2.7,169.0,117.0,10.8,98.2,1.152
STN-02,2021-04-12 08:00:00,3.5,,158.0,10.8,94.5,1.1211
STN-02,2021-04-12 09:00:00,2.7,234.0,157.0,12.0,88.0,1.1181
STN-02,2021-04-12 10:00:00,2.9,276.0,164.0,14.9,84.0,1.1304
STN-02,2021-04-12 11:00:00,1.7,139.0,132.0,15.4,75.9,1.0659
STN-02,2021-04-12 12:00:00,1.3,59.0,114.0,17.7,70.2,
STN-02,2021-04-12 13:00:00,1.0,1.0,84.0,19.4,71.6,1.1039
STN-02,2021-04-12 14:00:00,2.0,,123.0,20.9,69.7,1.0831
STN-02,2021-04-12 15:00:00,1.8,94.0,131.0,21.0,71.4,1.1046
STN-02,2021-04-12 16:00:00,1.9,82.0,125.0,19.8,72.1,1.0499
STN-02,2021-04-12 17:00:00,2.4,148.0,161.0,18.4,75.4,1.0642
STN-02,2021-04-12 18:00:00,3.1,224.0,168.0,19.5,80.3,1.1796
STN-02,2021-04-12 19:00:00,3.6,212.0,167.0,18.2,79.9,1.1844
STN-02,2021-04-12 20:00:00,2.8,160.0,150.0,16.9,79.8,1.1581
STN-02,2021-04-12 21:00:00,2.5,157.0,149.0,16.4,79.5,1.1623
STN-02,2021-04-12 22:00:00,1.8,112.0,135.0,-11.649380904394185,84.4,1.2327
STN-02,2021-04-12 23:00:00,2.0,32.0,123.0,16.6,81.2,1.1937
STN-02,2021-04-13 00:00:00,1.8,1.0,103.0,15.6,87.0,1.2349
STN-02,2021-04-13 01:00:00,1.5,1.0,87.0,14.4,89.9,1.2246
STN-03,2021-01-01 00:00:00,0.0,376.0,179.0,5.2,46.7,0.5969
STN-03,2021-01-01 01:00:00,0.0,365.0,155.0,2.7,55.3,0.6091
STN-03,2021-01-01 02:00:00,0.0,305.0,132.0,2.3,55.4,0.6068
STN-03,2021-01-01 03:00:00,0.0,320.0,148.0,2.4,53.1,0.5493
STN-03,2021-01-01 04:00:00,0.0,263.0,131.0,1.8,47.7,0.4702
STN-03,2021-01-01 05:00:00,0.0,265.0,130.0,1.8,51.9,0.5013
STN-03,2021-01-01 06:00:00,1.0,440.0,157.0,0.9,57.3,0.5071
STN-03,2021-01-01 07:00:00,2.0,511.0,177.0,0.8,56.1,0.4766
STN-03,2021-01-01 08:00:00,2.9,620.0,203.0,3.2,,0.5264
STN-03,2021-01-01 09:00:00,3.4,609.0,215.0,4.6,49.2,0.5309
STN-03,2021-01-01 10:00:00,2.8,585.0,219.0,8.7,39.3,0.5686
STN-03,2021-01-01 11:00:00,2.7,622.0,231.0,10.5,36.7,0.5077
STN-03,2021-01-01 12:00:00,2.7,546.0,201.0,10.8,40.6,0.4991
STN-03,2021-01-01 13:00:00,3.1,590.0,220.0,11.7,38.7,0.4731
STN-03,2021-01-01 14:00:00,3.2,555.0,208.0,12.3,34.1,0.4231
STN-03,2021-01-01 15:00:00,3.2,519.0,199.0,14.5,29.4,0.4762
STN-03,2021-01-01 16:00:00,2.9,518.0,196.0,13.1,29.5,0.4382
STN-03,2021-01-01 17:00:00,2.6,521.0,183.0,11.9,35.4,0.4729
STN-03,2021-01-01 18:00:00,3.1,628.0,201.0,9.7,44.2,0.5185
STN-03,2021-01-01 19:00:00,3.1,638.0,212.0,9.6,47.2,0.5854
STN-03,2021-01-01 20:00:00,3.0,558.0,203.0,7.7,49.9,0.5351
STN-03,2021-01-01 21:00:00,1.5,358.0,168.0,7.4,44.7,0.4961
STN-03,2021-01-01 22:00:00,0.8,268.0,137.0,7.3,47.6,0.516
STN-03,2021-01-01 23:00:00,0.6,149.0,108.0,6.4,52.3,0.5562
STN-03,2021-01-02 00:00:00,0.7,212.0,118.0,5.0,59.0,0.545
STN-03,2021-01-02 01:00:00,0.0,20.0,95.0,5.4,56.8,0.5427
STN-03,2021-01-02 02:00:00,0.0,40.0,79.0,6.0,59.9,0.6041
STN-03,2021-01-02 03:00:00,0.0,85.0,87.0,6.3,59.8,0.6199
STN-03,2021-01-02 04:00:00,0.0,2.0,53.0,6.1,60.9,0.647
STN-03,2021-01-02 05:00:00,0.0,1.0,56.0,5.7,61.3,0.6362
STN-03,2021-01-02 06:00:00,0.0,1.0,51.0,3.4,64.1,0.5913
STN-03,2021-01-02 07:00:00,0.1,51.0,66.0,4.0,66.8,0.6374
STN-03,2021-01-02 08:00:00,2.1,273.0,108.0,5.4,70.4,0.7252
STN-03,2021-01-02 09:00:00,2.7,361.0,108.0,6.8,61.8,0.6868
STN-03,2021-01-02 10:00:00,2.8,372.0,116.0,9.9,49.3,0.6207
STN-03,2021-01-02 11:00:00,2.6,419.0,137.0,11.0,43.7,0.5517
STN-03,2021-01-02 12:00:00,2.3,344.0,129.0,12.1,40.7,
STN-03,2021-01-02 13:00:00,2.3,368.0,132.0,13.4,36.8,0.5394
STN-03,2021-01-02 14:00:00,1.8,261.0,124.0,13.4,35.2,0.5228
STN-03,2021-01-02 15:00:00,2.6,308.0,139.0,14.5,34.5,0.5289
STN-03,2021-01-02 16:00:00,3.4,431.0,165.0,12.3,43.2,0.5204
STN-03,2021-01-02 17:00:00,4.2,504.0,163.0,10.8,50.9,0.5705
STN-03,2021-01-02 18:00:00,3.9,464.0,141.0,10.4,52.6,0.5895
STN-03,2021-01-02 19:00:00,4.0,420.0,147.0,10.9,59.2,0.7033
STN-03,2021-01-02 20:00:00,3.7,408.0,149.0,9.4,64.3,0.7131
STN-03,2021-01-02 21:00:00,2.7,395.0,137.0,6.7,72.8,0.7204
STN-03,2021-01-02 22:00:00,2.3,333.0,110.0,6.4,76.8,0.7614
STN-03,2021-01-02 23:00:00,2.8,298.0,101.0,6.3,76.6,0.7497
STN-03,2021-01-03 00:00:00,2.9,294.0,107.0,6.2,82.8,0.8373
STN-03,2021-01-03 01:00:00,1.6,169.0,74.0,4.9,81.6,0.8066
STN-03,2021-01-03 02:00:00,1.5,223.0,76.0,2.6,87.5,0.7798
STN-03,2021-01-03 03:00:00,1.4,192.0,77.0,2.2,85.1,0.7528
STN-03,2021-01-03 04:00:00,1.0,178.0,54.0,3.4,84.0,0.7843
STN-03,2021-01-03 05:00:00,0.7,93.0,48.0,4.5,,0.8574
STN-03,2021-01-03 06:00:00,1.1,161.0,75.0,4.8,81.7,0.856
STN-03,2021-01-03 07:00:00,1.4,195.0,79.0,4.6,81.8,0.8655
STN-03,2021-01-03 08:00:00,2.6,380.0,112.0,5.4,84.2,0.9215
STN-03,2021-01-03 09:00:00,3.1,343.0,99.0,8.1,70.5,0.8993
STN-03,2021-01-03 10:00:00,2.6,334.0,96.0,10.1,65.8,0.9081
STN-03,2021-01-03 11:00:00,2.6,297.0,93.0,10.8,63.6,0.8927
STN-03,2021-01-03 12:00:00,3.0,310.0,86.0,13.4,57.3,0.8829
STN-03,2021-01-03 13:00:00,,291.0,101.0,12.7,58.1,0.8584
STN-03,2021-01-03 14:00:00,2.3,315.0,111.0,11.8,55.7,0.7852
STN-03,2021-01-03 15:00:00,2.7,305.0,98.0,13.0,54.9,0.8121
STN-03,2021-01-03 16:00:00,3.0,316.0,105.0,13.0,55.1,0.8115
STN-03,2021-01-03 17:00:00,2.8,356.0,111.0,11.3,58.7,0.8026
STN-03,2021-01-03 18:00:00,3.7,340.0,116.0,10.0,61.6,0.8411
STN-03,2021-01-03 19:00:00,5.0,445.0,141.0,9.1,66.5,0.8956
STN-03,2021-01-03 20:00:00,4.7,479.0,140.0,8.1,76.2,0.9895
STN-03,2021-01-03 21:00:00,3.4,446.0,145.0,8.5,77.5,1.0318
STN-03,2021-01-03 22:00:00,3.2,481.0,142.0,8.1,80.9,1.0643
STN-03,2021-01-03 23:00:00,3.3,501.0,159.0,5.1,84.4,0.9841
STN-03,2021-01-04 00:00:00,3.5,511.0,176.0,,81.1,0.9898
STN-03,2021-01-04 01:00:00,2.8,384.0,149.0,5.3,82.0,1.013
STN-03,2021-01-04 02:00:00,1.6,318.0,124.0,4.3,82.9,0.9508
STN-03,2021-01-04 03:00:00,1.7,341.0,128.0,3.3,78.9,0.897
STN-03,2021-01-04 04:00:00,0.6,286.0,112.0,2.1,85.2,0.8993
STN-03,2021-01-04 05:00:00,0.0,235.0,90.0,1.0,85.7,0.8909
STN-03,2021-01-04 06:00:00,0.1,245.0,108.0,-0.4,86.8,0.8901
STN-03,2021-01-04 07:00:00,2.3,447.0,153.0,1.7,81.4,0.8968
STN-03,2021-01-04 08:00:00,3.2,506.0,171.0,2.4,74.7,0.8689
STN-03,2021-01-04 09:00:00,3.1,551.0,186.0,4.2,61.7,0.7872
STN-03,2021-01-04 10:00:00,2.3,423.0,170.0,,53.6,0.7495
STN-03,2021-01-04 11:00:00,1.8,414.0,157.0,6.4,50.4,0.6914
STN-03,2021-01-04 12:00:00,1.6,340.0,143.0,8.1,49.6,0.7521
STN-03,2021-01-04 13:00:00,2.0,368.0,161.0,7.0,54.6,0.7654
STN-03,2021-01-04 14:00:00,1.9,396.0,155.0,7.1,54.7,0.7253
STN-03,2021-01-04 15:00:00,2.1,438.0,176.0,7.8,55.5,0.7777
STN-03,2021-01-04 16:00:00,1.6,367.0,164.0,7.4,49.1,0.6993
STN-03,2021-01-04 17:00:00,2.5,,191.0,7.1,48.8,0.7148
STN-03,2021-01-04 18:00:00,4.1,596.0,228.0,6.7,50.2,0.7171
STN-03,2021-01-04 19:00:00,3.7,484.0,209.0,4.1,53.9,0.6764
STN-03,2021-01-04 20:00:00,3.1,388.0,179.0,3.8,57.4,0.7223
STN-03,2021-01-04 21:00:00,2.3,386.0,168.0,3.1,58.5,0.7111
STN-03,2021-01-04 22:00:00,2.1,375.0,,3.7,60.9,0.7473
STN-03,2021-01-04 23:00:00,1.5,276.0,137.0,3.3,57.1,0.6767
STN-03,2021-01-05 00:00:00,1.3,286.0,132.0,1.5,59.9,0.6102
STN-03,2021-01-05 01:00:00,1.7,357.0,124.0,2.0,55.7,0.5618
STN-03,2021-01-05 02:00:00,1.3,336.0,120.0,3.3,54.0,0.5613
STN-03,2021-01-05 03:00:00,1.0,327.0,110.0,2.7,53.3,0.5296
STN-03,2021-01-05 04:00:00,0.8,201.0,84.0,2.4,54.1,0.5164
STN-03,2021-01-05 05:00:00,1.5,172.0,75.0,3.1,55.7,0.5525
STN-03,2021-01-05 06:00:00,0.0,21.0,56.0,3.4,53.5,0.5326
STN-03,2021-01-05 07:00:00,0.0,72.0,77.0,3.1,48.9,0.4742
STN-03,2021-01-05 08:00:00,0.9,,88.0,2.7,48.3,0.4241
STN-03,2021-01-05 09:00:00,0.6,206.0,118.0,3.3,43.8,0.386
STN-03,2021-01-05 10:00:00,0.0,118.0,105.0,7.1,34.7,0.3899
STN-03,2021-01-05 11:00:00,0.0,52.0,96.0,9.8,27.2,0.3807
STN-03,2021-01-05 12:00:00,0.0,1.0,72.0,11.9,27.6,0.4301
STN-03,2021-01-05 13:00:00,0.6,111.0,98.0,11.8,24.9,0.3971
STN-03,2021-01-05 14:00:00,0.8,129.0,95.0,10.9,26.0,
STN-03,2021-01-05 15:00:00,1.8,206.0,118.0,11.1,34.0,0.4505
STN-03,2021-01-05 16:00:00,2.0,317.0,152.0,10.5,35.7,0.4643
STN-03,2021-01-05 17:00:00,1.9,293.0,147.0,10.6,36.4,0.486
STN-03,2021-01-05 18:00:00,2.6,325.0,140.0,9.7,42.6,0.5741
STN-03,2021-01-05 19:00:00,3.0,306.0,140.0,10.4,45.5,0.6534
STN-03,2021-01-05 20:00:00,2.3,263.0,143.0,8.5,50.4,0.6313
STN-03,2021-01-05 21:00:00,1.2,140.0,120.0,6.7,55.7,0.6405
STN-03,2021-01-05 22:00:00,0.2,61.0,97.0,4.9,53.6,0.5465
STN-03,2021-01-05 23:00:00,0.5,85.0,100.0,2.9,56.3,0.4907
STN-03,2021-01-06 00:00:00,0.5,42.0,90.0,3.6,50.6,0.4281
STN-03,2021-01-06 01:00:00,0.0,1.0,75.0,4.4,51.8,0.4432
STN-03,2021-01-06 02:00:00,0.1,4.0,66.0,5.7,54.6,0.5405
STN-03,2021-01-06 03:00:00,0.7,105.0,97.0,6.2,54.8,0.5502
STN-03,2021-01-06 04:00:00,1.5,130.0,70.0,3.4,64.3,0.5289
STN-03,2021-01-06 05:00:00,1.4,163.0,70.0,2.9,63.0,0.5225
STN-03,2021-01-06 06:00:00,1.3,237.0,70.0,2.1,68.4,0.5419
STN-03,2021-01-06 07:00:00,1.2,100.0,70.0,1.7,67.1,0.5431
STN-03,2021-01-06 08:00:00,1.8,169.0,70.0,3.8,,0.5967
STN-03,2021-01-06 09:00:00,2.3,173.0,70.0,4.8,51.3,0.5318
STN-03,2021-01-06 10:00:00,3.0,243.0,70.0,7.3,50.1,0.5901
STN-03,2021-01-06 11:00:00,2.2,232.0,70.0,10.1,43.5,0.5588
STN-03,2021-01-06 12:00:00,3.3,432.0,70.0,10.6,46.4,0.5679
STN-03,2021-01-06 13:00:00,3.8,475.0,70.0,10.5,56.4,0.6729
STN-03,2021-01-06 14:00:00,4.2,438.0,139.0,11.0,50.5,0.6017
STN-03,2021-01-06 15:00:00,3.9,462.0,156.0,10.7,53.2,0.6319
STN-03,2021-01-06 16:00:00,2.7,321.0,151.0,11.0,,0.6225
STN-03,2021-01-06 17:00:00,3.7,421.0,166.0,11.0,48.8,0.63
STN-03,2021-01-06 18:00:00,2.8,387.0,169.0,9.9,49.1,0.6263
STN-03,2021-01-06 19:00:00,2.7,336.0,146.0,7.9,57.1,0.6363
STN-03,2021-01-06 20:00:00,2.0,304.0,138.0,6.9,53.1,0.5574
STN-03,2021-01-06 21:00:00,2.1,406.0,160.0,4.9,58.7,0.5233
STN-03,2021-01-06 22:00:00,0.2,189.0,108.0,5.1,60.7,0.5927
STN-03,2021-01-06 23:00:00,0.0,312.0,119.0,3.7,67.5,0.5876
STN-03,2021-01-07 00:00:00,0.0,273.0,108.0,4.0,64.0,0.5302
STN-03,2021-01-07 01:00:00,0.0,239.0,,4.0,66.2,0.5493
STN-03,2021-01-07 02:00:00,0.1,273.0,82.0,2.6,67.9,0.4885
STN-03,2021-01-07 03:00:00,0.4,356.0,101.0,2.1,67.0,0.4839
STN-03,2021-01-07 04:00:00,1.0,309.0,78.0,3.5,68.0,0.5232
STN-03,2021-01-07 05:00:00,1.0,334.0,86.0,1.6,66.0,0.4238
STN-03,2021-01-07 06:00:00,1.4,395.0,97.0,2.0,71.2,0.4935
STN-03,2021-01-07 07:00:00,2.5,552.0,124.0,2.2,71.0,0.4828
STN-03,2021-01-07 08:00:00,3.3,649.0,144.0,4.4,71.7,0.5948
STN-03,2021-01-07 09:00:00,3.9,700.0,158.0,6.7,59.9,0.5648
STN-03,2021-01-07 10:00:00,3.2,639.0,168.0,9.7,48.4,0.5277
STN-03,2021-01-07 11:00:00,2.3,609.0,162.0,12.1,38.0,0.4544
STN-03,2021-01-07 12:00:00,3.1,622.0,165.0,14.9,37.6,0.5133
STN-03,2021-01-07 13:00:00,6.773328276994592,389.9663674850884,112.02392545941848,14.7,35.0,0.4328
STN-03,2021-01-07 14:00:00,1.0200981649599892,265.93273497017685,86.04785091883696,16.0,29.5,0.4221
STN-03,2021-01-07 15:00:00,0.05,7.899102455265279,26.071776378255436,17.7,27.6,0.4285
STN-03,2021-01-07 16:00:00,0.05,1.0,1.0,17.7,27.3,0.4286
STN-03,2021-01-07 17:00:00,0.05,1.0,3.0877266845344025,,26.6,0.4931
STN-03,2021-01-07 18:00:00,0.20351330242664645,23.543347445324173,20.087726684534402,18.1,28.7,0.5233
STN-03,2021-01-07 19:00:00,0.05,10.543347445324173,32.0877266845344,14.5,32.6,0.4564
STN-03,2021-01-07 20:00:00,0.05,1.0,19.087726684534402,12.6,36.5,0.4125
STN-03,2021-01-07 21:00:00,0.05,1.0,1.0,12.0,32.7,0.369
STN-03,2021-01-07 22:00:00,0.05,1.0,1.0,10.0,33.5,0.3216
STN-03,2021-01-07 23:00:00,0.05,1.0,1.0,8.4,32.5,0.2998
STN-03,2021-01-08 00:00:00,0.0,76.0,100.0,6.0,34.2,0.2833
STN-03,2021-01-08 01:00:00,0.0,135.0,95.0,5.3,31.109147182888556,0.2135
STN-03,2021-01-08 02:00:00,0.0,18.0,62.0,3.5,31.4919837254932,0.1112
STN-03,2021-01-08 03:00:00,0.0,121.0,100.0,2.8,45.376675427428715,0.0578
STN-03,2021-01-08 04:00:00,9.022485764251888,66.0,75.0,2.0,11.388381530525312,0.0662
STN-03,2021-01-08 05:00:00,0.0,139.0,89.0,2.5,40.1901383242532,0.1508
STN-03,2021-01-08 06:00:00,0.0,182.0,101.0,1.0,45.7,0.1698
STN-03,2021-01-08 07:00:00,0.4,251.0,116.0,1.4,44.4,0.1792
STN-03,2021-01-08 08:00:00,1.3,280.0,116.0,3.5,47.0,0.2748
STN-03,2021-01-08 09:00:00,1.8,340.0,,5.2,45.0,0.3267
STN-03,2021-01-08 10:00:00,1.3,274.0,109.0,7.9,41.0,0.3653
STN-03,2021-01-08 11:00:00,1.6,294.0,131.0,10.0,39.4,0.3821
STN-03,2021-01-08 12:00:00,2.2,346.0,136.0,11.7,39.4,0.4283
STN-03,2021-01-08 13:00:00,2.3,,108.0,13.4,38.5,0.4579
STN-03,2021-01-08 14:00:00,3.1,280.0,126.0,14.0,39.0,0.4691
STN-03,2021-01-08 15:00:00,3.2,325.0,124.0,13.5,47.2,0.574
STN-03,2021-01-08 16:00:00,2.4,242.0,137.0,14.2,46.0,0.5989
STN-03,2021-01-08 17:00:00,2.1,254.0,127.0,,44.1,0.5955
STN-03,2021-01-08 18:00:00,2.9,330.0,149.0,13.0,44.4,0.6179
STN-03,2021-01-08 19:00:00,3.4,363.0,156.0,11.7,44.5,0.6211
STN-03,2021-01-08 20:00:00,2.9,390.0,159.0,10.3,49.4,0.6582
STN-03,2021-01-08 21:00:00,2.1,315.0,156.0,9.6,54.2,0.6798
STN-03,2021-01-08 22:00:00,1.4,312.0,169.0,8.4,57.8,0.6951
STN-03,2021-01-08 23:00:00,1.8,337.0,177.0,8.7,57.1,0.6807
STN-03,2021-01-09 00:00:00,0.8,195.0,144.0,9.7,54.0,0.7084
STN-03,2021-01-09 01:00:00,0.0,165.0,110.0,8.2,57.4,0.7071
STN-03,2021-01-09 02:00:00,0.0,104.0,80.0,9.0,61.7,0.7623
STN-03,2021-01-09 03:00:00,0.0,115.0,106.0,8.8,64.4,0.7649
STN-03,2021-01-09 04:00:00,0.2,73.0,74.0,9.8,67.6,0.8339
STN-03,2021-01-09 05:00:00,0.0,1.0,27.0,9.7,68.2,0.857
STN-03,2021-01-09 06:00:00,0.0,9.0,46.0,9.8,68.6,0.8719
STN-03,2021-01-09 07:00:00,0.1,103.0,70.0,10.6,66.8,0.9045
STN-03,2021-01-09 08:00:00,1.6,274.0,111.0,13.2,54.9,0.8404
STN-03,2021-01-09 09:00:00,2.1,297.0,131.0,13.8,50.2,0.7792
STN-03,2021-01-09 10:00:00,1.4,285.0,130.0,14.3,47.6,0.7325
STN-03,2021-01-09 11:00:00,0.5,216.0,133.0,17.2,,0.7241
STN-03,2021-01-09 12:00:00,0.2,118.0,105.0,18.3,34.5,0.676
STN-03,2021-01-09 13:00:00,0.7,158.0,129.0,18.8,31.8,0.6845
STN-03,2021-01-09 14:00:00,1.4,203.0,129.0,19.0,29.5,0.6451
STN-03,2021-01-09 15:00:00,0.8,148.0,116.0,18.2,31.4,0.5887
STN-03,2021-01-09 16:00:00,0.8,227.0,113.0,16.5,,0.5775
STN-03,2021-01-09 17:00:00,0.3,160.0,121.0,14.5,42.9,0.543
STN-03,2021-01-09 18:00:00,1.7,,129.0,12.6,43.8,0.5218
STN-03,2021-01-09 19:00:00,2.5,286.0,140.0,11.5,41.4,0.4933
STN-03,2021-01-09 20:00:00,,210.0,122.0,11.8,43.5,0.5719
STN-03,2021-01-09 21:00:00,1.0,189.0,118.0,11.2,42.3,0.5232
STN-03,2021-01-09 22:00:00,0.0,102.0,94.0,11.0,39.0,0.4672
STN-03,2021-01-09 23:00:00,0.3,137.0,97.0,10.6,42.4,0.4925
STN-03,2021-01-10 00:00:00,1.3,255.0,128.0,8.9,46.4,0.4874
STN-03,2021-01-10 01:00:00,2.1,301.0,127.0,,46.0,0.4943
STN-03,2021-01-10 02:00:00,1.2,193.0,110.0,8.3,46.6,0.5003
STN-03,2021-01-10 03:00:00,0.2,,99.0,6.7,51.0,0.4498
STN-03,2021-01-10 04:00:00,0.2,156.0,95.0,5.7,49.4,0.4152
STN-03,2021-01-10 05:00:00,0.7,173.0,91.0,4.8,46.2,0.3318
STN-03,2021-01-10 06:00:00,1.6,262.0,122.0,4.7,47.2,0.3515
STN-03,2021-01-10 07:00:00,2.1,319.0,133.0,5.2,49.7,0.4246
STN-03,2021-01-10 08:00:00,2.9,429.0,153.0,6.9,40.1,0.3641
STN-03,2021-01-10 09:00:00,,412.0,153.0,8.4,38.4,0.3766
STN-03,2021-01-10 10:00:00,1.8,379.0,164.0,10.3,33.9,0.3744
STN-03,2021-01-10 11:00:00,0.4,356.0,153.0,11.8,28.4,0.3466
STN-03,2021-01-10 12:00:00,,327.0,159.0,14.6,28.3,0.4119
STN-03,2021-01-10 13:00:00,0.0,252.0,140.0,13.8,35.6,0.4347
STN-03,2021-01-10 14:00:00,0.0,253.0,,13.3,34.7,0.3878
STN-03,2021-01-10 15:00:00,0.4,351.0,157.0,14.3,25.8,0.3242
STN-03,2021-01-10 16:00:00,1.0,313.0,144.0,13.6,31.9,0.3436
STN-03,2021-01-10 17:00:00,2.2,418.0,,,30.6,0.3903
STN-03,2021-01-10 18:00:00,2.7,499.0,200.0,13.3,35.4,0.4134
STN-03,2021-01-10 19:00:00,2.9,451.0,188.0,12.4,36.4,0.4289
STN-03,2021-01-10 20:00:00,2.0,343.0,163.0,11.9,38.2,0.4078
STN-03,2021-01-10 21:00:00,1.1,290.0,148.0,10.1,38.8,0.3554
STN-03,2021-01-10 22:00:00,0.0,91.0,122.0,10.6,45.4,0.4785
STN-03,2021-01-10 23:00:00,0.1,72.0,123.0,8.5,48.5,0.4382
STN-03,2021-01-11 00:00:00,0.0,99.0,121.0,8.4,50.7,0.4019
STN-03,2021-01-11 01:00:00,0.9,128.0,119.0,7.3,51.6,0.3744
STN-03,2021-01-11 02:00:00,0.3,96.0,1.0,14.365654073317058,58.4,0.6913561053747604
STN-03,2021-01-11 03:00:00,0.05,42.0,105.0,21.731308146634117,60.9,0.9608122107495208
STN-03,2021-01-11 04:00:00,0.4,21.0,87.0,32.29696221995118,50.4,1.2375683161242814
STN-03,2021-01-11 05:00:00,0.05,1.0,86.0,32.09696221995118,56.1,1.3147683161242814
STN-03,2021-01-11 06:00:00,0.1,17.0,111.0,32.09696221995118,57.4,1.3338683161242813
STN-03,2021-01-11 07:00:00,1.5,166.0,149.0,32.09696221995118,60.0,1.3466683161242814
STN-03,2021-01-11 08:00:00,2.8,368.0,184.0,33.79696221995118,57.0,1.3980683161242813
STN-03,2021-01-11 09:00:00,3.0,432.0,186.0,33.89696221995118,55.2,1.4048683161242814
STN-03,2021-01-11 10:00:00,1.9,276.0,172.0,37.59696221995118,46.1,1.4497683161242814
STN-03,2021-01-11 11:00:00,0.7,236.0,158.0,14.5,43.0,0.5391
STN-03,2021-01-11 12:00:00,1.0,240.0,158.0,15.2,44.5,0.5791
STN-03,2021-01-11 13:00:00,1.1,275.0,150.0,14.9,42.9,0.5457
STN-03,2021-01-11 14:00:00,1.3,317.0,161.0,14.0,38.7,0.449
STN-03,2021-01-11 15:00:00,1.4,301.0,162.0,14.3,40.6,0.4244
STN-03,2021-01-11 16:00:00,1.6,318.0,168.0,11.5,41.5,0.3464
STN-03,2021-01-11 17:00:00,2.0,438.0,200.0,10.1,41.7,0.2858
STN-03,2021-01-11 18:00:00,3.2,512.0,223.0,7.5,48.5,0.3306
STN-03,2021-01-11 19:00:00,3.6,542.0,224.0,7.1,49.0,0.3666
STN-03,2021-01-11 20:00:00,3.1,468.0,182.0,4.8,54.5,0.3829
STN-03,2021-01-11 21:00:00,1.2,268.0,146.0,3.5,53.9,0.3453
STN-03,2021-01-11 22:00:00,0.7,166.0,141.0,4.0,58.8,0.4016
STN-03,2021-01-11 23:00:00,0.6,136.0,123.0,3.8,60.7,0.3901
STN-03,2021-01-12 00:00:00,1.7,317.0,161.0,4.3,60.3,0.4274
STN-03,2021-01-12 01:00:00,1.6,310.0,160.0,3.3,59.1,0.3964
STN-03,2021-01-12 02:00:00,1.4,287.0,135.0,4.6,64.2,0.5169
STN-03,2021-01-12 03:00:00,0.9,205.0,108.0,4.4,70.0,0.6039
STN-03,2021-01-12 04:00:00,0.6,204.0,95.0,4.0,75.7,0.6358
STN-03,2021-01-12 05:00:00,1.0,229.0,98.0,4.0,74.4,0.6175
STN-03,2021-01-12 06:00:00,0.5,166.0,89.0,2.5,77.7,0.5991
STN-03,2021-01-12 07:00:00,1.7,312.0,108.0,1.8,76.7,0.5791
STN-03,2021-01-12 08:00:00,3.1,399.0,150.0,2.0,75.0,0.5895
STN-03,2021-01-12 09:00:00,3.1,396.0,159.0,2.4,72.1,0.566
STN-03,2021-01-12 10:00:00,2.1,358.0,145.0,4.5,69.7,0.577
STN-03,2021-01-12 11:00:00,1.0,247.0,134.0,6.5,57.0,0.4927
STN-03,2021-01-12 12:00:00,0.7,252.0,142.0,6.5,60.2,0.4944
STN-03,2021-01-12 13:00:00,0.2,156.0,117.0,7.4,60.3,0.53
STN-03,2021-01-12 14:00:00,1.3,304.0,138.0,7.1,64.0,0.5707
STN-03,2021-01-12 15:00:00,1.3,,138.0,9.7,56.4,0.5594
STN-03,2021-01-12 16:00:00,1.7,295.0,154.0,10.0,56.9,0.5785
STN-03,2021-01-12 17:00:00,1.9,329.0,165.0,9.9,60.7,0.6157
STN-03,2021-01-12 18:00:00,1.8,263.0,165.0,7.0,60.2,0.4964
STN-03,2021-01-12 19:00:00,1.9,283.0,171.0,5.4,66.5,0.5593
STN-03,2021-01-12 20:00:00,2.2,323.0,168.0,4.4,75.3,0.6104
STN-03,2021-01-12 21:00:00,2.0,303.0,167.0,3.6,75.0,0.6054
STN-03,2021-01-12 22:00:00,0.8,107.0,130.0,2.5,80.3,0.637
STN-03,2021-01-12 23:00:00,0.6,104.0,105.0,3.3,81.3,0.6515
STN-03,2021-01-13 00:00:00,2.1,246.0,134.0,4.2,81.8,0.6731
STN-03,2021-01-13 01:00:00,1.7,263.0,111.0,3.4,83.6,0.6735
STN-03,2021-01-13 02:00:00,1.1,169.0,82.0,3.0,81.0,0.6849
STN-03,2021-01-13 03:00:00,1.2,233.0,105.0,2.8,83.7,0.7276
STN-03,2021-01-13 04:00:00,1.3,129.0,79.0,2.9,85.3,0.771
STN-03,2021-01-13 05:00:00,0.3,7.0,45.0,2.3,86.1,0.7532
STN-03,2021-01-13 06:00:00,0.6,1.0,39.0,1.8,92.3,0.7829
STN-03,2021-01-13 07:00:00,1.0,42.0,55.0,1.5,91.3,0.8018
STN-03,2021-01-13 08:00:00,2.0,194.0,80.0,2.7,87.0,0.7954
STN-03,2021-01-13 09:00:00,2.6,286.0,110.0,3.6,82.2,0.8106
STN-03,2021-01-13 10:00:00,2.6,280.0,105.0,7.0,73.9,0.8257
STN-03,2021-01-13 11:00:00,2.1,275.0,125.0,9.3,63.9,0.766
STN-03,2021-01-13 12:00:00,1.2,213.0,125.0,9.6,54.1,0.6314
STN-03,2021-01-13 13:00:00,0.3,139.0,102.0,9.3,51.2,0.5707
STN-03,2021-01-13 14:00:00,0.0,60.0,81.0,8.9,50.5,0.538
STN-03,2021-01-13 15:00:00,0.0,128.0,122.0,9.4,46.6,0.5033
STN-03,2021-01-13 16:00:00,0.7,277.0,154.0,8.8,46.1,0.4553
STN-03,2021-01-13 17:00:00,0.5,258.0,152.0,7.3,49.3,0.468
STN-03,2021-01-13 18:00:00,1.4,405.0,,5.2,53.8,0.4862
STN-03,2021-01-13 19:00:00,1.7,377.0,173.0,4.3,56.6,0.5058
STN-03,2021-01-13 20:00:00,2.5,428.0,186.0,3.5,59.1,0.4675
STN-03,2021-01-13 21:00:00,1.8,330.0,180.0,3.6,57.9,0.4367
STN-03,2021-01-13 22:00:00,1.9,322.0,166.0,3.0,57.9,0.3725
STN-03,2021-01-13 23:00:00,2.1,366.0,,1.9,61.2,0.3421
STN-03,2021-01-14 00:00:00,1.7,340.0,186.0,1.4,54.1,0.2721
STN-03,2021-01-14 01:00:00,1.5,314.0,167.0,1.4,53.4,0.2618
STN-03,2021-01-14 02:00:00,0.0,111.0,111.0,0.8,56.8,0.2802
STN-03,2021-01-14 03:00:00,0.5,187.0,139.0,0.5,62.6,0.3207
STN-03,2021-01-14 04:00:00,0.0,40.0,111.0,0.4,64.3,0.3265
STN-03,2021-01-14 05:00:00,0.0,116.0,120.0,0.5,70.8,0.3757
STN-03,2021-01-14 06:00:00,0.3,180.0,127.0,1.5,74.6,
STN-03,2021-01-14 07:00:00,2.1,302.0,156.0,2.9,66.7,0.3798
STN-03,2021-01-14 08:00:00,3.2,456.0,170.0,3.2,62.0,0.3409
STN-03,2021-01-14 09:00:00,3.5,503.0,184.0,6.3,55.4,0.3883
STN-03,2021-01-14 10:00:00,3.3,502.0,189.0,10.7,51.0,0.4596
STN-03,2021-01-14 11:00:00,2.7,447.0,189.0,13.4,43.3,0.4333
STN-03,2021-01-14 12:00:00,2.2,344.0,182.0,15.1,41.7,0.4814
STN-03,2021-01-14 13:00:00,1.5,266.0,176.0,15.7,39.9,0.527
STN-03,2021-01-14 14:00:00,1.2,248.0,167.0,17.3,34.2,0.5126
STN-03,2021-01-14 15:00:00,1.5,320.0,170.0,17.0,40.9,0.5716
STN-03,2021-01-14 16:00:00,1.6,401.0,176.0,16.5,47.4,0.623
STN-03,2021-01-14 17:00:00,2.6,522.0,206.0,16.9,46.4,0.6288
STN-03,2021-01-14 18:00:00,3.0,496.0,,16.6,53.2,0.776
STN-03,2021-01-14 19:00:00,2.7,436.0,181.0,15.4,58.3,0.8157
STN-03,2021-01-14 20:00:00,2.8,452.0,181.0,15.1,57.2,0.8309
STN-03,2021-01-14 21:00:00,1.2,300.0,165.0,12.6,60.1,0.7807
STN-03,2021-01-14 22:00:00,1.1,277.0,159.0,12.4,56.9,0.7813
STN-03,2021-01-14 23:00:00,1.1,277.0,159.0,12.4,56.9,0.7813
STN-03,2021-01-15 00:00:00,1.7,304.0,142.0,10.9,73.4,0.9599
STN-03,2021-01-15 01:00:00,1.5,250.0,132.0,12.0,73.4,0.9947
STN-03,2021-01-15 02:00:00,1.0,192.0,115.0,11.9,68.2,0.9174
STN-03,2021-01-15 03:00:00,0.2,94.0,109.0,11.8,64.7,0.8761
STN-03,2021-01-15 04:00:00,0.0,1.0,70.0,10.5,69.3,0.8801
STN-03,2021-01-15 05:00:00,0.0,1.0,69.0,10.2,69.0,0.8915
STN-03,2021-01-15 06:00:00,0.0,1.0,60.0,10.7,68.2,0.9533
STN-03,2021-01-15 07:00:00,0.0,1.0,70.0,12.6,69.4,1.0437
STN-03,2021-01-15 08:00:00,1.0,74.0,115.0,13.6,65.2,
STN-03,2021-01-15 09:00:00,2.2,224.0,139.0,14.6,55.2,0.9301
STN-03,2021-01-15 10:00:00,2.4,278.0,162.0,17.3,42.9,0.8702
STN-03,2021-01-15 11:00:00,2.9,288.0,160.0,18.7,41.6,0.8783
STN-03,2021-01-15 12:00:00,3.0,320.0,170.0,20.0,37.5,0.8499
STN-03,2021-01-15 13:00:00,3.4,390.0,158.0,19.9,41.7,0.861
STN-03,2021-01-15 14:00:00,2.9,397.0,150.0,19.9,34.7,0.7554
STN-03,2021-01-15 15:00:00,2.7,325.0,142.0,20.0,34.8,0.7375
STN-03,2021-01-15 16:00:00,2.7,386.0,164.0,19.8,33.7,0.738
STN-03,2021-01-15 17:00:00,3.0,319.0,164.0,17.8,39.6,0.7283
STN-03,2021-01-15 18:00:00,3.1,348.0,170.0,14.6,49.8,
STN-03,2021-01-15 19:00:00,2.4,228.0,,12.5,52.4,0.7958
STN-03,2021-01-15 20:00:00,2.3,371.0,174.0,11.6,57.2,0.8211
STN-03,2021-01-15 21:00:00,2.1,,211.0,12.1,54.1,0.8091
STN-03,2021-01-15 22:00:00,1.8,310.0,185.0,11.4,55.1,0.8283
STN-03,2021-01-15 23:00:00,1.3,232.0,160.0,10.1,52.3,
STN-03,2021-01-16 00:00:00,1.2,186.0,147.0,7.8,55.9,0.7541
STN-03,2021-01-16 01:00:00,0.0,109.0,126.0,6.6,55.0,0.7139
STN-03,2021-01-16 02:00:00,,49.0,108.0,6.6,59.3,0.7176
STN-03,2021-01-16 03:00:00,0.1,72.0,120.0,5.6,57.4,0.6624
STN-03,2021-01-16 04:00:00,0.3,1.0,78.0,7.3,54.4,0.7026
STN-03,2021-01-16 05:00:00,0.0,1.0,61.0,6.8,64.1,0.7646
STN-03,2021-01-16 06:00:00,0.0,1.0,70.0,6.8,63.4,0.7413
STN-03,2021-01-16 07:00:00,0.2,53.0,81.0,6.5,69.1,0.8106
STN-03,2021-01-16 08:00:00,2.3,279.0,129.0,7.4,,0.8911
STN-03,2021-01-16 09:00:00,2.3,277.0,145.0,8.1,65.4,0.9149
STN-03,2021-01-16 10:00:00,2.1,247.0,157.0,12.6,56.2,0.9376
STN-03,2021-01-16 11:00:00,1.2,206.0,149.0,14.3,56.7,0.9678
STN-03,2021-01-16 12:00:00,1.0,119.0,134.0,15.6,50.3,0.9097
STN-03,2021-01-16 13:00:00,1.0,78.0,121.0,16.1,43.2,0.8401
STN-03,2021-01-16 14:00:00,1.3,126.0,121.0,17.2,40.8,0.8542
STN-03,2021-01-16 15:00:00,1.6,190.0,118.0,16.9,41.9,0.8402
STN-03,2021-01-16 16:00:00,2.0,241.0,131.0,15.8,35.4,0.7462
STN-03,2021-01-16 17:00:00,2.6,296.0,166.0,16.2,29.0,0.7038
STN-03,2021-01-16 18:00:00,3.0,299.0,157.0,14.4,38.4,0.7852
STN-03,2021-01-16 19:00:00,4.3,481.0,,12.4,38.4,0.7503
STN-03,2021-01-16 20:00:00,3.8,457.0,194.0,11.6,38.4,0.8084
STN-03,2021-01-16 21:00:00,3.0,445.0,189.0,10.4,38.4,0.8117
STN-03,2021-01-16 22:00:00,2.4,362.0,177.0,9.2,38.4,0.745
STN-03,2021-01-16 23:00:00,3.1,405.0,173.0,9.0,38.4,0.7273
STN-03,2021-01-17 00:00:00,4.2,502.0,175.0,8.1,38.4,0.6898
STN-03,2021-01-17 01:00:00,2.8,368.0,132.0,7.4,38.4,0.6436
STN-03,2021-01-17 02:00:00,2.3,382.0,130.0,6.9,58.0,0.6694
STN-03,2021-01-17 03:00:00,1.9,340.0,118.0,7.4,61.6,
STN-03,2021-01-17 04:00:00,1.9,368.0,115.0,6.3,65.1,0.7567
STN-03,2021-01-17 05:00:00,1.6,371.0,113.0,5.9,59.8,0.6758
STN-03,2021-01-17 06:00:00,1.7,,111.0,4.5,,0.6615
STN-03,2021-01-17 07:00:00,2.3,,107.0,3.9,70.5,
STN-03,2021-01-17 08:00:00,4.0,591.0,153.0,5.2,61.2,0.6939
STN-03,2021-01-17 09:00:00,4.3,648.0,177.0,6.7,58.8,0.709
STN-03,2021-01-17 10:00:00,3.3,607.0,179.0,8.6,48.2,0.6334
STN-03,2021-01-17 11:00:00,4.2,674.0,198.0,10.3,42.0,0.6191
STN-03,2021-01-17 12:00:00,4.6,720.0,202.0,10.1,39.1,0.5591
STN-03,2021-01-17 13:00:00,3.9,584.0,189.0,10.4,36.2,0.5468
STN-03,2021-01-17 14:00:00,3.3,509.0,178.0,9.6,35.1,0.4642
STN-03,2021-01-17 15:00:00,2.5,345.0,156.0,10.3,38.1,0.5076
STN-03,2021-01-17 16:00:00,2.4,367.0,158.0,11.5,36.2,0.5286
STN-03,2021-01-17 17:00:00,1.9,311.0,163.0,9.3,40.0,0.5262
STN-03,2021-01-17 18:00:00,2.5,351.0,187.0,8.7,40.7,0.5269
STN-03,2021-01-17 19:00:00,3.1,482.0,208.0,7.3,43.1,0.5032
STN-03,2021-01-17 20:00:00,2.5,418.0,198.0,6.3,44.7,0.5324
STN-03,2021-01-17 21:00:00,1.6,310.0,167.0,6.6,49.4,0.5638
STN-03,2021-01-17 22:00:00,1.8,332.0,180.0,6.5,47.8,0.5713
STN-03,2021-01-17 23:00:00,1.2,245.0,174.0,7.5,45.6,0.5771
STN-03,2021-01-18 00:00:00,0.9,290.0,175.0,7.4,45.0,0.59
STN-03,2021-01-18 01:00:00,0.6,271.0,163.0,5.7,53.3,0.5963
STN-03,2021-01-18 02:00:00,0.0,113.0,98.0,7.4,57.2,0.6977
STN-03,2021-01-18 03:00:00,0.1,,99.0,6.7,61.7,0.6957
STN-03,2021-01-18 04:00:00,0.0,55.0,48.0,5.8,58.9,0.6309
STN-03,2021-01-18 05:00:00,0.0,,48.0,4.4,65.0,0.6034
STN-03,2021-01-18 06:00:00,0.5,128.0,80.0,4.6,75.8,0.7449
STN-03,2021-01-18 07:00:00,1.4,280.0,114.0,4.5,75.4,0.7632
STN-03,2021-01-18 08:00:00,1.5,,128.0,3.9,77.8,0.7692
STN-03,2021-01-18 09:00:00,1.3,330.0,155.0,5.4,68.8,0.7525
STN-03,2021-01-18 10:00:00,1.1,321.0,152.0,8.1,60.1,0.7218
STN-03,2021-01-18 11:00:00,0.3,205.0,126.0,9.0,58.5,0.6856
STN-03,2021-01-18 12:00:00,0.5,117.0,121.0,10.4,57.2,0.6955
STN-03,2021-01-18 13:00:00,1.9,196.0,135.0,11.2,58.3,0.6935
STN-03,2021-01-18 14:00:00,1.8,201.0,133.0,10.3,52.8,0.5909
STN-03,2021-01-18 15:00:00,0.8,99.0,118.0,10.8,51.3,0.5958
STN-03,2021-01-18 16:00:00,0.7,43.0,113.0,10.7,47.1,0.5689
STN-03,2021-01-18 17:00:00,0.6,48.0,116.0,8.4,49.6,0.5213
STN-03,2021-01-18 18:00:00,1.2,134.0,133.0,7.6,52.3,0.5861
STN-03,2021-01-18 19:00:00,2.1,196.0,142.0,5.3,66.8,0.7066
STN-03,2021-01-18 20:00:00,1.8,218.0,155.0,3.9,72.8,0.7477
STN-03,2021-01-18 21:00:00,1.4,119.0,140.0,5.1,75.5,0.8212
STN-03,2021-01-18 22:00:00,2.0,90.0,124.0,5.1,77.5,0.8928
STN-03,2021-01-18 23:00:00,1.4,10.0,112.0,5.2,71.0,0.8546
STN-03,2021-01-19 00:00:00,1.0,7.0,104.0,3.9,74.8,0.8821
STN-03,2021-01-19 01:00:00,0.6,7.0,95.0,4.3,74.2,0.9027
STN-03,2021-01-19 02:00:00,1.1,54.0,76.0,4.1,74.0,0.8668
STN-03,2021-01-19 03:00:00,0.05,1.0,48.0,-3.499996912413287,79.1,0.6039665460608149
STN-03,2021-01-19 04:00:00,0.05,1.0,11.0,-13.899993824826574,79.7,0.23303309212162981
STN-03,2021-01-19 05:00:00,0.05,1.0,1.0,-15.0,78.8,0.05
STN-03,2021-01-19 06:00:00,0.05,1.0,37.0,-15.0,79.4,0.05
STN-03,2021-01-19 07:00:00,0.05,35.0,88.0,-15.0,75.5,0.05
STN-03,2021-01-19 08:00:00,1.2,136.0,95.0,-15.0,73.3,0.05
STN-03,2021-01-19 09:00:00,1.0,142.0,84.0,-15.0,69.0,0.05
STN-03,2021-01-19 10:00:00,0.05,80.0,85.0,-15.0,59.7,0.05
STN-03,2021-01-19 11:00:00,0.1,78.0,89.0,-15.0,53.7,0.05
STN-03,2021-01-19 12:00:00,0.8,155.0,110.0,6.5,52.5,0.6971
STN-03,2021-01-19 13:00:00,1.9,253.0,158.0,6.7,48.8,0.6571
STN-03,2021-01-19 14:00:00,1.9,262.0,165.0,6.5,51.3,0.6384
STN-03,2021-01-19 15:00:00,2.0,279.0,160.0,7.8,52.3,0.6875
STN-03,2021-01-19 16:00:00,2.6,383.0,178.0,8.5,50.6,0.6746
STN-03,2021-01-19 17:00:00,3.5,482.0,180.0,8.7,56.0,0.736
STN-03,2021-01-19 18:00:00,3.9,400.0,174.0,8.0,,0.845
STN-03,2021-01-19 19:00:00,4.1,345.0,164.0,6.9,61.6,0.8483
STN-03,2021-01-19 20:00:00,3.8,389.0,187.0,6.0,60.9,0.8286
STN-03,2021-01-19 21:00:00,2.3,300.0,165.0,4.6,66.6,0.836
STN-03,2021-01-19 22:00:00,1.5,205.0,141.0,6.5,64.7,0.8725
STN-03,2021-01-19 23:00:00,1.1,128.0,114.0,3.8,67.2,0.8187
STN-03,2021-01-20 00:00:00,1.0,140.0,98.0,3.4,73.3,0.8486
STN-03,2021-01-20 01:00:00,0.0,1.0,57.0,2.1,70.2,0.7651
STN-03,2021-01-20 02:00:00,0.0,1.0,53.0,2.5,71.6,0.8006
STN-03,2021-01-20 03:00:00,0.0,21.0,78.0,3.3,66.9,0.7784
STN-03,2021-01-20 04:00:00,0.0,,78.0,3.6,69.9,0.8274
STN-03,2021-01-20 05:00:00,0.8,213.0,120.0,3.7,71.8,0.8599
STN-03,2021-01-20 06:00:00,0.8,240.0,133.0,5.0,71.2,0.8805
STN-03,2021-01-20 07:00:00,1.3,315.0,149.0,7.8,66.7,0.945
STN-03,2021-01-20 08:00:00,2.4,464.0,177.0,10.4,60.3,0.9486
STN-03,2021-01-20 09:00:00,3.3,516.0,197.0,12.1,58.9,0.9669
STN-03,2021-01-20 10:00:00,2.7,525.0,185.0,13.6,57.0,0.955
STN-03,2021-01-20 11:00:00,3.1,484.0,200.0,16.8,48.2,0.9724
STN-03,2021-01-20 12:00:00,2.7,387.0,187.0,17.1,45.4,0.9356
STN-03,2021-01-20 13:00:00,,226.0,162.0,16.9,49.9,0.972
STN-03,2021-01-20 14:00:00,1.8,225.0,161.0,17.1,47.8,0.9463
STN-03,2021-01-20 15:00:00,1.3,213.0,164.0,17.8,47.9,0.9676
STN-03,2021-01-20 16:00:00,0.9,206.0,140.0,17.1,46.4,0.9513
STN-03,2021-01-20 17:00:00,1.9,267.0,149.0,16.3,43.2,0.8957
STN-03,2021-01-20 18:00:00,3.2,365.0,167.0,15.1,46.2,0.9285
STN-03,2021-01-20 19:00:00,2.7,273.0,145.0,13.1,49.4,0.9223
STN-03,2021-01-20 20:00:00,2.4,260.0,140.0,13.0,51.2,0.9445
STN-03,2021-01-20 21:00:00,2.3,306.0,150.0,11.3,55.4,0.9555
STN-03,2021-01-20 22:00:00,2.2,,144.0,11.3,62.3,1.0279
STN-03,2021-01-20 23:00:00,2.8,403.0,155.0,10.4,63.9,1.036
STN-03,2021-01-21 00:00:00,2.5,306.0,,9.8,72.3,1.1084
STN-03,2021-01-21 01:00:00,2.0,274.0,118.0,9.9,69.7,1.0807
STN-03,2021-01-21 02:00:00,1.1,183.0,83.0,9.1,69.0,1.062
STN-03,2021-01-21 03:00:00,0.8,194.0,92.0,9.0,71.3,1.0894
STN-03,2021-01-21 04:00:00,0.6,171.0,60.0,9.7,73.0,1.132
STN-03,2021-01-21 05:00:00,1.0,141.0,45.0,9.2,78.5,1.2134
STN-03,2021-01-21 06:00:00,1.4,200.0,62.0,9.0,72.1,1.121
STN-03,2021-01-21 07:00:00,1.5,156.0,68.0,9.3,69.9,1.0832
STN-03,2021-01-21 08:00:00,3.4,416.0,124.0,10.3,68.0,1.1024
STN-03,2021-01-21 09:00:00,2.8,367.0,124.0,12.3,59.6,1.0796
STN-03,2021-01-21 10:00:00,2.4,350.0,155.0,14.4,49.4,1.0401
STN-03,2021-01-21 11:00:00,1.9,368.0,158.0,16.9,44.3,1.0213
STN-03,2021-01-21 12:00:00,1.4,270.0,132.0,17.1,,0.9222
STN-03,2021-01-21 13:00:00,2.1,321.0,125.0,16.6,37.4,0.8904
STN-03,2021-01-21 14:00:00,1.3,197.0,92.0,17.2,35.5,0.8512
STN-03,2021-01-21 15:00:00,0.8,133.0,81.0,17.9,,0.8278
STN-03,2021-01-21 16:00:00,0.7,152.0,86.0,18.6,26.6,0.8248
STN-03,2021-01-21 17:00:00,1.4,163.0,106.0,18.2,27.2,0.8236
STN-03,2021-01-21 18:00:00,2.7,269.0,141.0,15.8,32.5,0.8039
STN-03,2021-01-21 19:00:00,2.6,289.0,153.0,13.1,33.3,0.7758
STN-03,2021-01-21 20:00:00,2.8,366.0,170.0,12.6,43.0,0.8807
STN-03,2021-01-21 21:00:00,2.0,334.0,158.0,10.7,46.4,0.8839
STN-03,2021-01-21 22:00:00,1.9,363.0,174.0,11.0,48.2,0.9364
STN-03,2021-01-21 23:00:00,1.2,304.0,142.0,9.7,55.0,0.939
STN-03,2021-01-22 00:00:00,0.6,313.0,138.0,9.2,,0.8306
STN-03,2021-01-22 01:00:00,1.2,360.0,132.0,8.3,55.4,0.8154
STN-03,2021-01-22 02:00:00,0.9,390.0,129.0,7.6,60.4,0.8219
STN-03,2021-01-22 03:00:00,0.3,342.0,135.0,8.8,63.5,0.9023
STN-03,2021-01-22 04:00:00,0.3,289.0,132.0,7.7,60.1,0.8178
STN-03,2021-01-22 05:00:00,0.3,268.0,126.0,8.3,54.3,0.7537
STN-03,2021-01-22 06:00:00,0.0,225.0,103.0,7.7,55.1,0.7441
STN-03,2021-01-22 07:00:00,0.5,274.0,123.0,9.3,46.1,0.7009
STN-03,2021-01-22 08:00:00,1.9,428.0,155.0,8.6,47.1,0.7202
STN-03,2021-01-22 09:00:00,2.2,423.0,149.0,10.7,41.7,0.7194
STN-03,2021-01-22 10:00:00,2.4,535.0,181.0,13.9,32.7,0.6675
STN-03,2021-01-22 11:00:00,2.7,521.0,187.0,15.5,32.6,0.6691
STN-03,2021-01-22 12:00:00,2.2,506.0,180.0,16.1,32.2,0.6951
STN-03,2021-01-22 13:00:00,2.3,425.0,153.0,14.8,,0.6018
STN-03,2021-01-22 14:00:00,1.3,320.0,141.0,14.0,31.1,0.5632
STN-03,2021-01-22 15:00:00,1.2,326.0,155.0,12.0,29.4,0.4757
STN-03,2021-01-22 16:00:00,1.7,387.0,137.0,14.0,27.1,0.4945
STN-03,2021-01-22 17:00:00,2.0,378.0,142.0,12.6,29.8,0.4998
STN-03,2021-01-22 18:00:00,2.2,260.0,152.0,11.8,29.4,0.4834
STN-03,2021-01-22 19:00:00,2.4,280.0,150.0,11.3,30.7,0.509
STN-03,2021-01-22 20:00:00,1.6,205.0,128.0,9.5,37.4,0.5351
STN-03,2021-01-22 21:00:00,1.0,108.0,97.0,7.1,44.7,0.5639
STN-03,2021-01-22 22:00:00,0.3,76.0,93.0,6.5,54.6,0.6238
STN-03,2021-01-22 23:00:00,0.0,5.0,67.0,5.4,59.5,0.644
STN-03,2021-01-23 00:00:00,0.0,1.0,37.0,4.4,61.7,0.6125
STN-03,2021-01-23 01:00:00,0.0,1.0,43.0,3.6,62.7,0.6106
STN-03,2021-01-23 02:00:00,0.0,1.0,44.0,2.6,63.8,0.5777
STN-03,2021-01-23 03:00:00,0.0,1.0,33.0,1.5,70.8,0.6439
STN-03,2021-01-23 04:00:00,0.0,1.0,39.0,2.0,71.4,0.6549
STN-03,2021-01-23 05:00:00,0.0,42.0,73.0,2.0,73.1,0.6772
STN-03,2021-01-23 06:00:00,0.2,138.0,96.0,1.0,73.8,0.6375
STN-03,2021-01-23 07:00:00,,231.0,110.0,0.7,78.3,0.6582
STN-03,2021-01-23 08:00:00,1.4,264.0,104.0,0.4,76.1,0.654
STN-03,2021-01-23 09:00:00,1.3,267.0,121.0,2.6,71.2,0.6881
STN-03,2021-01-23 10:00:00,0.4,193.0,103.0,6.1,65.5,0.7136
STN-03,2021-01-23 11:00:00,0.0,141.0,108.0,7.5,60.9,0.6822
STN-03,2021-01-23 12:00:00,0.2,203.0,124.0,9.1,53.9,0.6406
STN-03,2021-01-23 13:00:00,0.0,186.0,143.0,8.5,53.1,0.5702
STN-03,2021-01-23 14:00:00,0.0,166.0,136.0,8.8,53.4,0.5705
STN-03,2021-01-23 15:00:00,0.0,181.0,129.0,8.0,55.2,0.5797
STN-03,2021-01-23 16:00:00,0.0,187.0,122.0,7.8,53.2,0.5454
STN-03,2021-01-23 17:00:00,0.6,236.0,131.0,7.1,58.7,0.626
STN-03,2021-01-23 18:00:00,1.2,216.0,132.0,5.5,65.4,0.674
STN-03,2021-01-23 19:00:00,1.7,312.0,144.0,3.7,72.5,0.6906
STN-03,2021-01-23 20:00:00,2.1,310.0,159.0,2.1,73.6,0.6898
STN-03,2021-01-23 21:00:00,1.7,330.0,165.0,0.6,77.0,0.668
STN-03,2021-01-23 22:00:00,1.8,342.0,170.0,1.9,80.4,0.7682
STN-03,2021-01-23 23:00:00,2.0,304.0,172.0,2.0,80.4,0.7364
STN-03,2021-01-24 00:00:00,1.8,281.0,161.0,2.3,80.4,0.7151
STN-03,2021-01-24 01:00:00,1.9,256.0,158.0,2.8,80.4,0.7534
STN-03,2021-01-24 02:00:00,1.3,136.0,109.0,2.7,80.4,0.7559
STN-03,2021-01-24 03:00:00,0.6,88.0,108.0,1.6,80.4,0.7256
STN-03,2021-01-24 04:00:00,1.6,213.0,114.0,0.8,80.4,0.7423
STN-03,2021-01-24 05:00:00,2.1,327.0,126.0,0.4,80.4,0.7566
STN-03,2021-01-24 06:00:00,2.0,345.0,113.0,1.6,80.4,0.7607
STN-03,2021-01-24 07:00:00,2.6,388.0,132.0,2.1,80.2,0.7267
STN-03,2021-01-24 08:00:00,3.2,554.0,158.0,2.3,76.1,0.7088
STN-03,2021-01-24 09:00:00,3.2,527.0,176.0,5.1,69.7,0.7436
STN-03,2021-01-24 10:00:00,1.7,305.0,134.0,8.2,57.4,0.6763
STN-03,2021-01-24 11:00:00,,,124.0,9.6,50.8,0.6576
STN-03,2021-01-24 12:00:00,1.2,263.0,133.0,9.3,49.7,0.5928
STN-03,2021-01-24 13:00:00,1.4,282.0,146.0,,44.8,0.5399
STN-03,2021-01-24 14:00:00,1.6,275.0,156.0,10.1,46.4,0.5625
STN-03,2021-01-24 15:00:00,1.5,280.0,153.0,11.4,42.3,0.5693
STN-03,2021-01-24 16:00:00,0.5,190.0,142.0,11.3,38.1,0.5043
STN-03,2021-01-24 17:00:00,1.2,235.0,153.0,10.9,47.3,0.596
STN-03,2021-01-24 18:00:00,1.7,,161.0,10.2,46.1,0.594
STN-03,2021-01-24 19:00:00,2.8,359.0,157.0,9.7,54.3,0.7013
STN-03,2021-01-24 20:00:00,3.4,431.0,169.0,9.4,62.7,0.8191
STN-03,2021-01-24 21:00:00,2.0,385.0,145.0,9.0,70.5,0.9161
STN-03,2021-01-24 22:00:00,1.1,244.0,114.0,8.1,66.6,0.8675
STN-03,2021-01-24 23:00:00,1.6,280.0,123.0,9.6,62.0,0.841
STN-03,2021-01-25 00:00:00,2.1,370.0,144.0,10.9,60.1,0.867
STN-03,2021-01-25 01:00:00,1.5,358.0,,9.3,59.3,0.823
STN-03,2021-01-25 02:00:00,1.2,311.0,138.0,9.4,59.0,0.8307
STN-03,2021-01-25 03:00:00,1.4,347.0,156.0,9.3,66.4,0.9453
STN-03,2021-01-25 04:00:00,0.7,245.0,107.0,8.8,61.5,0.8937
STN-03,2021-01-25 05:00:00,1.3,250.0,101.0,8.9,61.6,0.9035
STN-03,2021-01-25 06:00:00,0.7,218.0,113.0,8.6,65.5,0.9601
STN-03,2021-01-25 07:00:00,1.7,268.0,138.0,10.0,67.3,1.0062
STN-03,2021-01-25 08:00:00,3.5,525.0,178.0,9.6,71.8,1.0424
STN-03,2021-01-25 09:00:00,4.2,668.0,212.0,12.8,64.8,1.1116
STN-03,2021-01-25 10:00:00,3.4,605.0,220.0,14.0,58.9,1.0702
STN-03,2021-01-25 11:00:00,4.0,655.0,229.0,15.3,59.6,1.0697
STN-03,2021-01-25 12:00:00,4.9,747.0,258.0,16.5,57.5,1.0632
STN-03,2021-01-25 13:00:00,4.0,646.0,225.0,16.6,57.1,1.0076
STN-03,2021-01-25 14:00:00,4.9,703.0,220.0,16.7,63.6,
STN-03,2021-01-25 15:00:00,4.3,689.0,221.0,17.5,64.4,1.1255
STN-03,2021-01-25 16:00:00,4.7,745.0,231.0,17.7,62.7,1.1276
STN-03,2021-01-25 17:00:00,4.1,681.0,232.0,16.8,59.0,1.0842
STN-03,2021-01-25 18:00:00,4.7,,240.0,14.4,62.3,1.0577
STN-03,2021-01-25 19:00:00,4.6,680.0,238.0,12.4,62.1,1.0422
STN-03,2021-01-25 20:00:00,3.9,593.0,196.0,38.60233998378122,63.3,1.0778
STN-03,2021-01-25 21:00:00,3.1,571.0,183.0,10.9,61.9,1.0304
STN-03,2021-01-25 22:00:00,1.7,422.0,145.0,10.6,66.9,1.0595
STN-03,2021-01-25 23:00:00,1.0,,126.0,8.7,67.8,0.9705
STN-03,2021-01-26 00:00:00,0.6,171.0,94.0,8.4,72.6,1.041
STN-03,2021-01-26 01:00:00,0.3,90.0,,8.5,76.1,1.0965
STN-03,2021-01-26 02:00:00,0.0,1.0,59.0,8.1,76.3,1.0934
STN-03,2021-01-26 03:00:00,-2.6601905322449992,48.0,83.0,7.8,80.9,1.1337
STN-03,2021-01-26 04:00:00,0.0,,76.0,7.1,82.7,1.1501
STN-03,2021-01-26 05:00:00,0.0,1.0,51.0,7.1,84.3,1.1577
STN-03,2021-01-26 06:00:00,0.0,1.0,49.0,8.4,86.0,1.201
STN-03,2021-01-26 07:00:00,0.0,69.0,89.0,7.4,86.3,1.1792
STN-03,2021-01-26 08:00:00,0.3,165.0,115.0,7.7,81.1,1.1872
STN-03,2021-01-26 09:00:00,0.2,205.0,112.0,9.2,77.9,1.1773
STN-03,2021-01-26 10:00:00,1.2,312.0,138.0,13.3,65.3,1.1255
STN-03,2021-01-26 11:00:00,0.7,301.0,134.0,14.2,66.3,1.1577
STN-03,2021-01-26 12:00:00,1.6,319.0,127.0,15.7,65.6,1.1423
STN-03,2021-01-26 13:00:00,1.3,240.0,120.0,16.5,67.8,1.1752
STN-03,2021-01-26 14:00:00,1.5,260.0,118.0,15.9,72.2,1.2199
STN-03,2021-01-26 15:00:00,2.3,448.0,152.0,17.4,73.3,1.2726
STN-03,2021-01-26 16:00:00,2.6,493.0,151.0,17.6,71.0,1.2541
STN-03,2021-01-26 17:00:00,2.7,486.0,155.0,17.8,74.1,1.3282
STN-03,2021-01-26 18:00:00,2.5,414.0,144.0,16.4,79.4,1.3985
STN-03,2021-01-26 19:00:00,2.8,435.0,152.0,14.4,77.1,1.3604
STN-03,2021-01-26 20:00:00,2.9,382.0,133.0,13.9,81.2,1.3823
STN-03,2021-01-26 21:00:00,1.5,260.0,115.0,12.3,80.5,1.3367
STN-03,2021-01-26 22:00:00,0.6,181.0,128.0,11.2,82.5,1.3091
STN-03,2021-01-26 23:00:00,0.8,127.0,,10.8,81.1,1.2892
STN-03,2021-01-27 00:00:00,1.2,192.0,109.0,10.5,84.6,1.3052
STN-03,2021-01-27 01:00:00,1.3,261.0,109.0,11.2,81.2,1.2899
STN-03,2021-01-27 02:00:00,0.5,247.0,100.0,9.7,86.1,1.2594
STN-03,2021-01-27 03:00:00,1.1,258.0,108.0,9.9,87.7,1.2943
STN-03,2021-01-27 04:00:00,1.6,280.0,89.0,8.9,84.4,1.2259
STN-03,2021-01-27 05:00:00,1.1,245.0,,8.8,86.0,1.2649
STN-03,2021-01-27 06:00:00,0.2,229.0,101.0,7.1,84.0,1.1969
STN-03,2021-01-27 07:00:00,2.3,501.0,136.0,7.0,86.4,1.2352
STN-03,2021-01-27 08:00:00,2.6,542.0,135.0,9.5,78.4,1.2662
STN-03,2021-01-27 09:00:00,2.9,544.0,165.0,12.9,73.0,1.3235
STN-03,2021-01-27 10:00:00,3.1,538.0,169.0,16.8,68.5,1.3707
STN-03,2021-01-27 11:00:00,3.2,566.0,171.0,18.3,68.9,1.3802
STN-03,2021-01-27 12:00:00,2.2,380.0,132.0,18.5,65.2,1.3544
STN-03,2021-01-27 13:00:00,2.7,442.0,153.0,19.6,60.9,1.3269
STN-03,2021-01-27 14:00:00,1.8,,125.0,19.0,61.4,1.3068
STN-03,2021-01-27 15:00:00,1.9,334.0,130.0,19.2,56.4,1.2487
STN-03,2021-01-27 16:00:00,3.3,546.0,164.0,18.5,64.6,1.2921
STN-03,2021-01-27 17:00:00,2.9,487.0,145.0,17.9,58.0,1.2359
STN-03,2021-01-27 18:00:00,3.8,551.0,182.0,15.6,62.4,1.2551
STN-03,2021-01-27 19:00:00,4.3,531.0,176.0,12.4,72.7,1.2914
STN-03,2021-01-27 20:00:00,4.1,510.0,161.0,10.2,79.0,1.3155
STN-03,2021-01-27 21:00:00,4.2,568.0,166.0,8.8,78.8,
STN-03,2021-01-27 22:00:00,,537.0,163.0,9.8,74.1,1.3173
STN-03,2021-01-27 23:00:00,3.7,558.0,164.0,9.5,73.6,1.3098
STN-03,2021-01-28 00:00:00,4.0,583.0,179.0,9.8,65.0,
STN-03,2021-01-28 01:00:00,3.2,471.0,158.0,11.3,65.6,1.2657
STN-03,2021-01-28 02:00:00,3.3,456.0,138.0,10.8,54.6,1.1125
STN-03,2021-01-28 03:00:00,2.9,533.0,173.0,10.4,53.6,1.0561
STN-03,2021-01-28 04:00:00,,444.0,144.0,9.3,59.4,1.1159
STN-03,2021-01-28 05:00:00,2.9,469.0,148.0,9.7,61.8,1.1608
STN-03,2021-01-28 06:00:00,2.8,520.0,177.0,9.7,63.1,1.163
STN-03,2021-01-28 07:00:00,3.6,623.0,189.0,9.3,66.4,1.1731
STN-03,2021-01-28 08:00:00,4.2,726.0,223.0,8.1,68.6,1.1287
STN-03,2021-01-28 09:00:00,3.9,728.0,233.0,9.9,61.3,1.0836
STN-03,2021-01-28 10:00:00,2.8,614.0,203.0,13.6,56.2,1.1416
STN-03,2021-01-28 11:00:00,2.3,566.0,189.0,16.4,52.2,1.1281
STN-03,2021-01-28 12:00:00,1.4,448.0,156.0,18.2,47.3,1.1366
STN-03,2021-01-28 13:00:00,5.856439713445939,291.0,122.0,18.7,49.0,1.1722
STN-03,2021-01-28 14:00:00,0.1,227.0,101.0,18.4,42.6,1.0918
STN-03,2021-01-28 15:00:00,1.0,316.0,119.0,19.4,41.4,1.1109
STN-03,2021-01-28 16:00:00,2.4,415.0,145.0,19.9,47.7,1.1693
STN-03,2021-01-28 17:00:00,2.8,454.0,160.0,,46.5,0.18616046088942795
STN-03,2021-01-28 18:00:00,2.0,411.0,156.0,16.9,49.6,1.1067
STN-03,2021-01-28 19:00:00,1.5,344.0,,15.0,45.4,1.0296
STN-03,2021-01-28 20:00:00,2.4,420.0,177.0,13.9,52.2,1.0991
STN-03,2021-01-28 21:00:00,1.7,382.0,137.0,12.6,58.0,1.1467
STN-03,2021-01-28 22:00:00,0.9,244.0,117.0,11.4,56.8,1.0863
STN-03,2021-01-28 23:00:00,0.7,276.0,122.0,10.4,58.6,1.0391
STN-03,2021-01-29 00:00:00,0.2,229.0,101.0,9.8,57.9,0.9783
STN-03,2021-01-29 01:00:00,0.0,138.0,77.0,9.5,58.1,0.944
STN-03,2021-01-29 02:00:00,0.0,99.0,61.0,9.4,63.2,1.007
STN-03,2021-01-29 03:00:00,0.0,1.0,55.0,9.1,66.7,1.0016
STN-03,2021-01-29 04:00:00,0.0,9.0,44.0,7.5,66.3,0.9081
STN-03,2021-01-29 05:00:00,0.0,1.0,35.0,7.1,68.3,0.9048
STN-03,2021-01-29 06:00:00,0.0,47.0,68.0,5.2,68.9,0.8415
STN-03,2021-01-29 07:00:00,1.3,170.0,107.0,6.6,66.6,0.8709
STN-03,2021-01-29 08:00:00,2.9,313.0,140.0,9.4,61.5,0.9232
STN-03,2021-01-29 09:00:00,2.1,294.0,,9.8,54.5,0.8623
STN-03,2021-01-29 10:00:00,,337.0,151.0,12.0,48.4,0.845
STN-03,2021-01-29 11:00:00,2.0,314.0,145.0,14.1,39.2,0.7999
STN-03,2021-01-29 12:00:00,1.8,302.0,141.0,14.2,33.7,0.7364
STN-03,2021-01-29 13:00:00,1.5,319.0,144.0,13.6,34.2,0.6982
STN-03,2021-01-29 14:00:00,0.9,269.0,143.0,13.4,27.2,0.5757
STN-03,2021-01-29 15:00:00,1.7,260.0,129.0,16.0,27.0,0.637
STN-03,2021-01-29 16:00:00,2.1,,157.0,15.0,22.9,0.562
STN-03,2021-01-29 17:00:00,3.1,410.0,185.0,14.2,25.5,0.5598
STN-03,2021-01-29 18:00:00,3.4,401.0,175.0,12.9,35.2,0.6134
STN-03,2021-01-29 19:00:00,3.1,289.0,166.0,12.6,33.5,0.645
STN-03,2021-01-29 20:00:00,3.1,267.0,164.0,,36.6,0.6888
STN-03,2021-01-29 21:00:00,1.5,213.0,159.0,10.2,38.9,0.6687
STN-03,2021-01-29 22:00:00,2.2,291.0,176.0,8.5,42.5,0.6426
STN-03,2021-01-29 23:00:00,2.3,308.0,154.0,7.8,46.5,0.6562
STN-03,2021-01-30 00:00:00,1.1,224.0,139.0,5.6,45.6,0.5501
STN-03,2021-01-30 01:00:00,0.0,182.0,131.0,5.5,39.6,0.4758
STN-03,2021-01-30 02:00:00,0.0,118.0,106.0,5.6,40.7,0.4798
STN-03,2021-01-30 03:00:00,0.0,75.0,108.0,4.7,42.3,0.4678
STN-03,2021-01-30 04:00:00,0.0,56.0,87.0,6.4,40.5,0.4816
STN-03,2021-01-30 05:00:00,0.0,31.0,89.0,7.4,43.0,0.5448
STN-03,2021-01-30 06:00:00,0.1,79.0,128.0,6.2,46.0,0.5263
STN-03,2021-01-30 07:00:00,1.1,184.0,129.0,6.1,46.6,0.527
STN-03,2021-01-30 08:00:00,2.4,274.0,150.0,6.5,42.3,0.509
STN-03,2021-01-30 09:00:00,3.1,348.0,150.0,7.7,37.0,0.4765
STN-03,2021-01-30 10:00:00,2.9,326.0,150.0,10.1,33.7,0.5003
STN-03,2021-01-30 11:00:00,3.3,331.0,150.0,12.6,31.3,0.5212
STN-03,2021-01-30 12:00:00,3.2,319.0,150.0,14.0,26.3,0.4833
STN-03,2021-01-30 13:00:00,2.3,303.0,150.0,14.1,27.5,
STN-03,2021-01-30 14:00:00,2.8,369.0,150.0,14.1,27.4,0.421
STN-03,2021-01-30 15:00:00,1.5,245.0,150.0,14.4,24.3,0.3753
STN-03,2021-01-30 16:00:00,1.9,318.0,150.0,13.3,27.6,0.3639
STN-03,2021-01-30 17:00:00,2.8,325.0,171.0,12.1,31.4,0.3596
STN-03,2021-01-30 18:00:00,3.5,434.0,192.0,11.6,37.4,0.4498
STN-03,2021-01-30 19:00:00,4.2,470.0,198.0,10.6,47.1,0.592
STN-03,2021-01-30 20:00:00,3.7,392.0,181.0,8.9,52.7,0.5964
STN-03,2021-01-30 21:00:00,2.2,285.0,139.0,7.9,55.6,
STN-03,2021-01-30 22:00:00,0.8,109.0,99.0,8.1,65.6,0.7072
STN-03,2021-01-30 23:00:00,0.9,120.0,98.0,6.7,69.3,0.6807
STN-03,2021-01-31 00:00:00,0.4,71.0,80.0,6.2,67.7,0.6602
STN-03,2021-01-31 01:00:00,0.0,50.0,68.0,4.5,76.0,0.7042
STN-03,2021-01-31 02:00:00,0.9,77.0,69.0,5.5,75.4,0.7106
STN-03,2021-01-31 03:00:00,0.4,47.0,78.0,5.4,76.6,0.7393
STN-03,2021-01-31 04:00:00,0.0,1.0,57.0,,85.1,0.7832
STN-03,2021-01-31 05:00:00,0.5,35.0,66.0,0.9,85.1,0.7742
STN-03,2021-01-31 06:00:00,0.0,1.0,54.0,-0.3,83.5,0.739
STN-03,2021-01-31 07:00:00,0.3,120.0,74.0,-0.1,86.8,0.7628
STN-03,2021-01-31 08:00:00,1.0,204.0,96.0,1.0,88.0,0.8075
STN-03,2021-01-31 09:00:00,0.8,144.0,95.0,2.2,84.6,0.8318
STN-03,2021-01-31 10:00:00,0.9,241.0,121.0,3.8,81.1,0.7553
STN-03,2021-01-31 11:00:00,1.0,284.0,127.0,4.8,77.5,0.708
STN-03,2021-01-31 12:00:00,,314.0,154.0,7.3,76.5,0.7743
STN-03,2021-01-31 13:00:00,1.8,326.0,143.0,5.7,73.6,0.7108
STN-03,2021-01-31 14:00:00,2.0,307.0,147.0,5.8,71.7,0.6795
STN-03,2021-01-31 15:00:00,2.6,343.0,147.0,6.7,67.8,0.6886
STN-03,2021-01-31 16:00:00,2.6,387.0,147.0,5.7,69.2,0.6661
STN-03,2021-01-31 17:00:00,3.7,505.0,162.0,6.0,69.9,0.6971
STN-03,2021-01-31 18:00:00,4.7,594.0,190.0,5.9,66.5,0.6845
STN-03,2021-01-31 19:00:00,4.0,467.0,180.0,2.3,70.3,0.6604
STN-03,2021-01-31 20:00:00,3.2,384.0,169.0,2.3,66.9,0.6609
STN-03,2021-01-31 21:00:00,1.0,156.0,118.0,0.6,66.4,0.6366
STN-03,2021-01-31 22:00:00,0.9,80.0,93.0,-0.3,69.8,0.6395
STN-03,2021-01-31 23:00:00,0.4,74.0,75.0,-0.3,68.8,0.6196
STN-03,2021-02-01 00:00:00,0.4,132.0,134.0,-3.1,64.9,0.4428
STN-03,2021-02-01 01:00:00,0.9,176.0,148.0,-1.8,62.6,0.4384
STN-03,2021-02-01 02:00:00,1.1,241.0,148.0,-4.1,64.3,0.3805
STN-03,2021-02-01 03:00:00,1.0,150.0,137.0,-2.5,61.2,0.4235
STN-03,2021-02-01 04:00:00,0.8,140.0,117.0,-2.9,60.2,0.4036
STN-03,2021-02-01 05:00:00,0.3,115.0,107.0,-4.1,62.3,0.3826
STN-03,2021-02-01 06:00:00,0.3,85.0,102.0,-4.9,60.3,0.3312
STN-03,2021-02-01 07:00:00,2.0,259.0,127.0,-3.5,61.5,0.3756
STN-03,2021-02-01 08:00:00,,312.0,122.0,-2.3,60.1,0.4262
STN-03,2021-02-01 09:00:00,2.8,339.0,141.0,0.2,57.5,0.4615
STN-03,2021-02-01 10:00:00,2.8,324.0,165.0,2.3,50.2,0.4067
STN-03,2021-02-01 11:00:00,2.9,333.0,156.0,4.1,45.7,0.3738
STN-03,2021-02-01 12:00:00,2.8,350.0,159.0,5.2,46.5,0.3577
STN-03,2021-02-01 13:00:00,2.5,333.0,168.0,4.3,45.4,0.3182
STN-03,2021-02-01 14:00:00,2.8,367.0,196.0,5.1,35.9,0.2331
STN-03,2021-02-01 15:00:00,1.4,217.0,174.0,5.0,33.5,0.1991
STN-03,2021-02-01 16:00:00,2.0,272.0,171.0,4.2,38.8,0.2304
STN-03,2021-02-01 17:00:00,2.8,422.0,208.0,4.7,41.1,0.3074
STN-03,2021-02-01 18:00:00,3.9,425.0,213.0,2.8,48.8,0.3747
STN-03,2021-02-01 19:00:00,4.0,426.0,216.0,1.3,52.0,0.4175
STN-03,2021-02-01 20:00:00,3.4,367.0,207.0,,51.5,0.381
STN-03,2021-02-01 21:00:00,2.7,371.0,202.0,-0.7,51.9,0.3098
STN-03,2021-02-01 22:00:00,1.5,300.0,191.0,-1.2,53.6,0.2839
STN-03,2021-02-01 23:00:00,1.4,251.0,192.0,-1.5,54.9,0.2837
STN-03,2021-02-02 00:00:00,1.1,206.0,190.0,-2.6,54.2,0.2214
STN-03,2021-02-02 01:00:00,0.9,227.0,175.0,-3.0,59.8,0.2496
STN-03,2021-02-02 02:00:00,0.9,227.0,144.0,-3.1,65.6,0.289
STN-03,2021-02-02 03:00:00,0.7,203.0,159.0,-3.8,64.7,0.2201
STN-03,2021-02-02 04:00:00,0.7,239.0,149.0,-4.7,65.6,0.2242
STN-03,2021-02-02 05:00:00,0.6,192.0,155.0,-4.3,64.8,0.2612
STN-03,2021-02-02 06:00:00,0.1,211.0,164.0,-5.2,,0.1425
STN-03,2021-02-02 07:00:00,1.4,300.0,175.0,-4.8,55.9,0.1512
STN-03,2021-02-02 08:00:00,2.6,492.0,210.0,-5.1,59.1,0.198
STN-03,2021-02-02 09:00:00,3.3,581.0,211.0,-2.6,53.3,0.2204
STN-03,2021-02-02 10:00:00,2.0,503.0,195.0,0.0,44.8,0.2358
STN-03,2021-02-02 11:00:00,0.9,374.0,181.0,2.3,38.7,0.1781
STN-03,2021-02-02 12:00:00,,334.0,174.0,2.9,35.1,0.1325
STN-03,2021-02-02 13:00:00,1.5,345.0,166.0,5.3,35.4,0.1991
STN-03,2021-02-02 14:00:00,1.2,247.0,153.0,6.4,32.3,0.1825
STN-03,2021-02-02 15:00:00,1.9,337.0,165.0,6.8,29.0,0.142
STN-03,2021-02-02 16:00:00,2.2,311.0,163.0,7.4,31.1,0.1598
STN-03,2021-02-02 17:00:00,2.4,305.0,177.0,6.6,37.0,0.2033
STN-03,2021-02-02 18:00:00,3.5,385.0,203.0,4.1,37.6,0.1296
STN-03,2021-02-02 19:00:00,3.1,278.0,194.0,3.4,34.7,0.1436
STN-03,2021-02-02 20:00:00,3.8,334.0,207.0,1.5,39.2,0.1386
STN-03,2021-02-02 21:00:00,2.1,,168.0,0.2,42.8,0.1588
STN-03,2021-02-02 22:00:00,1.3,134.0,145.0,-0.3,48.8,0.2023
STN-03,2021-02-02 23:00:00,0.5,53.0,133.0,1.1,39.3,0.1545
STN-03,2021-02-03 00:00:00,1.3,235.0,164.0,1.3,44.8,0.2204
STN-03,2021-02-03 01:00:00,1.5,254.0,170.0,0.3,49.2,0.2586
STN-03,2021-02-03 02:00:00,0.5,126.0,135.0,-0.4,50.1,
STN-03,2021-02-03 03:00:00,0.0,18.0,113.0,-1.1,46.5,0.1632
STN-03,2021-02-03 04:00:00,0.0,34.0,109.0,-0.3,44.7,0.1667
STN-03,2021-02-03 05:00:00,0.0,160.0,126.0,0.0,41.4,0.1291
STN-03,2021-02-03 06:00:00,0.0,242.0,147.0,0.1,43.8,0.1205
STN-03,2021-02-03 07:00:00,1.0,317.0,162.0,0.1,40.0,0.0752
STN-03,2021-02-03 08:00:00,2.1,449.0,207.0,2.3,30.6,0.05
STN-03,2021-02-03 09:00:00,2.3,486.0,216.0,5.3,,0.0905
STN-03,2021-02-03 10:00:00,2.1,466.0,208.0,8.5,23.2,0.137
STN-03,2021-02-03 11:00:00,1.9,427.0,213.0,10.1,18.4,0.1285
STN-03,2021-02-03 12:00:00,2.9,495.0,198.0,10.8,17.8,0.0797
STN-03,2021-02-03 13:00:00,3.2,451.0,195.0,,17.4,0.0698
STN-03,2021-02-03 14:00:00,2.3,309.0,167.0,12.7,9.3,0.0922
STN-03,2021-02-03 15:00:00,1.4,209.0,139.0,14.7,10.5,0.181
STN-03,2021-02-03 16:00:00,1.9,251.0,156.0,14.4,11.0,0.1888
STN-03,2021-02-03 17:00:00,2.8,384.0,166.0,13.4,18.4,0.2592
STN-03,2021-02-03 18:00:00,4.8,594.0,214.0,11.0,26.2,0.2729
STN-03,2021-02-03 19:00:00,5.5,556.0,218.0,9.5,30.8,0.3004
STN-03,2021-02-03 20:00:00,5.2,562.0,223.0,8.5,36.8,0.3801
STN-03,2021-02-03 21:00:00,4.2,516.0,213.0,6.8,44.2,0.4138
STN-03,2021-02-03 22:00:00,4.1,476.0,227.0,6.2,51.1,0.4491
STN-03,2021-02-03 23:00:00,3.4,329.0,180.0,5.8,55.6,0.5168
STN-03,2021-02-04 00:00:00,2.7,232.0,163.0,5.2,55.8,0.4675
STN-03,2021-02-04 01:00:00,2.3,176.0,145.0,4.6,53.0,0.4104
STN-03,2021-02-04 02:00:00,1.5,145.0,141.0,4.2,51.4,0.3809
STN-03,2021-02-04 03:00:00,0.6,80.0,127.0,4.3,51.3,0.3653
STN-03,2021-02-04 04:00:00,,4.0,93.0,4.7,46.7,0.3484
STN-03,2021-02-04 05:00:00,0.6,42.0,99.0,3.7,53.3,
STN-03,2021-02-04 06:00:00,0.6,79.0,102.0,3.9,56.8,0.403
STN-03,2021-02-04 07:00:00,1.4,133.0,128.0,4.5,49.9,0.364
STN-03,2021-02-04 08:00:00,2.4,,164.0,4.9,51.0,0.3673
STN-03,2021-02-04 09:00:00,2.3,220.0,166.0,6.2,49.5,0.3923
STN-03,2021-02-04 10:00:00,2.5,256.0,180.0,9.2,42.5,0.4079
STN-03,2021-02-04 11:00:00,2.5,313.0,203.0,10.8,41.0,0.4015
STN-03,2021-02-04 12:00:00,1.8,228.0,179.0,13.3,32.7,0.3911
STN-03,2021-02-04 13:00:00,1.9,193.0,162.0,15.4,,0.3863
STN-03,2021-02-04 14:00:00,1.4,218.0,162.0,16.2,24.4,0.3455
STN-03,2021-02-04 15:00:00,2.2,374.0,177.0,17.3,21.6,0.3526
STN-03,2021-02-04 16:00:00,2.2,327.0,162.0,18.8,25.7,0.4665
STN-03,2021-02-04 17:00:00,3.2,391.0,189.0,17.6,27.4,0.4773
STN-03,2021-02-04 18:00:00,3.3,340.0,184.0,16.7,28.2,0.4607
STN-03,2021-02-04 19:00:00,3.4,279.0,185.0,15.2,27.0,0.3915
STN-03,2021-02-04 20:00:00,3.7,271.0,174.0,14.8,27.6,0.4013
STN-03,2021-02-04 21:00:00,2.5,121.0,137.0,14.9,30.7,0.4782
STN-03,2021-02-04 22:00:00,1.9,39.0,120.0,15.4,30.2,0.4972
STN-03,2021-02-04 23:00:00,1.8,16.0,106.0,15.0,28.6,0.4425
STN-03,2021-02-05 00:00:00,1.4,30.0,110.0,13.4,35.2,0.4697
STN-03,2021-02-05 01:00:00,1.0,51.0,106.0,11.7,40.7,0.4727
STN-03,2021-02-05 02:00:00,1.3,129.0,116.0,11.0,40.9,0.4817
STN-03,2021-02-05 03:00:00,0.5,44.0,115.0,10.6,36.0,0.4235
STN-03,2021-02-05 04:00:00,1.0,136.0,119.0,9.2,42.8,0.4569
STN-03,2021-02-05 05:00:00,1.0,145.0,118.0,8.1,44.2,0.4317
STN-03,2021-02-05 06:00:00,1.4,169.0,127.0,8.9,46.6,0.4442
STN-03,2021-02-05 07:00:00,1.7,188.0,149.0,9.1,44.6,0.4071
STN-03,2021-02-05 08:00:00,3.5,471.0,210.0,9.5,48.0,0.44
STN-03,2021-02-05 09:00:00,4.1,531.0,226.0,12.7,46.5,0.536
STN-03,2021-02-05 10:00:00,3.3,483.0,226.0,15.3,36.8,0.5106
STN-03,2021-02-05 11:00:00,2.9,436.0,218.0,15.6,31.8,
STN-03,2021-02-05 12:00:00,3.5,463.0,225.0,17.3,25.8,0.479
STN-03,2021-02-05 13:00:00,3.9,417.0,228.0,17.6,24.0,
STN-03,2021-02-05 14:00:00,3.0,289.0,198.0,17.1,23.4,0.4975
STN-03,2021-02-05 15:00:00,3.8,327.0,195.0,18.0,22.3,0.5093
STN-03,2021-02-05 16:00:00,3.0,312.0,195.0,18.1,22.3,0.5136
STN-03,2021-02-05 17:00:00,3.6,358.0,213.0,18.1,23.5,0.5307
STN-03,2021-02-05 18:00:00,3.2,278.0,191.0,16.4,27.6,0.5689
STN-03,2021-02-05 19:00:00,3.0,215.0,178.0,14.9,34.6,0.6037
STN-03,2021-02-05 20:00:00,3.4,,200.0,13.2,42.2,0.621
STN-03,2021-02-05 21:00:00,,360.0,213.0,11.5,46.5,0.6063
STN-03,2021-02-05 22:00:00,2.5,270.0,189.0,10.8,50.9,0.6209
STN-03,2021-02-05 23:00:00,2.6,241.0,192.0,9.3,51.5,0.5813
STN-03,2021-02-06 00:00:00,2.7,258.0,175.0,9.1,44.0,0.552
STN-03,2021-02-06 01:00:00,1.5,193.0,181.0,7.8,39.8,
STN-03,2021-02-06 02:00:00,0.8,202.0,154.0,7.0,39.6,0.4705
STN-03,2021-02-06 03:00:00,0.7,219.0,162.0,6.9,44.5,0.5167
STN-03,2021-02-06 04:00:00,1.0,180.0,145.0,6.5,43.2,0.4749
STN-03,2021-02-06 05:00:00,1.5,213.0,146.0,6.4,33.0,0.3336
STN-03,2021-02-06 06:00:00,1.5,219.0,159.0,5.8,38.5,0.3487
STN-03,2021-02-06 07:00:00,1.8,326.0,186.0,6.5,35.5,0.3357
STN-03,2021-02-06 08:00:00,3.1,476.0,206.0,8.0,,0.3673
STN-03,2021-02-06 09:00:00,2.9,524.0,221.0,10.1,28.6,0.3674
STN-03,2021-02-06 10:00:00,2.9,543.0,239.0,10.9,23.9,0.3728
STN-03,2021-02-06 11:00:00,2.2,407.0,204.0,12.9,23.3,0.4192
STN-03,2021-02-06 12:00:00,2.2,314.0,187.0,14.2,12.6,0.3213
STN-03,2021-02-06 13:00:00,1.6,296.0,185.0,15.1,14.6,0.3349
STN-03,2021-02-06 14:00:00,1.1,234.0,178.0,16.4,10.0,0.3404
STN-03,2021-02-06 15:00:00,0.6,171.0,168.0,16.6,5.0,0.3087
STN-03,2021-02-06 16:00:00,1.1,280.0,164.0,17.6,5.0,0.3074
STN-03,2021-02-06 17:00:00,1.0,210.0,148.0,16.1,5.0,0.2754
STN-03,2021-02-06 18:00:00,1.3,233.0,149.0,14.0,7.5,0.2771
STN-03,2021-02-06 19:00:00,0.9,197.0,135.0,12.3,15.0,0.2972
STN-03,2021-02-06 20:00:00,1.3,260.0,155.0,11.3,16.8,0.2861
STN-03,2021-02-06 21:00:00,0.0,156.0,135.0,9.4,18.6,0.2605
STN-03,2021-02-06 22:00:00,0.0,44.0,83.0,7.9,24.7,0.2999
STN-03,2021-02-06 23:00:00,0.1,165.0,108.0,7.7,28.0,0.3248
STN-03,2021-02-07 00:00:00,0.0,1.0,99.0,7.8,26.5,0.3077
STN-03,2021-02-07 01:00:00,0.5,39.0,106.0,5.9,29.2,0.2788
STN-03,2021-02-07 02:00:00,0.2,16.0,96.0,6.6,29.3,0.3121
STN-03,2021-02-07 03:00:00,1.1,74.0,104.0,6.3,33.7,0.3371
STN-03,2021-02-07 04:00:00,0.0,1.0,77.0,5.3,32.8,0.2662
STN-03,2021-02-07 05:00:00,1.3,117.0,96.0,4.8,36.0,0.2828
STN-03,2021-02-07 06:00:00,1.0,167.0,104.0,5.3,34.9,0.2615
STN-03,2021-02-07 07:00:00,1.8,248.0,132.0,4.4,38.6,0.2729
STN-03,2021-02-07 08:00:00,2.7,419.0,175.0,5.3,39.3,0.3035
STN-03,2021-02-07 09:00:00,2.7,369.0,176.0,6.7,35.7,0.2906
STN-03,2021-02-07 10:00:00,2.5,380.0,176.0,9.0,24.9,0.2584
STN-03,2021-02-07 11:00:00,3.0,374.0,160.0,12.4,20.3,0.2862
STN-03,2021-02-07 12:00:00,2.8,328.0,152.0,12.8,19.4,0.2593
STN-03,2021-02-07 13:00:00,2.6,197.0,123.0,11.4,25.7,0.253
STN-03,2021-02-07 14:00:00,2.8,266.0,122.0,12.1,26.1,0.2643
STN-03,2021-02-07 15:00:00,2.3,347.0,145.0,12.5,24.0,0.2401
STN-03,2021-02-07 16:00:00,2.6,385.0,152.0,,18.6,0.1464
STN-03,2021-02-07 17:00:00,,398.0,165.0,11.5,19.2,0.1506
STN-03,2021-02-07 18:00:00,2.9,384.0,170.0,10.6,23.8,0.1961
STN-03,2021-02-07 19:00:00,2.9,332.0,153.0,9.3,28.1,0.2296
STN-03,2021-02-07 20:00:00,2.5,260.0,149.0,8.5,35.7,0.2804
STN-03,2021-02-07 21:00:00,1.9,238.0,144.0,7.6,44.1,0.3252
STN-03,2021-02-07 22:00:00,0.3,139.0,128.0,6.2,45.4,0.29
STN-03,2021-02-07 23:00:00,0.3,176.0,140.0,4.9,52.9,0.3757
STN-03,2021-02-08 00:00:00,0.5,130.0,122.0,4.3,53.0,0.3558
STN-03,2021-02-08 01:00:00,0.0,35.0,,4.6,48.1,0.3242
STN-03,2021-02-08 02:00:00,0.0,17.0,120.0,3.2,49.3,0.2734
STN-03,2021-02-08 03:00:00,0.0,21.0,103.0,2.1,52.8,0.2647
STN-03,2021-02-08 04:00:00,0.0,6.0,73.0,-0.6,56.0,0.2104
STN-03,2021-02-08 05:00:00,0.1,151.0,100.0,-0.5,56.2,0.2094
STN-03,2021-02-08 06:00:00,0.0,177.0,114.0,-0.9,57.4,0.2275
STN-03,2021-02-08 07:00:00,1.4,323.0,139.0,,57.9,0.3191
STN-03,2021-02-08 08:00:00,2.5,416.0,168.0,1.5,58.8,0.3356
STN-03,2021-02-08 09:00:00,2.9,351.0,174.0,3.4,51.4,0.3206
STN-03,2021-02-08 10:00:00,2.9,428.0,211.0,4.8,46.6,0.2741
STN-03,2021-02-08 11:00:00,2.6,442.0,194.0,5.2,39.6,0.1807
STN-03,2021-02-08 12:00:00,1.6,320.0,168.0,6.9,34.0,0.1437
STN-03,2021-02-08 13:00:00,2.3,352.0,172.0,8.1,33.8,0.1849
STN-03,2021-02-08 14:00:00,2.9,406.0,190.0,9.4,35.1,0.1992
STN-03,2021-02-08 15:00:00,2.8,399.0,178.0,10.3,37.1,0.2279
STN-03,2021-02-08 16:00:00,2.9,389.0,182.0,11.0,45.5,0.4013
STN-03,2021-02-08 17:00:00,3.6,502.0,180.0,10.1,53.0,0.5145
STN-03,2021-02-08 18:00:00,4.8,577.0,206.0,9.3,52.0,0.4883
STN-03,2021-02-08 19:00:00,3.7,425.0,205.0,7.4,55.6,0.4893
STN-03,2021-02-08 20:00:00,,479.0,217.0,6.5,57.2,0.5023
STN-03,2021-02-08 21:00:00,3.8,442.0,228.0,5.7,62.7,0.5874
STN-03,2021-02-08 22:00:00,2.8,281.0,199.0,7.5,64.9,0.6754
STN-03,2021-02-08 23:00:00,1.9,98.0,165.0,6.8,61.7,0.6304
STN-03,2021-02-09 00:00:00,1.6,92.0,155.0,5.2,65.2,0.6399
STN-03,2021-02-09 01:00:00,0.3,1.0,141.0,4.8,,0.6392
STN-03,2021-02-09 02:00:00,1.1,1.0,139.0,5.0,60.5,0.6312
STN-03,2021-02-09 03:00:00,0.0,1.0,126.0,3.2,61.9,0.5423
STN-03,2021-02-09 04:00:00,0.1,1.0,,3.6,60.1,0.5165
STN-03,2021-02-09 05:00:00,0.4,131.0,132.0,3.6,62.3,0.5325
STN-03,2021-02-09 06:00:00,0.0,110.0,135.0,3.0,,0.4653
STN-03,2021-02-09 07:00:00,1.0,256.0,167.0,2.2,63.8,0.4925
STN-03,2021-02-09 08:00:00,1.9,376.0,191.0,2.5,60.4,0.4863
STN-03,2021-02-09 09:00:00,1.5,350.0,184.0,3.8,,0.4848
STN-03,2021-02-09 10:00:00,0.8,350.0,,5.5,48.3,0.4419
STN-03,2021-02-09 11:00:00,1.0,403.0,198.0,7.7,39.4,0.4139
STN-03,2021-02-09 12:00:00,1.4,444.0,,9.6,39.3,0.4551
STN-03,2021-02-09 13:00:00,1.5,457.0,199.0,8.6,35.3,0.3462
STN-03,2021-02-09 14:00:00,1.0,339.0,169.0,8.9,33.8,0.3146
STN-03,2021-02-09 15:00:00,0.9,263.0,162.0,8.0,31.7,0.2748
STN-03,2021-02-09 16:00:00,1.3,240.0,165.0,8.8,33.8,0.3025
STN-03,2021-02-09 17:00:00,1.3,255.0,149.0,7.9,35.1,0.2905
STN-03,2021-02-09 18:00:00,2.4,381.0,184.0,8.1,45.0,0.4177
STN-03,2021-02-09 19:00:00,1.6,276.0,,6.2,43.9,0.3547
STN-03,2021-02-09 20:00:00,1.2,241.0,149.0,4.5,42.2,0.3006
STN-03,2021-02-09 21:00:00,0.7,257.0,139.0,4.4,44.1,0.3508
STN-03,2021-02-09 22:00:00,0.8,199.0,114.0,3.9,50.9,0.469
STN-03,2021-02-09 23:00:00,0.6,134.0,103.0,3.8,52.4,0.4675
STN-03,2021-02-10 00:00:00,0.6,77.0,88.0,3.3,60.5,0.541
STN-03,2021-02-10 01:00:00,0.6,103.0,89.0,,66.7,0.5428
STN-03,2021-02-10 02:00:00,0.0,1.0,64.0,1.4,70.0,0.5866
STN-03,2021-02-10 03:00:00,0.0,15.0,88.0,1.8,73.4,0.6452
STN-03,2021-02-10 04:00:00,0.0,1.0,61.0,1.9,71.2,0.6334
STN-03,2021-02-10 05:00:00,0.0,,76.0,2.1,66.0,0.5761
STN-03,2021-02-10 06:00:00,0.0,1.0,79.0,1.8,65.7,0.5635
STN-03,2021-02-10 07:00:00,0.0,6.0,108.0,2.8,58.0,0.5144
STN-03,2021-02-10 08:00:00,0.8,217.0,132.0,5.4,50.4,0.5303
STN-03,2021-02-10 09:00:00,1.6,350.0,159.0,6.3,45.3,0.5021
STN-03,2021-02-10 10:00:00,1.6,347.0,172.0,10.4,32.9,0.4687
STN-03,2021-02-10 11:00:00,,266.0,162.0,13.4,25.2,0.4633
STN-03,2021-02-10 12:00:00,1.2,292.0,150.0,13.8,22.1,0.4282
STN-03,2021-02-10 13:00:00,1.4,309.0,163.0,14.9,24.0,0.458
STN-03,2021-02-10 14:00:00,0.9,190.0,139.0,16.4,20.3,0.47
STN-03,2021-02-10 15:00:00,1.9,218.0,152.0,17.0,22.5,0.521
STN-03,2021-02-10 16:00:00,2.6,354.0,188.0,17.1,22.3,0.5371
STN-03,2021-02-10 17:00:00,2.9,409.0,203.0,16.2,21.7,0.4899
STN-03,2021-02-10 18:00:00,2.8,456.0,,13.0,26.8,0.446
STN-03,2021-02-10 19:00:00,3.0,469.0,,11.1,33.1,0.4677
STN-03,2021-02-10 20:00:00,2.1,401.0,,10.0,36.1,0.4745
STN-03,2021-02-10 21:00:00,0.7,,187.0,7.9,36.9,0.4226
STN-03,2021-02-10 22:00:00,0.9,241.0,194.0,7.6,35.6,0.4107
STN-03,2021-02-10 23:00:00,0.7,228.0,190.0,8.1,37.6,0.4171
STN-03,2021-02-11 00:00:00,0.0,175.0,184.0,7.2,39.7,0.4136
STN-03,2021-02-11 01:00:00,0.0,158.0,167.0,6.7,41.6,0.3859
STN-03,2021-02-11 02:00:00,0.0,112.0,-1.029667900988409,4.8,44.0,0.3349
STN-03,2021-02-11 03:00:00,0.0,91.0,154.0,3.2,48.7,0.3416
STN-03,2021-02-11 04:00:00,0.0,198.0,157.0,4.6,46.9,0.3354
STN-03,2021-02-11 05:00:00,0.0,134.0,172.0,4.4,48.0,0.3649
STN-03,2021-02-11 06:00:00,0.5,236.0,189.0,2.6,53.1,0.3277
STN-03,2021-02-11 07:00:00,1.8,361.0,203.0,1.4,58.2,0.3124
STN-03,2021-02-11 08:00:00,3.2,503.0,251.0,2.1,52.6,0.2882
STN-03,2021-02-11 09:00:00,2.8,491.0,263.0,3.4,43.7,0.2212
STN-03,2021-02-11 10:00:00,3.3,507.0,283.0,6.1,38.2,0.2475
STN-03,2021-02-11 11:00:00,2.3,457.0,255.0,7.3,33.0,0.1905
STN-03,2021-02-11 12:00:00,1.8,406.0,240.0,,28.1,0.2273
STN-03,2021-02-11 13:00:00,1.9,,211.0,10.7,29.3,0.2708
STN-03,2021-02-11 14:00:00,1.5,359.0,186.0,9.5,30.0,0.2274
STN-03,2021-02-11 15:00:00,0.8,310.0,178.0,9.6,32.8,0.2559
STN-03,2021-02-11 16:00:00,1.9,438.0,200.0,10.0,33.6,0.2548
STN-03,2021-02-11 17:00:00,2.8,508.0,216.0,7.8,35.8,0.2372
STN-03,2021-02-11 18:00:00,4.0,622.0,246.0,6.8,38.8,0.2468
STN-03,2021-02-11 19:00:00,4.1,635.0,255.0,6.1,38.5,0.2687
STN-03,2021-02-11 20:00:00,3.5,592.0,248.0,5.5,40.3,0.2493
STN-03,2021-02-11 21:00:00,2.5,439.0,218.0,6.1,40.7,0.302
STN-03,2021-02-11 22:00:00,2.7,531.0,231.0,5.0,48.1,0.389
STN-03,2021-02-11 23:00:00,2.9,516.0,230.0,3.5,,0.3274
STN-03,2021-02-12 00:00:00,2.2,509.0,218.0,3.0,44.3,0.274
STN-03,2021-02-12 01:00:00,0.2,308.0,166.0,2.5,41.9,0.2268
STN-03,2021-02-12 02:00:00,0.8,377.0,159.0,2.7,,0.3358
STN-03,2021-02-12 03:00:00,0.7,337.0,168.0,0.6,53.1,0.3409
STN-03,2021-02-12 04:00:00,1.2,329.0,160.0,0.5,55.9,0.3653
STN-03,2021-02-12 05:00:00,0.2,253.0,145.0,1.1,52.5,0.3634
STN-03,2021-02-12 06:00:00,0.0,179.0,132.0,1.3,53.7,0.3835
STN-03,2021-02-12 07:00:00,1.0,314.0,164.0,1.6,50.5,
STN-03,2021-02-12 08:00:00,1.4,368.0,171.0,1.1,50.8,0.3529
STN-03,2021-02-12 09:00:00,2.3,397.0,193.0,3.5,43.8,0.3336
STN-03,2021-02-12 10:00:00,,400.0,191.0,4.5,42.7,0.3567
STN-03,2021-02-12 11:00:00,1.1,330.0,183.0,6.4,35.8,0.3232
STN-03,2021-02-12 12:00:00,1.1,265.0,167.0,6.5,35.4,0.3051
STN-03,2021-02-12 13:00:00,1.9,280.0,166.0,7.7,35.1,0.3069
STN-03,2021-02-12 14:00:00,1.7,260.0,160.0,8.5,36.1,0.3289
STN-03,2021-02-12 15:00:00,1.7,277.0,146.0,10.8,31.4,0.3524
STN-03,2021-02-12 16:00:00,1.6,302.0,139.0,11.5,,0.4159
STN-03,2021-02-12 17:00:00,2.6,313.0,158.0,11.3,40.6,0.4806
STN-03,2021-02-12 18:00:00,2.1,299.0,183.0,8.8,41.0,0.4171
STN-03,2021-02-12 19:00:00,2.9,332.0,187.0,7.0,48.6,0.4945
STN-03,2021-02-12 20:00:00,2.5,317.0,189.0,6.4,50.1,0.5001
STN-03,2021-02-12 21:00:00,1.3,201.0,175.0,4.4,50.8,0.4391
STN-03,2021-02-12 22:00:00,1.6,172.0,,3.6,52.4,0.4302
STN-03,2021-02-12 23:00:00,1.1,131.0,142.0,1.6,55.8,0.4188
STN-03,2021-02-13 00:00:00,1.1,143.0,137.0,1.5,63.0,0.4738
STN-03,2021-02-13 01:00:00,0.7,146.0,116.0,-0.6,,0.4097
STN-03,2021-02-13 02:00:00,0.3,88.0,103.0,-0.0,71.8,0.493
STN-03,2021-02-13 03:00:00,0.0,43.0,102.0,0.6,62.2,0.377
STN-03,2021-02-13 04:00:00,0.1,94.0,105.0,0.6,68.6,0.446
STN-03,2021-02-13 05:00:00,0.2,93.0,123.0,0.8,70.1,0.483
STN-03,2021-02-13 06:00:00,0.6,208.0,142.0,0.8,73.4,0.5284
STN-03,2021-02-13 07:00:00,2.1,332.0,178.0,0.2,71.5,0.4857
STN-03,2021-02-13 08:00:00,3.7,491.0,208.0,1.1,70.4,0.5361
STN-03,2021-02-13 09:00:00,3.7,498.0,218.0,3.1,66.7,0.6003
STN-03,2021-02-13 10:00:00,3.4,485.0,218.0,5.4,63.9,0.6126
STN-03,2021-02-13 11:00:00,2.4,366.0,207.0,7.3,52.7,0.5592
STN-03,2021-02-13 12:00:00,2.4,310.0,190.0,9.5,44.2,0.5323
STN-03,2021-02-13 13:00:00,2.7,232.0,177.0,10.6,40.5,
STN-03,2021-02-13 14:00:00,2.5,146.0,163.0,11.1,36.8,0.5269
STN-03,2021-02-13 15:00:00,2.8,204.0,187.0,12.1,29.3,0.4624
STN-03,2021-02-13 16:00:00,2.9,268.0,199.0,12.3,32.4,0.5127
STN-03,2021-02-13 17:00:00,2.7,268.0,212.0,10.9,32.6,0.4699
STN-03,2021-02-13 18:00:00,2.1,286.0,216.0,7.1,43.2,0.4724
STN-03,2021-02-13 19:00:00,3.0,270.0,218.0,5.1,50.6,0.5332
STN-03,2021-02-13 20:00:00,2.1,205.0,192.0,4.9,58.0,0.6284
STN-03,2021-02-13 21:00:00,,56.0,151.0,5.0,55.4,0.5987
STN-03,2021-02-13 22:00:00,1.2,114.0,147.0,6.3,,0.7586
STN-03,2021-02-13 23:00:00,0.4,1.0,102.0,5.7,67.3,0.7769
STN-03,2021-02-14 00:00:00,0.7,1.0,139.0,5.0,69.1,0.7769
STN-03,2021-02-14 01:00:00,0.0,1.0,111.0,4.1,71.8,0.7565
STN-03,2021-02-14 02:00:00,0.0,1.0,94.59998948088727,3.7,73.2,0.7378
STN-03,2021-02-14 03:00:00,0.0,1.0,144.56836618219123,2.2,,0.7358
STN-03,2021-02-14 04:00:00,0.0,1.0,-22.88760263737879,2.8,68.1,0.6476
STN-03,2021-02-14 05:00:00,0.0,1.0,40.09346905790229,2.5,74.6,0.6956
STN-03,2021-02-14 06:00:00,0.0,1.0,185.22201434603502,3.3,74.2,0.7287
STN-03,2021-02-14 07:00:00,0.0,56.0,102.0,4.6,82.0,0.9049
STN-03,2021-02-14 08:00:00,0.3,185.0,142.0,5.9,70.6,0.8181
STN-03,2021-02-14 09:00:00,1.3,246.0,153.0,,63.2,0.8276
STN-03,2021-02-14 10:00:00,0.1,130.0,154.0,9.7,49.1,0.7237
STN-03,2021-02-14 11:00:00,0.0,98.0,150.0,10.5,43.4,0.6428
STN-03,2021-02-14 12:00:00,0.0,83.0,135.0,13.5,42.4,0.6946
STN-03,2021-02-14 13:00:00,0.3,100.0,160.0,13.6,39.1,0.6396
STN-03,2021-02-14 14:00:00,0.3,175.0,169.0,14.5,35.9,0.6033
STN-03,2021-02-14 15:00:00,1.4,260.0,191.0,14.5,39.0,0.6699
STN-03,2021-02-14 16:00:00,1.7,309.0,193.0,14.2,,0.6427
STN-03,2021-02-14 17:00:00,0.8,243.0,176.0,12.8,36.8,0.6371
STN-03,2021-02-14 18:00:00,1.2,301.0,202.0,10.7,40.5,0.6207
STN-03,2021-02-14 19:00:00,2.6,421.0,233.0,8.7,40.3,0.5901
STN-03,2021-02-14 20:00:00,2.4,353.0,219.0,7.4,44.6,0.6175
STN-03,2021-02-14 21:00:00,2.3,381.0,206.0,6.7,37.9,0.5528
STN-03,2021-02-14 22:00:00,2.5,325.0,187.0,5.4,39.6,0.5687
STN-03,2021-02-14 23:00:00,2.1,259.0,171.0,7.0,35.3,0.5624
STN-03,2021-02-15 00:00:00,1.5,243.0,171.0,5.5,38.7,0.538
STN-03,2021-02-15 01:00:00,1.5,215.0,183.0,2.9,40.9,0.4702
STN-03,2021-02-15 02:00:00,1.4,267.0,185.0,2.4,44.4,0.458
STN-03,2021-02-15 03:00:00,0.6,114.0,182.0,2.0,43.6,0.3801
STN-03,2021-02-15 04:00:00,0.3,21.0,165.0,1.6,46.4,0.4013
STN-03,2021-02-15 05:00:00,0.2,137.0,168.0,1.8,48.9,0.4125
STN-03,2021-02-15 06:00:00,0.6,209.0,175.0,2.6,45.6,0.3981
STN-03,2021-02-15 07:00:00,2.0,421.0,214.0,3.4,44.1,0.4045
STN-03,2021-02-15 08:00:00,3.1,497.0,251.0,5.1,38.8,0.4256
STN-03,2021-02-15 09:00:00,2.9,435.0,245.0,7.0,42.1,0.4883
STN-03,2021-02-15 10:00:00,2.5,313.0,235.0,11.3,38.7,
STN-03,2021-02-15 11:00:00,2.1,277.0,231.0,12.9,31.3,0.5298
STN-03,2021-02-15 12:00:00,2.2,320.0,,13.2,28.0,0.4651
STN-03,2021-02-15 13:00:00,1.9,306.0,240.0,12.2,28.7,0.4622
STN-03,2021-02-15 14:00:00,1.5,269.0,222.0,11.6,30.1,0.4393
STN-03,2021-02-15 15:00:00,1.9,291.0,230.0,13.0,31.7,0.5202
STN-03,2021-02-15 16:00:00,1.5,310.0,226.0,11.5,95.17541944049522,0.5092
STN-03,2021-02-15 17:00:00,3.1,432.0,248.0,11.6,58.67705870700814,0.5801
STN-03,2021-02-15 18:00:00,3.9,502.0,260.0,10.2,12.199813806873689,0.5592
STN-03,2021-02-15 19:00:00,4.4,579.0,280.0,8.6,12.076246826047733,0.576
STN-03,2021-02-15 20:00:00,4.4,648.0,304.0,6.4,38.7,0.5346
STN-03,2021-02-15 21:00:00,3.3,550.0,276.0,5.9,41.4,0.5544
STN-03,2021-02-15 22:00:00,2.3,438.0,252.0,4.1,44.1,0.5438
STN-03,2021-02-15 23:00:00,3.0,446.0,239.0,4.4,48.3,0.5865
STN-03,2021-02-16 00:00:00,3.1,474.0,241.0,4.8,46.6,0.6114
STN-03,2021-02-16 01:00:00,1.9,316.0,204.0,4.4,41.0,0.5414
STN-03,2021-02-16 02:00:00,1.8,367.0,182.0,1.9,45.1,0.5042
STN-03,2021-02-16 03:00:00,0.8,262.0,171.0,1.0,45.1,0.4771
STN-03,2021-02-16 04:00:00,0.7,215.0,148.0,0.7,50.8,0.4943
STN-03,2021-02-16 05:00:00,1.0,208.0,142.0,-0.4,55.1,0.4993
STN-03,2021-02-16 06:00:00,1.6,357.0,,-0.1,53.2,0.5235
STN-03,2021-02-16 07:00:00,3.0,467.0,200.0,0.8,51.8,0.5546
STN-03,2021-02-16 08:00:00,3.7,551.0,222.0,3.0,47.7,0.5689
STN-03,2021-02-16 09:00:00,4.4,619.0,239.0,5.7,49.3,0.5689
STN-03,2021-02-16 10:00:00,2.7,472.0,204.0,6.9,42.2,0.5689
STN-03,2021-02-16 11:00:00,2.8,438.0,211.0,8.6,37.4,0.5689
STN-03,2021-02-16 12:00:00,1.8,304.0,192.0,9.6,33.8,0.5689
STN-03,2021-02-16 13:00:00,2.8,393.0,218.0,10.3,33.6,0.5689
STN-03,2021-02-16 14:00:00,2.5,344.0,220.0,9.8,,0.4552
STN-03,2021-02-16 15:00:00,2.6,353.0,246.0,11.0,31.3,0.4613
STN-03,2021-02-16 16:00:00,3.6,470.0,266.0,11.0,33.4,0.4699
STN-03,2021-02-16 17:00:00,3.0,385.0,257.0,9.3,33.8,0.4393
STN-03,2021-02-16 18:00:00,3.3,477.0,266.0,7.1,39.6,0.4387
STN-03,2021-02-16 19:00:00,3.2,432.0,267.0,7.3,36.7,0.4215
STN-03,2021-02-16 20:00:00,2.9,350.0,234.0,5.6,39.5,0.4027
STN-03,2021-02-16 21:00:00,2.0,296.0,213.0,6.3,40.5,0.4793
STN-03,2021-02-16 22:00:00,0.3,88.0,165.0,4.6,39.8,0.4054
STN-03,2021-02-16 23:00:00,0.6,173.0,155.0,4.5,40.5,0.409
STN-03,2021-02-17 00:00:00,0.0,32.0,120.0,4.4,47.6,0.4475
STN-03,2021-02-17 01:00:00,0.0,1.0,91.0,5.1,47.5,0.4684
STN-03,2021-02-17 02:00:00,,26.0,92.0,4.1,51.1,0.4885
STN-03,2021-02-17 03:00:00,0.0,16.0,101.0,4.6,49.0,0.4373
STN-03,2021-02-17 04:00:00,0.0,1.0,94.0,3.6,48.6,0.396
STN-03,2021-02-17 05:00:00,0.0,139.0,121.0,2.3,48.2,0.3589
STN-03,2021-02-17 06:00:00,0.0,181.0,106.0,0.4,51.7,0.3303
STN-03,2021-02-17 07:00:00,1.8,502.0,180.0,1.9,50.3,0.3615
STN-03,2021-02-17 08:00:00,1.2,448.0,189.0,3.0,45.4,0.3388
STN-03,2021-02-17 09:00:00,2.7,578.0,237.0,5.4,38.0,0.3623
STN-03,2021-02-17 10:00:00,1.6,473.0,235.0,6.0,31.0,0.2594
STN-03,2021-02-17 11:00:00,1.5,411.0,217.0,7.3,29.4,0.297
STN-03,2021-02-17 12:00:00,0.9,303.0,196.0,8.8,30.0,0.329
STN-03,2021-02-17 13:00:00,0.9,307.0,193.0,8.8,33.1,0.3525
STN-03,2021-02-17 14:00:00,1.0,360.0,209.0,8.5,35.8,0.3318
STN-03,2021-02-17 15:00:00,1.4,336.0,215.0,6.3,35.3,0.2446
STN-03,2021-02-17 16:00:00,1.3,270.0,206.0,6.0,37.8,0.2557
STN-03,2021-02-17 17:00:00,2.3,275.0,219.0,7.3,33.8,0.3194
STN-03,2021-02-17 18:00:00,3.3,427.0,236.0,,33.2,0.3053
STN-03,2021-02-17 19:00:00,2.7,425.0,220.0,3.6,43.7,0.3311
STN-03,2021-02-17 20:00:00,2.5,441.0,195.0,2.9,49.4,0.425
STN-03,2021-02-17 21:00:00,0.9,347.0,165.0,1.9,55.4,0.4713
STN-03,2021-02-17 22:00:00,0.6,288.0,130.0,1.9,57.7,0.4904
STN-03,2021-02-17 23:00:00,0.9,302.0,130.0,1.6,55.8,0.4905
STN-03,2021-02-18 00:00:00,0.5,292.0,138.0,1.0,58.2,0.5349
STN-03,2021-02-18 01:00:00,0.0,169.0,122.0,0.5,60.6,0.5601
STN-03,2021-02-18 02:00:00,0.0,107.0,105.0,0.5,61.1,0.5378
STN-03,2021-02-18 03:00:00,0.0,8.0,89.0,-2.2,61.6,0.4632
STN-03,2021-02-18 04:00:00,0.0,1.0,74.0,-2.0,57.5,0.3999
STN-03,2021-02-18 05:00:00,0.0,116.0,103.0,-1.0,62.8,0.5112
STN-03,2021-02-18 06:00:00,0.0,149.0,97.0,-1.0,64.7,
STN-03,2021-02-18 07:00:00,1.0,330.0,135.0,-0.6,64.7,0.5191
STN-03,2021-02-18 08:00:00,2.4,440.0,169.0,2.2,60.6,0.5889
STN-03,2021-02-18 09:00:00,2.1,421.0,173.0,3.1,59.8,0.5744
STN-03,2021-02-18 10:00:00,1.2,396.0,176.0,6.3,53.3,0.6348
STN-03,2021-02-18 11:00:00,0.3,243.0,154.0,6.7,48.2,0.6065
STN-03,2021-02-18 12:00:00,0.4,224.0,145.0,7.6,46.8,0.5998
STN-03,2021-02-18 13:00:00,0.6,262.0,158.0,7.9,45.1,0.5449
STN-03,2021-02-18 14:00:00,0.0,161.0,141.0,9.2,46.3,0.5736
STN-03,2021-02-18 15:00:00,0.2,171.0,140.0,9.8,46.8,0.5849
STN-03,2021-02-18 16:00:00,0.4,254.0,148.0,10.2,41.9,0.5227
STN-03,2021-02-18 17:00:00,0.0,194.0,131.0,8.2,49.5,0.5709
STN-03,2021-02-18 18:00:00,1.0,299.0,161.0,7.6,47.0,0.5433
STN-03,2021-02-18 19:00:00,1.3,280.0,161.0,5.5,51.5,0.5522
STN-03,2021-02-18 20:00:00,0.9,669.7759671957274,150.0,4.4,54.1,0.5669
STN-03,2021-02-18 21:00:00,0.6,672.0802055201533,140.0,4.6,54.1,0.6004
STN-03,2021-02-18 22:00:00,1.3,503.6844914530092,179.0,4.0,61.8,0.7009
STN-03,2021-02-18 23:00:00,,266.8094873234218,183.0,4.9,61.4,0.7012
STN-03,2021-02-19 00:00:00,2.8,447.0,210.0,5.3,62.2,0.6787
STN-03,2021-02-19 01:00:00,1.3,324.0,192.0,5.4,55.1,0.6114
STN-03,2021-02-19 02:00:00,1.0,363.0,202.0,4.2,62.6,0.6523
STN-03,2021-02-19 03:00:00,0.1,285.0,190.0,3.3,61.5,0.597
STN-03,2021-02-19 04:00:00,0.0,202.0,163.0,2.6,64.3,0.5952
STN-03,2021-02-19 05:00:00,0.0,53.0,145.0,3.9,60.8,0.6296
STN-03,2021-02-19 06:00:00,0.0,61.0,131.0,4.1,63.8,0.6815
STN-03,2021-02-19 07:00:00,0.0,125.0,141.0,3.6,60.7,0.6148
STN-03,2021-02-19 08:00:00,1.0,275.0,172.0,4.4,53.1,0.5332
STN-03,2021-02-19 09:00:00,1.0,228.0,161.0,5.5,44.6,0.4717
STN-03,2021-02-19 10:00:00,0.6,194.0,169.0,7.3,32.5,0.3701
STN-03,2021-02-19 11:00:00,0.0,158.0,153.0,8.9,23.9,0.2863
STN-03,2021-02-19 12:00:00,0.0,110.0,137.0,8.8,21.3,0.2313
STN-03,2021-02-19 13:00:00,0.0,25.0,110.0,8.6,20.2,0.1895
STN-03,2021-02-19 14:00:00,0.0,,,9.7,19.4,0.2089
STN-03,2021-02-19 15:00:00,0.0,117.0,125.0,9.6,29.7,0.3021
STN-03,2021-02-19 16:00:00,0.0,33.0,100.0,10.1,29.7,
STN-03,2021-02-19 17:00:00,0.0,69.0,115.0,8.5,32.0,0.3086
STN-03,2021-02-19 18:00:00,0.3,100.0,118.0,7.0,38.1,0.3779
STN-03,2021-02-19 19:00:00,1.1,177.0,136.0,7.8,36.4,0.3886
STN-03,2021-02-19 20:00:00,1.2,165.0,141.0,6.4,34.6,0.2914
STN-03,2021-02-19 21:00:00,0.7,127.0,139.0,5.8,,0.316
STN-03,2021-02-19 22:00:00,0.2,59.0,109.0,3.8,45.9,0.3466
STN-03,2021-02-19 23:00:00,0.6,33.0,86.0,4.9,54.8,0.4835
STN-03,2021-02-20 00:00:00,0.7,9.0,86.0,4.6,56.0,0.5068
STN-03,2021-02-20 01:00:00,0.7,26.0,82.0,3.9,60.8,0.5548
STN-03,2021-02-20 02:00:00,1.6,183.0,107.0,4.0,66.1,0.6306
STN-03,2021-02-20 03:00:00,0.5,120.0,102.0,5.3,64.3,0.6688
STN-03,2021-02-20 04:00:00,1.0,194.0,112.0,4.5,66.5,0.6573
STN-03,2021-02-20 05:00:00,1.1,275.0,147.0,4.5,68.6,0.6673
STN-03,2021-02-20 06:00:00,1.4,298.0,169.0,4.9,69.5,0.711
STN-03,2021-02-20 07:00:00,2.0,412.0,195.0,3.8,67.3,0.6624
STN-03,2021-02-20 08:00:00,3.3,574.0,,4.5,67.1,0.6938
STN-03,2021-02-20 09:00:00,3.0,575.0,244.0,5.7,63.3,0.672
STN-03,2021-02-20 10:00:00,2.3,469.0,232.0,6.1,52.0,0.5513
STN-03,2021-02-20 11:00:00,2.5,449.0,238.0,8.3,47.9,0.5694
STN-03,2021-02-20 12:00:00,2.4,484.0,239.0,9.3,47.6,0.5893
STN-03,2021-02-20 13:00:00,2.6,473.0,240.0,10.7,40.8,0.5443
STN-03,2021-02-20 14:00:00,1.7,277.0,228.0,11.1,36.9,0.4962
STN-03,2021-02-20 15:00:00,2.0,331.0,229.0,10.6,34.9,0.45
STN-03,2021-02-20 16:00:00,2.2,333.0,227.0,10.2,40.7,0.5159
STN-03,2021-02-20 17:00:00,2.8,348.0,238.0,9.9,45.4,0.5705
STN-03,2021-02-20 18:00:00,2.6,279.0,225.0,9.3,46.8,0.608
STN-03,2021-02-20 19:00:00,2.7,257.0,215.0,8.9,48.5,0.642
STN-03,2021-02-20 20:00:00,3.0,245.0,210.0,9.4,53.4,0.7147
STN-03,2021-02-20 21:00:00,2.0,212.0,207.0,11.0,56.4,0.8198
STN-03,2021-02-20 22:00:00,0.4,66.0,180.0,10.9,52.9,0.8118
STN-03,2021-02-20 23:00:00,0.7,85.0,167.0,10.2,57.7,0.866
STN-03,2021-02-21 00:00:00,1.5,179.0,173.0,9.5,63.9,0.9367
STN-03,2021-02-21 01:00:00,0.6,135.0,138.0,9.9,65.9,0.9754
STN-03,2021-02-21 02:00:00,0.0,85.0,125.0,8.3,67.3,0.9418
STN-03,2021-02-21 03:00:00,0.0,114.0,136.0,9.7,62.8,0.929
STN-03,2021-02-21 04:00:00,0.3,165.0,122.0,10.8,65.1,1.0086
STN-03,2021-02-21 05:00:00,0.5,204.0,117.0,11.3,63.7,0.9953
STN-03,2021-02-21 06:00:00,0.9,230.0,138.0,11.0,61.6,0.9368
STN-03,2021-02-21 07:00:00,2.2,423.0,180.0,11.1,61.3,0.9018
STN-03,2021-02-21 08:00:00,3.7,596.0,214.0,11.4,56.2,0.8775
STN-03,2021-02-21 09:00:00,2.1,462.0,199.0,13.0,49.2,0.8824
STN-03,2021-02-21 10:00:00,2.3,468.0,,16.0,39.7,0.878
STN-03,2021-02-21 11:00:00,2.3,397.0,219.0,17.2,32.8,0.8148
STN-03,2021-02-21 12:00:00,2.0,283.0,206.0,19.4,34.1,0.8859
STN-03,2021-02-21 13:00:00,1.9,245.0,187.0,19.5,32.1,0.8903
STN-03,2021-02-21 14:00:00,1.7,277.0,169.0,18.0,34.8,0.9009
STN-03,2021-02-21 15:00:00,1.0,197.0,142.0,19.0,32.7,0.9098
STN-03,2021-02-21 16:00:00,0.9,234.0,,20.2,27.2,0.8978
STN-03,2021-02-21 17:00:00,2.2,355.0,177.0,20.1,25.9,0.8858
STN-03,2021-02-21 18:00:00,2.9,477.0,185.0,16.8,30.5,0.8298
STN-03,2021-02-21 19:00:00,3.1,442.0,202.0,16.7,32.4,0.8346
STN-03,2021-02-21 20:00:00,3.0,448.0,207.0,15.1,34.9,0.8165
STN-03,2021-02-21 21:00:00,2.0,404.0,200.0,13.6,37.1,0.7905
STN-03,2021-02-21 22:00:00,0.2,209.0,142.0,13.6,38.1,0.8207
STN-03,2021-02-21 23:00:00,1.1,212.0,145.0,12.4,42.7,0.854
STN-03,2021-02-22 00:00:00,0.9,176.0,158.0,12.3,44.0,0.8523
STN-03,2021-02-22 01:00:00,0.0,52.0,124.0,12.1,43.9,0.8332
STN-03,2021-02-22 02:00:00,0.0,54.0,109.0,11.5,48.7,0.8531
STN-03,2021-02-22 03:00:00,0.0,64.0,122.0,8.0,51.2,0.7348
STN-03,2021-02-22 04:00:00,0.0,8.0,106.0,8.2,59.1,0.8381
STN-03,2021-02-22 05:00:00,0.0,1.0,95.0,7.8,58.8,0.8129
STN-03,2021-02-22 06:00:00,0.0,2.0,115.0,6.4,65.9,0.8776
STN-03,2021-02-22 07:00:00,0.0,1.0,127.0,7.9,62.5,0.8709
STN-03,2021-02-22 08:00:00,0.1,54.0,158.0,9.6,57.3,
STN-03,2021-02-22 09:00:00,0.9,115.0,175.0,10.6,56.1,0.9131
STN-03,2021-02-22 10:00:00,0.0,46.0,142.0,10.0,52.9,0.8664
STN-03,2021-02-22 11:00:00,0.0,85.0,153.0,10.4,47.4,0.7386
STN-03,2021-02-22 12:00:00,0.0,44.0,138.0,11.1,48.6,0.7541
STN-03,2021-02-22 13:00:00,0.0,1.0,142.0,11.2,48.0,0.7053
STN-03,2021-02-22 14:00:00,0.4,51.0,159.0,11.5,45.0,0.6661
STN-03,2021-02-22 15:00:00,0.6,70.0,167.0,12.2,43.8,0.6678
STN-03,2021-02-22 16:00:00,0.7,81.0,166.0,12.6,42.5,0.6301
STN-03,2021-02-22 17:00:00,0.8,,186.0,11.1,38.1,0.5221
STN-03,2021-02-22 18:00:00,1.8,127.0,212.0,10.0,39.7,0.5092
STN-03,2021-02-22 19:00:00,1.6,165.0,205.0,7.1,43.3,0.4826
STN-03,2021-02-22 20:00:00,2.1,258.0,213.0,6.2,45.8,0.4787
STN-03,2021-02-22 21:00:00,1.8,214.0,191.0,,46.5,0.4667
STN-03,2021-02-22 22:00:00,1.3,211.0,172.0,5.8,46.9,0.4743
STN-03,2021-02-22 23:00:00,1.9,260.0,181.0,6.5,48.5,0.5431
STN-03,2021-02-23 00:00:00,0.8,251.0,177.0,6.1,,0.5431
STN-03,2021-02-23 01:00:00,1.5,301.0,178.0,5.2,47.8,0.5218
STN-03,2021-02-23 02:00:00,0.0,190.0,141.0,4.2,43.6,0.45
STN-03,2021-02-23 03:00:00,0.0,138.0,124.0,4.4,41.6,0.413
STN-03,2021-02-23 04:00:00,,155.0,99.0,5.3,43.8,0.4326
STN-03,2021-02-23 05:00:00,0.0,111.0,89.0,4.5,46.1,0.4096
STN-03,2021-02-23 06:00:00,0.0,106.0,92.0,3.9,47.9,0.3749
STN-03,2021-02-23 07:00:00,0.0,209.0,125.0,3.8,46.7,0.3621
STN-03,2021-02-23 08:00:00,0.9,321.0,,5.3,51.0,0.49
STN-03,2021-02-23 09:00:00,1.4,327.0,144.0,7.9,47.3,0.5699
STN-03,2021-02-23 10:00:00,0.2,288.0,145.0,9.5,42.2,0.5321
STN-03,2021-02-23 11:00:00,0.1,242.0,129.0,10.5,40.2,0.5268
STN-03,2021-02-23 12:00:00,0.0,197.0,149.0,11.2,35.2,0.4783
STN-03,2021-02-23 13:00:00,0.4,236.0,146.0,11.3,40.6,0.5237
STN-03,2021-02-23 14:00:00,0.0,144.0,142.0,9.6,41.4,0.4423
STN-03,2021-02-23 15:00:00,0.0,190.0,153.0,9.5,37.3,0.4291
STN-03,2021-02-23 16:00:00,0.2,136.0,160.0,7.8,36.2,0.3602
STN-03,2021-02-23 17:00:00,0.6,175.0,165.0,7.5,39.8,0.4252
STN-03,2021-02-23 18:00:00,1.0,226.0,194.0,6.3,37.3,0.3892
STN-03,2021-02-23 19:00:00,1.2,146.0,183.0,5.7,36.7,0.4306
STN-03,2021-02-23 20:00:00,,291.0,213.0,5.6,34.3,0.3792
STN-03,2021-02-23 21:00:00,0.8,255.0,212.0,4.6,36.8,0.3886
STN-03,2021-02-23 22:00:00,0.2,236.0,195.0,4.7,33.4,0.3349
STN-03,2021-02-23 23:00:00,1.3,325.0,198.0,5.1,41.3,0.4936
STN-03,2021-02-24 00:00:00,1.1,386.0,210.0,4.6,44.4,0.5199
STN-03,2021-02-24 01:00:00,0.8,324.0,204.0,5.4,46.1,0.5871
STN-03,2021-02-24 02:00:00,0.6,286.0,203.0,5.3,40.1,0.4693
STN-03,2021-02-24 03:00:00,0.0,,198.0,4.3,47.1,0.4778
STN-03,2021-02-24 04:00:00,0.0,316.0,172.0,3.8,53.2,0.5132
STN-03,2021-02-24 05:00:00,1.0,465.0,199.0,4.1,59.8,0.5519
STN-03,2021-02-24 06:00:00,0.7,504.0,229.0,4.8,59.6,0.5645
STN-03,2021-02-24 07:00:00,0.6,517.0,225.0,4.4,62.2,0.6088
STN-03,2021-02-24 08:00:00,2.1,638.0,240.0,4.6,59.0,0.5926
STN-03,2021-02-24 09:00:00,2.0,687.0,246.0,5.0,58.4,0.5685
STN-03,2021-02-24 10:00:00,1.8,668.0,251.0,7.4,48.3,0.5418
STN-03,2021-02-24 11:00:00,0.9,590.0,229.0,9.6,47.8,0.6314
STN-03,2021-02-24 12:00:00,2.1,630.0,250.0,11.5,44.1,0.6373
STN-03,2021-02-24 13:00:00,2.0,601.0,225.0,11.4,37.1,0.5486
STN-03,2021-02-24 14:00:00,1.3,499.0,205.0,12.7,36.2,0.6064
STN-03,2021-02-24 15:00:00,0.9,450.0,205.0,12.2,36.5,0.5667
STN-03,2021-02-24 16:00:00,2.2,513.0,228.0,13.3,36.0,0.5903
STN-03,2021-02-24 17:00:00,2.0,540.0,216.0,12.7,42.0,0.6612
STN-03,2021-02-24 18:00:00,2.2,528.0,236.0,11.3,42.4,
STN-03,2021-02-24 19:00:00,3.2,601.0,251.0,9.5,49.1,0.6623
STN-03,2021-02-24 20:00:00,4.1,647.0,261.0,8.8,47.0,0.6537
STN-03,2021-02-24 21:00:00,2.5,405.0,233.0,8.6,49.0,0.6796
STN-03,2021-02-24 22:00:00,1.8,366.0,230.0,7.0,51.4,0.6714
STN-03,2021-02-24 23:00:00,2.4,351.0,237.0,5.8,57.5,0.6877
STN-03,2021-02-25 00:00:00,3.5,479.0,241.0,7.1,56.5,0.7281
STN-03,2021-02-25 01:00:00,4.0,570.0,250.0,7.8,61.2,0.8101
STN-03,2021-02-25 02:00:00,3.4,482.0,222.0,5.3,67.7,0.8188
STN-03,2021-02-25 03:00:00,3.1,497.0,225.0,5.8,62.6,0.779
STN-03,2021-02-25 04:00:00,1.9,460.0,192.0,3.2,70.7,0.7735
STN-03,2021-02-25 05:00:00,1.3,424.0,175.0,2.5,72.4,0.7694
STN-03,2021-02-25 06:00:00,2.4,531.0,210.0,2.7,71.8,0.7924
STN-03,2021-02-25 07:00:00,2.6,535.0,235.0,2.7,72.9,0.8292
STN-03,2021-02-25 08:00:00,3.9,741.0,259.0,4.9,66.8,0.8261
STN-03,2021-02-25 09:00:00,3.7,,257.0,7.0,62.4,0.8618
STN-03,2021-02-25 10:00:00,3.3,610.0,237.0,9.3,48.8,0.7654
STN-03,2021-02-25 11:00:00,2.7,551.0,228.0,10.8,43.7,0.7105
STN-03,2021-02-25 12:00:00,3.2,576.0,230.0,11.7,47.0,0.7792
STN-03,2021-02-25 13:00:00,3.2,615.0,232.0,12.8,43.9,0.7598
STN-03,2021-02-25 14:00:00,3.1,597.0,231.0,11.9,42.2,0.6957
STN-03,2021-02-25 15:00:00,3.0,565.0,222.0,13.6,39.3,0.7346
STN-03,2021-02-25 16:00:00,3.9,657.0,244.0,13.1,47.8,0.7944
STN-03,2021-02-25 17:00:00,4.1,645.0,246.0,12.2,46.2,0.7872
STN-03,2021-02-25 18:00:00,4.3,585.0,245.0,10.7,45.2,0.7618
STN-03,2021-02-25 19:00:00,4.6,552.0,237.0,9.8,50.2,0.8107
STN-03,2021-02-25 20:00:00,4.3,591.0,240.0,8.6,54.5,0.8196
STN-03,2021-02-25 21:00:00,3.3,502.0,226.0,6.5,56.3,0.7913
STN-03,2021-02-25 22:00:00,2.4,442.0,211.0,5.4,56.2,0.7454
STN-03,2021-02-25 23:00:00,2.4,395.0,188.0,5.4,56.1,0.7599
STN-03,2021-02-26 00:00:00,2.3,382.0,174.0,5.9,57.1,0.7413
STN-03,2021-02-26 01:00:00,2.1,322.0,158.0,6.9,61.5,0.8542
STN-03,2021-02-26 02:00:00,2.0,313.0,150.0,7.2,64.5,0.8904
STN-03,2021-02-26 03:00:00,1.8,,131.0,6.8,75.0,0.9991
STN-03,2021-02-26 04:00:00,1.2,255.0,105.0,6.5,72.4,0.9574
STN-03,2021-02-26 05:00:00,1.9,261.0,110.0,,73.4,0.9694
STN-03,2021-02-26 06:00:00,1.7,234.0,108.0,6.6,77.3,0.9944
STN-03,2021-02-26 07:00:00,1.6,237.0,105.0,7.8,77.9,1.0659
STN-03,2021-02-26 08:00:00,1.7,314.0,,10.3,71.8,1.1007
STN-03,2021-02-26 09:00:00,2.4,395.0,184.0,12.4,67.1,1.1181
STN-03,2021-02-26 10:00:00,1.9,419.0,178.0,13.8,63.5,1.1388
STN-03,2021-02-26 11:00:00,2.3,447.0,180.0,,57.5,1.1371
STN-03,2021-02-26 12:00:00,1.1,243.0,136.0,16.7,48.4,1.0449
STN-03,2021-02-26 13:00:00,0.0,190.0,130.0,15.7,44.1,0.9156
STN-03,2021-02-26 14:00:00,0.0,143.0,109.0,16.3,36.4,
STN-03,2021-02-26 15:00:00,0.3,173.0,103.0,17.9,36.0,0.8666
STN-03,2021-02-26 16:00:00,0.8,173.0,141.0,18.4,29.6,0.797
STN-03,2021-02-26 17:00:00,1.6,250.0,175.0,16.2,,0.6513
STN-03,2021-02-26 18:00:00,2.3,361.0,201.0,17.0,25.2,0.7133
STN-03,2021-02-26 19:00:00,2.9,365.0,202.0,15.3,32.5,
STN-03,2021-02-26 20:00:00,2.9,383.0,203.0,14.1,34.2,0.7584
STN-03,2021-02-26 21:00:00,2.2,320.0,196.0,12.8,38.8,0.7927
STN-03,2021-02-26 22:00:00,1.8,302.0,178.0,11.2,44.7,0.786
STN-03,2021-02-26 23:00:00,1.0,205.0,131.0,10.6,51.8,0.8669
STN-03,2021-02-27 00:00:00,0.7,189.0,137.0,10.1,58.2,0.9207
STN-03,2021-02-27 01:00:00,0.1,129.0,117.0,10.3,66.6,1.0186
STN-03,2021-02-27 02:00:00,0.0,133.0,129.0,8.7,71.3,1.0019
STN-03,2021-02-27 03:00:00,0.0,100.0,126.0,8.1,75.9,1.0529
STN-03,2021-02-27 04:00:00,0.7,146.0,127.0,7.6,73.4,0.5760218167095308
STN-03,2021-02-27 05:00:00,1.3,243.0,143.0,8.1,75.4,2.2349018785449837
STN-03,2021-02-27 06:00:00,2.0,369.0,171.0,7.0,73.4,0.9601
STN-03,2021-02-27 07:00:00,2.8,367.0,189.0,8.5,76.9,1.065
STN-03,2021-02-27 08:00:00,4.3,479.0,219.0,10.4,66.6,1.0576
STN-03,2021-02-27 09:00:00,3.6,433.0,202.0,11.0,65.7,1.0495
STN-03,2021-02-27 10:00:00,3.1,418.0,206.0,13.0,55.7,0.961
STN-03,2021-02-27 11:00:00,2.5,380.0,204.0,14.3,47.7,0.854
STN-03,2021-02-27 12:00:00,1.9,335.0,205.0,14.6,45.3,0.8437
STN-03,2021-02-27 13:00:00,2.4,377.0,207.0,14.7,43.7,0.8289
STN-03,2021-02-27 14:00:00,2.3,379.0,196.0,13.9,48.2,0.8466
STN-03,2021-02-27 15:00:00,3.4,448.0,195.0,16.3,49.4,0.9228
STN-03,2021-02-27 16:00:00,3.9,542.0,226.0,16.1,47.9,0.8933
STN-03,2021-02-27 17:00:00,3.9,558.0,236.0,14.9,48.2,0.8497
STN-03,2021-02-27 18:00:00,4.8,636.0,274.0,13.5,54.0,0.8925
STN-03,2021-02-27 19:00:00,4.8,662.0,276.0,10.0,59.8,0.8871
STN-03,2021-02-27 20:00:00,5.1,731.0,287.0,9.2,71.4,1.0053
STN-03,2021-02-27 21:00:00,3.8,649.0,267.0,8.5,73.6,1.0145
STN-03,2021-02-27 22:00:00,3.0,558.0,241.0,7.7,73.1,0.9872
STN-03,2021-02-27 23:00:00,1.9,461.0,,7.4,71.3,0.949
STN-03,2021-02-28 00:00:00,1.9,464.0,214.0,,73.5,0.9227
STN-03,2021-02-28 01:00:00,1.5,403.0,205.0,5.7,68.4,0.8959
STN-03,2021-02-28 02:00:00,1.2,320.0,,4.5,72.5,0.9317
STN-03,2021-02-28 03:00:00,1.5,356.0,196.0,5.5,67.7,0.9044
STN-03,2021-02-28 04:00:00,1.6,329.0,174.0,,60.0,0.8677
STN-03,2021-02-28 05:00:00,1.3,358.0,188.0,4.5,62.9,0.8269
STN-03,2021-02-28 06:00:00,1.8,443.0,194.0,3.3,68.1,0.8335
STN-03,2021-02-28 07:00:00,3.2,522.0,222.0,4.2,66.4,0.8269
STN-03,2021-02-28 08:00:00,3.7,623.0,247.0,4.7,67.0,0.8776
STN-03,2021-02-28 09:00:00,4.7,753.0,254.0,5.2,69.8,0.9242
STN-03,2021-02-28 10:00:00,3.8,752.0,262.0,7.4,60.8,0.8642
STN-03,2021-02-28 11:00:00,2.1,,246.0,8.3,49.7,0.7254
STN-03,2021-02-28 12:00:00,2.5,501.0,246.0,8.8,47.0,0.6913
STN-03,2021-02-28 13:00:00,0.8,462.0,234.0,9.4,46.1,0.672
STN-03,2021-02-28 14:00:00,0.0,385.0,227.0,8.6,50.6,0.6706
STN-03,2021-02-28 15:00:00,0.0,383.0,220.0,9.0,47.0,0.6392
STN-03,2021-02-28 16:00:00,0.0,312.0,210.0,9.1,46.5,0.6141
STN-03,2021-02-28 17:00:00,0.7,,228.0,7.5,53.3,0.6821
STN-03,2021-02-28 18:00:00,1.2,474.0,240.0,6.3,54.5,0.7272
STN-03,2021-02-28 19:00:00,1.5,525.0,234.0,4.7,59.8,0.7707
STN-03,2021-02-28 20:00:00,1.2,441.0,202.0,3.3,69.0,0.8586
STN-03,2021-02-28 21:00:00,,368.0,202.0,3.1,68.6,0.8187
STN-03,2021-02-28 22:00:00,0.0,299.0,179.0,2.3,70.4,0.8294
STN-03,2021-02-28 23:00:00,0.0,243.0,166.0,1.5,73.8,0.8659
STN-03,2021-03-01 00:00:00,0.0,84.0,121.0,8.9,71.6,1.1088
STN-03,2021-03-01 01:00:00,0.0,65.0,112.0,8.9,74.0,1.1776
STN-03,2021-03-01 02:00:00,0.0,41.0,105.0,7.3,71.6,1.113
STN-03,2021-03-01 03:00:00,0.0,87.0,113.0,7.3,75.1,1.139
STN-03,2021-03-01 04:00:00,0.0,45.0,84.0,5.2,78.4,1.0546
STN-03,2021-03-01 05:00:00,0.0,28.0,75.0,4.0,78.2,1.0282
STN-03,2021-03-01 06:00:00,0.0,1.0,80.0,4.5,70.6,0.9674
STN-03,2021-03-01 07:00:00,0.0,54.0,80.0,4.5,70.0,0.9734
STN-03,2021-03-01 08:00:00,0.0,173.0,110.0,6.1,68.3,0.9906
STN-03,2021-03-01 09:00:00,0.0,137.0,105.0,6.2,66.8,0.982
STN-03,2021-03-01 10:00:00,0.0,237.0,138.0,9.6,53.9,0.9116
STN-03,2021-03-01 11:00:00,0.0,221.0,132.0,10.0,59.6,0.9513
STN-03,2021-03-01 12:00:00,0.0,142.0,110.0,11.4,59.2,0.9812
STN-03,2021-03-01 13:00:00,0.0,,128.0,11.1,61.7,0.9847
STN-03,2021-03-01 14:00:00,0.0,232.0,123.0,12.0,62.0,1.0066
STN-03,2021-03-01 15:00:00,0.0,230.0,135.0,12.4,59.7,1.0227
STN-03,2021-03-01 16:00:00,1.3,297.0,155.0,12.8,,1.0325
STN-03,2021-03-01 17:00:00,2.5,400.0,189.0,12.7,57.9,1.031
STN-03,2021-03-01 18:00:00,3.4,377.0,197.0,12.1,59.0,1.0227
STN-03,2021-03-01 19:00:00,4.3,508.0,208.0,12.3,63.6,1.0907
STN-03,2021-03-01 20:00:00,3.2,456.0,186.0,11.3,67.2,1.1273
STN-03,2021-03-01 21:00:00,1.7,349.0,,12.0,63.9,1.1502
STN-03,2021-03-01 22:00:00,,225.0,163.0,10.3,59.3,1.0537
STN-03,2021-03-01 23:00:00,0.2,75.0,114.0,10.1,55.0,0.9862
STN-03,2021-03-02 00:00:00,0.0,1.0,90.0,9.1,59.0,0.9868
STN-03,2021-03-02 01:00:00,0.0,22.0,76.0,8.8,62.7,1.0095
STN-03,2021-03-02 02:00:00,0.0,1.0,69.0,8.6,57.9,0.9786
STN-03,2021-03-02 03:00:00,0.0,10.0,67.0,7.7,55.9,0.9152
STN-03,2021-03-02 04:00:00,0.0,132.0,76.0,9.1,57.2,
STN-03,2021-03-02 05:00:00,,44.0,72.0,8.4,58.3,0.9557
STN-03,2021-03-02 06:00:00,0.0,81.0,88.0,6.7,63.9,0.9389
STN-03,2021-03-02 07:00:00,0.9,310.0,127.0,8.3,60.5,0.9337
STN-03,2021-03-02 08:00:00,2.5,489.0,165.0,10.9,57.6,1.0018
STN-03,2021-03-02 09:00:00,2.3,395.0,168.0,11.8,49.2,0.9388
STN-03,2021-03-02 10:00:00,1.3,385.0,155.0,15.0,39.2,0.9192
STN-03,2021-03-02 11:00:00,0.6,357.0,147.0,18.1,34.5,0.9249
STN-03,2021-03-02 12:00:00,0.8,271.0,136.0,18.7,40.0,0.9792
STN-03,2021-03-02 13:00:00,1.6,261.0,135.0,19.6,37.4,0.9688
STN-03,2021-03-02 14:00:00,1.1,211.0,136.0,19.9,35.4,0.9352
STN-03,2021-03-02 15:00:00,0.8,,145.0,20.8,32.2,0.937
STN-03,2021-03-02 16:00:00,11.642482828011913,339.0,159.0,20.6,33.1,0.9359
STN-03,2021-03-02 17:00:00,2.5,323.0,,20.6,37.5,0.9716
STN-03,2021-03-02 18:00:00,2.2,245.0,156.0,18.3,43.3,1.0074
STN-03,2021-03-02 19:00:00,1.9,211.0,158.0,15.6,43.5,0.9844
STN-03,2021-03-02 20:00:00,1.3,217.0,145.0,15.0,51.0,1.0575
STN-03,2021-03-02 21:00:00,0.0,130.0,123.0,14.0,44.4,0.965
STN-03,2021-03-02 22:00:00,,8.0,78.0,14.5,47.2,0.9941
STN-03,2021-03-02 23:00:00,0.0,1.0,,12.4,46.3,0.8903
STN-03,2021-03-03 00:00:00,0.0,41.0,52.0,10.6,51.2,0.8767
STN-03,2021-03-03 01:00:00,0.0,168.0,82.0,10.3,59.0,
STN-03,2021-03-03 02:00:00,0.0,270.0,94.0,10.2,54.6,0.868
STN-03,2021-03-03 03:00:00,0.0,273.0,106.0,10.3,53.2,0.8607
STN-03,2021-03-03 04:00:00,,305.0,100.0,8.7,49.4,0.7589
STN-03,2021-03-03 05:00:00,0.0,284.0,92.0,8.2,45.6,0.6791
STN-03,2021-03-03 06:00:00,0.4,277.0,96.0,7.9,45.5,0.6553
STN-03,2021-03-03 07:00:00,1.7,416.0,119.0,9.2,45.3,0.6845
STN-03,2021-03-03 08:00:00,3.5,588.0,164.0,10.1,45.3,0.7513
STN-03,2021-03-03 09:00:00,4.1,545.0,174.0,12.3,34.7,0.7302
STN-03,2021-03-03 10:00:00,3.9,598.0,196.0,15.0,26.1,0.7002
STN-03,2021-03-03 11:00:00,4.0,539.0,208.0,17.2,24.0,0.707
STN-03,2021-03-03 12:00:00,3.4,481.0,195.0,16.9,28.6,0.7142
STN-03,2021-03-03 13:00:00,3.4,470.0,177.0,18.9,30.9,0.7874
STN-03,2021-03-03 14:00:00,,371.0,165.0,18.3,27.1,0.722
STN-03,2021-03-03 15:00:00,2.4,303.0,158.0,18.3,24.5,0.6952
STN-03,2021-03-03 16:00:00,3.1,414.0,175.0,18.0,33.4,0.7921
STN-03,2021-03-03 17:00:00,3.6,469.0,197.0,16.2,35.1,0.7566
STN-03,2021-03-03 18:00:00,4.0,482.0,188.0,13.3,47.0,0.8182
STN-03,2021-03-03 19:00:00,3.5,454.0,177.0,9.8,53.0,0.7938
STN-03,2021-03-03 20:00:00,2.7,392.0,138.0,8.8,56.1,0.8016
STN-03,2021-03-03 21:00:00,1.6,321.0,130.0,9.8,57.5,0.861
STN-03,2021-03-03 22:00:00,1.0,237.0,122.0,9.6,63.2,0.9259
STN-03,2021-03-03 23:00:00,0.9,119.0,98.0,9.1,67.5,0.9616
STN-03,2021-03-04 00:00:00,0.3,94.0,98.0,7.9,71.6,1.0064
STN-03,2021-03-04 01:00:00,0.0,74.0,98.0,8.6,71.2,1.0155
STN-03,2021-03-04 02:00:00,0.0,1.0,73.0,7.4,69.2,0.9326
STN-03,2021-03-04 03:00:00,0.0,1.0,90.0,7.3,72.0,0.9605
STN-03,2021-03-04 04:00:00,0.0,1.0,68.0,8.4,69.8,0.9994
STN-03,2021-03-04 05:00:00,0.0,27.0,69.0,8.9,67.8,1.0001
STN-03,2021-03-04 06:00:00,0.5,175.0,91.0,8.3,71.4,0.9856
STN-03,2021-03-04 07:00:00,2.9,408.0,125.0,10.2,69.1,1.0523
STN-03,2021-03-04 08:00:00,3.4,470.0,150.0,10.4,64.8,1.028
STN-03,2021-03-04 09:00:00,2.9,433.0,-4.627298552633039,11.6,61.1,1.0318
STN-03,2021-03-04 10:00:00,2.4,383.0,161.0,12.9,51.4,0.9381
STN-03,2021-03-04 11:00:00,2.1,365.0,156.0,14.3,53.9,0.9851
STN-03,2021-03-04 12:00:00,2.2,362.0,160.0,15.9,52.3,0.996
STN-03,2021-03-04 13:00:00,2.3,396.0,162.0,16.2,50.7,0.9602
STN-03,2021-03-04 14:00:00,2.9,404.0,177.0,18.1,47.5,0.9854
STN-03,2021-03-04 15:00:00,2.7,341.0,,17.5,47.0,0.9804
STN-03,2021-03-04 16:00:00,2.1,228.0,175.0,18.9,40.1,0.9436
STN-03,2021-03-04 17:00:00,2.8,264.0,180.0,18.5,41.0,0.9542
STN-03,2021-03-04 18:00:00,3.2,309.0,192.0,17.7,45.9,1.0265
STN-03,2021-03-04 19:00:00,3.5,330.0,181.0,15.7,48.0,0.9884
STN-03,2021-03-04 20:00:00,3.7,393.0,193.0,14.2,56.7,1.0705
STN-03,2021-03-04 21:00:00,2.1,257.0,162.0,12.7,55.9,1.0337
STN-03,2021-03-04 22:00:00,0.0,113.0,141.0,11.4,52.6,0.9495
STN-03,2021-03-04 23:00:00,0.0,122.0,123.0,10.9,47.1,0.8684
STN-03,2021-03-05 00:00:00,0.2,79.0,98.0,11.1,48.4,0.9372
STN-03,2021-03-05 01:00:00,0.2,85.0,102.0,10.6,51.9,0.9638
STN-03,2021-03-05 02:00:00,0.6,165.0,101.0,10.3,57.2,0.9894
STN-03,2021-03-05 03:00:00,0.7,188.0,90.0,10.1,61.3,1.0032
STN-03,2021-03-05 04:00:00,0.5,165.0,81.0,10.3,63.3,1.0398
STN-03,2021-03-05 05:00:00,0.9,179.0,79.0,10.3,71.5,1.1217
STN-03,2021-03-05 06:00:00,1.6,255.0,105.0,10.8,72.8,1.1553
STN-03,2021-03-05 07:00:00,2.1,316.0,118.0,9.4,67.9,1.0469
STN-03,2021-03-05 08:00:00,2.8,415.0,161.0,8.8,,0.9874
STN-03,2021-03-05 09:00:00,2.8,400.0,168.0,10.2,58.0,0.9555
STN-03,2021-03-05 10:00:00,2.2,377.0,174.0,13.4,50.5,0.9503
STN-03,2021-03-05 11:00:00,1.1,267.0,152.0,16.0,43.9,0.9462
STN-03,2021-03-05 12:00:00,2.0,309.0,160.0,16.6,37.7,0.8549
STN-03,2021-03-05 13:00:00,2.2,363.0,178.0,17.6,32.5,0.7854
STN-03,2021-03-05 14:00:00,1.5,313.0,170.0,19.6,22.9,0.6866
STN-03,2021-03-05 15:00:00,1.0,254.0,145.0,20.4,23.4,0.6933
STN-03,2021-03-05 16:00:00,1.6,336.0,149.0,19.9,30.2,0.7504
STN-03,2021-03-05 17:00:00,2.5,426.0,173.0,20.1,33.2,0.8289
STN-03,2021-03-05 18:00:00,3.3,526.0,194.0,18.5,36.5,0.8495
STN-03,2021-03-05 19:00:00,3.0,437.0,167.0,18.9,39.6,0.9218
STN-03,2021-03-05 20:00:00,,401.0,147.0,16.8,39.1,0.843
STN-03,2021-03-05 21:00:00,2.4,381.0,142.0,15.9,44.1,0.8695
STN-03,2021-03-05 22:00:00,1.4,307.0,126.0,15.8,40.3,0.8252
STN-03,2021-03-05 23:00:00,1.3,272.0,122.0,16.5,,0.8356
STN-03,2021-03-06 00:00:00,1.9,279.0,136.0,16.7,39.9,0.8114
STN-03,2021-03-06 01:00:00,0.9,,123.0,14.8,37.0,0.6726
STN-03,2021-03-06 02:00:00,0.0,114.0,111.0,14.7,37.0,0.668
STN-03,2021-03-06 03:00:00,0.0,35.0,108.0,15.3,30.8,0.5922
STN-03,2021-03-06 04:00:00,0.0,1.0,99.0,12.9,34.4,0.5609
STN-03,2021-03-06 05:00:00,0.0,1.0,114.0,13.0,33.8,0.5168
STN-03,2021-03-06 06:00:00,0.0,1.0,121.0,11.7,40.1,0.5343
STN-03,2021-03-06 07:00:00,0.0,81.0,144.0,12.7,41.1,
STN-03,2021-03-06 08:00:00,1.2,272.0,175.0,13.1,44.9,0.6456
STN-03,2021-03-06 09:00:00,0.9,272.0,165.0,,42.8,0.6739
STN-03,2021-03-06 10:00:00,0.9,272.0,165.0,,42.8,0.6739
STN-03,2021-03-06 11:00:00,1.3,277.0,161.0,19.1,35.7,0.762
STN-03,2021-03-06 12:00:00,0.9,182.0,137.0,19.3,33.8,0.7137
STN-03,2021-03-06 13:00:00,1.0,168.0,128.0,21.2,32.4,0.8044
STN-03,2021-03-06 14:00:00,1.7,136.0,117.0,20.7,29.4,0.7619
STN-03,2021-03-06 15:00:00,1.5,,126.0,20.9,31.0,0.8212
STN-03,2021-03-06 16:00:00,1.0,205.0,144.0,20.3,32.7,0.8238
STN-03,2021-03-06 17:00:00,2.0,408.0,186.0,19.3,39.4,0.8903
STN-03,2021-03-06 18:00:00,3.4,563.0,187.0,19.3,43.1,0.9637
STN-03,2021-03-06 19:00:00,3.6,659.0,208.0,17.0,53.2,1.0025
STN-03,2021-03-06 20:00:00,3.4,651.0,221.0,14.5,57.3,1.0041
STN-03,2021-03-06 21:00:00,2.1,545.0,201.0,13.1,60.5,0.9592
STN-03,2021-03-06 22:00:00,1.6,443.0,183.0,12.0,61.2,0.9482
STN-03,2021-03-06 23:00:00,0.7,369.0,167.0,11.7,61.3,0.9334
STN-03,2021-03-07 00:00:00,0.5,315.0,160.0,9.5,66.8,0.912
STN-03,2021-03-07 01:00:00,0.4,306.0,125.0,-19.62455157632335,67.8,0.8986
STN-03,2021-03-07 02:00:00,0.0,216.0,104.0,8.8,73.7,0.9194
STN-03,2021-03-07 03:00:00,0.0,206.0,,9.3,77.0,0.9479
STN-03,2021-03-07 04:00:00,0.2,234.0,98.0,9.4,76.3,0.9522
STN-03,2021-03-07 05:00:00,0.9,285.0,102.0,9.5,80.1,0.9978
STN-03,2021-03-07 06:00:00,0.8,278.0,112.0,9.6,73.0,0.9082
STN-03,2021-03-07 07:00:00,0.5,257.0,118.0,10.5,70.9,0.9219
STN-03,2021-03-07 08:00:00,2.3,446.0,146.0,,71.0,1.01
STN-03,2021-03-07 09:00:00,2.2,453.0,155.0,15.2,60.0,1.0322
STN-03,2021-03-07 10:00:00,1.9,422.0,156.0,16.5,57.1,1.0242
STN-03,2021-03-07 11:00:00,1.7,338.0,154.0,17.1,55.9,1.0148
STN-03,2021-03-07 12:00:00,1.4,291.0,175.0,16.0,55.9,0.984
STN-03,2021-03-07 13:00:00,1.2,257.0,169.0,19.4,48.7,1.0153
STN-03,2021-03-07 14:00:00,1.2,167.0,155.0,20.0,,0.9995
STN-03,2021-03-07 15:00:00,0.6,126.0,162.0,19.5,115.49219219011503,1.0216
STN-03,2021-03-07 16:00:00,1.5,182.0,166.0,20.8,49.2,1.1105
STN-03,2021-03-07 17:00:00,1.6,271.0,188.0,19.2,59.0,1.1829
STN-03,2021-03-07 18:00:00,2.6,373.0,211.0,17.9,58.0,1.1443
STN-03,2021-03-07 19:00:00,3.2,448.0,221.0,15.8,58.9,1.0989
STN-03,2021-03-07 20:00:00,,479.0,219.0,14.2,62.9,1.1097
STN-03,2021-03-07 21:00:00,,350.0,194.0,14.2,64.5,1.1596
STN-03,2021-03-07 22:00:00,1.5,290.0,186.0,12.4,62.3,1.0426
STN-03,2021-03-07 23:00:00,2.2,331.0,203.0,12.5,59.2,1.0251
STN-03,2021-03-08 00:00:00,1.6,324.0,202.0,11.5,64.3,1.0521
STN-03,2021-03-08 01:00:00,2.5,410.0,185.0,13.3,67.5,1.1893
STN-03,2021-03-08 02:00:00,2.1,375.0,156.0,13.6,69.4,1.2161
STN-03,2021-03-08 03:00:00,1.1,296.0,154.0,11.8,71.9,1.1971
STN-03,2021-03-08 04:00:00,0.3,204.0,119.0,12.0,67.1,1.1641
STN-03,2021-03-08 05:00:00,0.6,204.0,131.0,12.4,69.0,1.2227
STN-03,2021-03-08 06:00:00,0.4,199.0,127.0,12.3,70.7,1.2405
STN-03,2021-03-08 07:00:00,2.1,335.0,156.0,12.4,69.2,1.2428
STN-03,2021-03-08 08:00:00,2.3,452.0,184.0,13.5,61.3,1.2018
STN-03,2021-03-08 09:00:00,,471.0,181.0,14.7,52.0,1.1594
STN-03,2021-03-08 10:00:00,2.0,449.0,201.0,17.2,44.9,1.0952
STN-03,2021-03-08 11:00:00,1.1,396.0,202.0,19.0,37.4,1.0193
STN-03,2021-03-08 12:00:00,0.8,355.0,187.0,20.2,37.6,1.0573
STN-03,2021-03-08 13:00:00,0.5,318.0,182.0,20.3,38.2,1.0564
STN-03,2021-03-08 14:00:00,0.7,302.0,175.0,21.6,36.2,1.0808
STN-03,2021-03-08 15:00:00,0.7,242.0,173.0,24.1,29.9,1.0788
STN-03,2021-03-08 16:00:00,0.5,173.0,162.0,25.3,26.7,1.0928
STN-03,2021-03-08 17:00:00,0.7,,169.0,23.7,27.6,1.0848
STN-03,2021-03-08 18:00:00,1.6,294.0,180.0,23.9,34.3,1.2128
STN-03,2021-03-08 19:00:00,2.5,355.0,186.0,23.6,35.0,1.2285
STN-03,2021-03-08 20:00:00,2.3,320.0,188.0,22.7,34.8,1.1875
STN-03,2021-03-08 21:00:00,1.1,224.0,168.0,21.4,39.3,1.1994
STN-03,2021-03-08 22:00:00,1.3,261.0,160.0,20.9,38.3,1.1832
STN-03,2021-03-08 23:00:00,0.5,135.0,123.0,19.7,48.6,1.24
STN-03,2021-03-09 00:00:00,1.1,206.0,137.0,18.3,49.7,1.2642
STN-03,2021-03-09 01:00:00,0.0,,114.0,17.3,55.9,1.2838
STN-03,2021-03-09 02:00:00,0.0,62.0,97.0,19.0,45.7,1.2122
STN-03,2021-03-09 03:00:00,0.0,84.0,112.0,18.7,47.3,1.196
STN-03,2021-03-09 04:00:00,0.0,3.0,80.0,16.9,53.3,1.2047
STN-03,2021-03-09 05:00:00,0.0,37.0,83.0,18.0,54.0,1.2624
STN-03,2021-03-09 06:00:00,0.0,111.0,91.0,16.8,62.0,1.3177
STN-03,2021-03-09 07:00:00,0.4,189.0,106.0,17.2,58.5,1.3013
STN-03,2021-03-09 08:00:00,2.2,384.0,144.0,19.0,55.5,1.3142
STN-03,2021-03-09 09:00:00,3.3,475.0,169.0,20.8,53.0,1.3277
STN-03,2021-03-09 10:00:00,2.2,414.0,158.0,24.4,52.9,1.4527
STN-03,2021-03-09 11:00:00,2.0,409.0,160.0,26.7,50.5,1.4963
STN-03,2021-03-09 12:00:00,1.2,289.0,159.0,29.0,48.0,1.5471
STN-03,2021-03-09 13:00:00,1.6,338.0,170.0,27.7,51.3,1.5298
STN-03,2021-03-09 14:00:00,2.2,338.0,157.0,29.0,50.8,1.5898
STN-03,2021-03-09 15:00:00,1.6,214.0,151.0,27.9,51.1,1.5471
STN-03,2021-03-09 16:00:00,1.4,134.0,147.0,28.1,47.2,1.5517
STN-03,2021-03-09 17:00:00,2.2,175.0,153.0,27.1,50.5,1.554
STN-03,2021-03-09 18:00:00,3.5,318.0,169.0,27.0,52.1,1.5963
STN-03,2021-03-09 19:00:00,4.2,359.0,177.0,24.8,60.7,1.6477
STN-03,2021-03-09 20:00:00,3.4,311.0,155.0,22.1,71.8,1.737
STN-03,2021-03-09 21:00:00,1.5,193.0,115.0,21.9,71.1,1.7219
STN-03,2021-03-09 22:00:00,1.0,41.0,99.0,21.5,69.1,1.7034
STN-03,2021-03-09 23:00:00,0.8,53.0,114.0,20.5,67.0,1.6154
STN-03,2021-03-10 00:00:00,1.6,182.0,127.0,19.9,63.5,1.5637
STN-03,2021-03-10 01:00:00,0.0,,104.0,,64.5,1.5836
STN-03,2021-03-10 02:00:00,0.0,115.0,94.0,17.8,68.4,1.5466
STN-03,2021-03-10 03:00:00,,149.0,115.0,16.5,68.9,1.5011
STN-03,2021-03-10 04:00:00,1.3,253.0,128.0,17.4,68.6,1.5474
STN-03,2021-03-10 05:00:00,0.5,223.0,133.0,17.4,65.6,1.4985
STN-03,2021-03-10 06:00:00,0.9,354.0,172.0,16.4,65.6,1.4471
STN-03,2021-03-10 07:00:00,2.2,507.0,187.0,17.8,66.5,1.4697
STN-03,2021-03-10 08:00:00,,553.0,215.0,19.5,60.0,1.459
STN-03,2021-03-10 09:00:00,2.9,552.0,219.0,20.2,52.0,1.3903
STN-03,2021-03-10 10:00:00,1.8,483.0,211.0,23.4,39.9,1.3558
STN-03,2021-03-10 11:00:00,2.0,468.0,209.0,25.4,33.4,1.3083
STN-03,2021-03-10 12:00:00,0.8,288.0,183.0,26.0,32.1,1.3093
STN-03,2021-03-10 13:00:00,0.0,186.0,172.0,26.6,34.1,1.3502
STN-03,2021-03-10 14:00:00,0.9,179.0,156.0,27.6,30.5,1.3351
STN-03,2021-03-10 15:00:00,0.5,86.0,131.0,27.2,26.2,1.3094
STN-03,2021-03-10 16:00:00,0.3,73.0,131.0,26.9,25.7,1.2983
STN-03,2021-03-10 17:00:00,0.5,59.0,148.0,25.8,26.0,1.2456
STN-03,2021-03-10 18:00:00,0.9,1.0,120.0,23.3,32.3,1.2575
STN-03,2021-03-10 19:00:00,0.6,1.0,112.0,20.8,35.0,1.2801
STN-03,2021-03-10 20:00:00,0.1,1.0,95.0,20.0,42.6,1.4118
STN-03,2021-03-10 21:00:00,0.0,1.0,84.0,18.5,46.4,1.3759
STN-03,2021-03-10 22:00:00,0.0,1.0,65.0,16.1,53.3,1.3851
STN-03,2021-03-10 23:00:00,0.0,1.0,49.0,15.4,50.5,1.3696
STN-03,2021-03-11 00:00:00,0.0,1.0,43.0,13.9,49.5,1.2884
STN-03,2021-03-11 01:00:00,0.0,1.0,17.0,14.8,53.8,1.3631
STN-03,2021-03-11 02:00:00,0.0,1.0,29.0,15.3,51.6,1.3349
STN-03,2021-03-11 03:00:00,0.0,1.0,34.0,14.8,54.1,1.3479
STN-03,2021-03-11 04:00:00,0.0,1.0,27.0,16.2,58.6,1.4373
STN-03,2021-03-11 05:00:00,0.0,1.0,20.0,16.0,55.8,1.432
STN-03,2021-03-11 06:00:00,0.4,1.0,71.0,15.7,54.6,1.3862
STN-03,2021-03-11 07:00:00,0.0,1.0,,14.5,47.1,1.2429
STN-03,2021-03-11 08:00:00,1.0,61.0,136.0,14.5,47.2,1.2776
STN-03,2021-03-11 09:00:00,1.0,94.0,139.0,16.2,41.4,1.2571
STN-03,2021-03-11 10:00:00,1.4,183.0,156.0,20.0,,
STN-03,2021-03-11 11:00:00,1.2,193.0,141.0,21.7,35.8,1.3235
STN-03,2021-03-11 12:00:00,1.2,230.0,148.0,22.9,28.2,1.2526
STN-03,2021-03-11 13:00:00,0.0,49.0,113.0,22.9,28.9,1.2223
STN-03,2021-03-11 14:00:00,0.4,74.0,134.0,21.3,36.5,1.2335
STN-03,2021-03-11 15:00:00,1.0,121.0,155.0,22.4,30.6,1.1781
STN-03,2021-03-11 16:00:00,0.9,121.0,151.0,21.8,35.4,1.2218
STN-03,2021-03-11 17:00:00,2.0,250.0,166.0,19.7,40.3,1.1866
STN-03,2021-03-11 18:00:00,2.6,350.0,183.0,16.5,48.4,1.2129
STN-03,2021-03-11 19:00:00,3.2,380.0,189.0,15.2,48.3,1.2234
STN-03,2021-03-11 20:00:00,2.2,278.0,157.0,15.1,44.8,1.1806
STN-03,2021-03-11 21:00:00,1.9,249.0,150.0,13.6,52.9,1.1879
STN-03,2021-03-11 22:00:00,2.2,232.0,139.0,13.3,60.3,1.2978
STN-03,2021-03-11 23:00:00,1.4,154.0,129.0,13.0,61.8,1.3287
STN-03,2021-03-12 00:00:00,0.4,104.0,121.0,12.9,62.5,1.2875
STN-03,2021-03-12 01:00:00,1.0,109.0,134.0,13.4,57.8,
STN-03,2021-03-12 02:00:00,0.5,75.0,107.0,12.6,60.7,1.2195
STN-03,2021-03-12 03:00:00,0.0,24.0,115.0,,61.5,1.2105
STN-03,2021-03-12 04:00:00,0.0,1.0,83.0,12.3,,1.1873
STN-03,2021-03-12 05:00:00,,,101.0,11.4,65.9,1.226
STN-03,2021-03-12 06:00:00,0.0,15.0,110.0,10.2,66.3,1.1771
STN-03,2021-03-12 07:00:00,0.2,111.0,123.0,10.2,63.9,1.1413
STN-03,2021-03-12 08:00:00,1.6,275.0,141.0,10.8,65.9,1.2019
STN-03,2021-03-12 09:00:00,2.7,,186.0,12.4,62.0,1.1721
STN-03,2021-03-12 10:00:00,3.2,483.0,215.0,15.9,57.0,1.196
STN-03,2021-03-12 11:00:00,2.6,399.0,189.0,16.9,53.1,1.1328
STN-03,2021-03-12 12:00:00,2.6,343.0,166.0,19.6,49.7,1.175
STN-03,2021-03-12 13:00:00,2.4,370.0,172.0,20.1,43.4,1.0731
STN-03,2021-03-12 14:00:00,2.6,417.0,182.0,19.7,42.5,1.0347
STN-03,2021-03-12 15:00:00,1.8,288.0,179.0,20.5,33.9,0.9656
STN-03,2021-03-12 16:00:00,1.2,213.0,167.0,20.1,33.6,0.9268
STN-03,2021-03-12 17:00:00,2.0,254.0,181.0,19.7,34.3,0.9294
STN-03,2021-03-12 18:00:00,,332.0,191.0,19.0,37.4,0.9384
STN-03,2021-03-12 19:00:00,2.5,287.0,166.0,17.7,38.2,0.9249
STN-03,2021-03-12 20:00:00,3.0,313.0,182.0,16.4,34.6,0.8738
STN-03,2021-03-12 21:00:00,1.6,212.0,131.0,16.0,38.1,0.9144
STN-03,2021-03-12 22:00:00,1.7,207.0,120.0,15.6,42.1,0.9422
STN-03,2021-03-12 23:00:00,0.8,124.0,119.0,15.1,40.7,0.9299
STN-03,2021-03-13 00:00:00,1.8,305.0,163.0,13.8,,0.9259
STN-03,2021-03-13 01:00:00,0.9,258.0,139.0,12.6,41.0,0.9239
STN-03,2021-03-13 02:00:00,0.9,234.0,116.0,11.4,41.5,0.8779
STN-03,2021-03-13 03:00:00,1.0,295.0,132.0,10.1,40.6,0.8246
STN-03,2021-03-13 04:00:00,1.8,293.0,121.0,9.8,43.3,0.8206
STN-03,2021-03-13 05:00:00,1.2,271.0,116.0,7.9,48.0,0.8134
STN-03,2021-03-13 06:00:00,2.1,396.0,136.0,8.4,53.2,0.8705
STN-03,2021-03-13 07:00:00,2.3,356.0,145.0,10.3,47.8,0.8925
STN-03,2021-03-13 08:00:00,2.9,404.0,160.0,,48.5,0.9284
STN-03,2021-03-13 09:00:00,3.8,488.0,205.0,13.9,49.5,1.0348
STN-03,2021-03-13 10:00:00,3.8,551.0,223.0,14.2,,0.9533
STN-03,2021-03-13 11:00:00,3.8,586.0,256.0,17.3,34.2,0.9218
STN-03,2021-03-13 12:00:00,3.5,491.0,239.0,19.7,25.0,0.8723
STN-03,2021-03-13 13:00:00,3.1,404.0,200.0,19.0,29.7,0.903
STN-03,2021-03-13 14:00:00,2.9,352.0,178.0,19.3,24.9,
STN-03,2021-03-13 15:00:00,2.7,367.0,180.0,21.1,22.4,0.908
STN-03,2021-03-13 16:00:00,2.3,411.0,168.0,19.8,24.9,0.8532
STN-03,2021-03-13 17:00:00,3.4,483.0,191.0,19.4,27.8,0.9215
STN-03,2021-03-13 18:00:00,3.5,493.0,190.0,17.0,36.3,0.9418
STN-03,2021-03-13 19:00:00,4.0,505.0,213.0,16.4,42.2,1.0271
STN-03,2021-03-13 20:00:00,4.2,523.0,233.0,14.9,45.0,1.0551
STN-03,2021-03-13 21:00:00,3.4,539.0,226.0,13.9,52.2,1.0823
STN-03,2021-03-13 22:00:00,2.4,461.0,206.0,12.2,61.0,1.1314
STN-03,2021-03-13 23:00:00,2.6,421.0,192.0,11.7,63.4,1.1404
STN-03,2021-03-14 00:00:00,1.7,345.0,169.0,12.5,59.3,1.1498
STN-03,2021-03-14 01:00:00,1.0,317.0,157.0,11.9,58.1,1.1074
STN-03,2021-03-14 02:00:00,0.0,205.0,148.0,11.4,53.3,1.0276
STN-03,2021-03-14 03:00:00,0.3,222.0,166.0,12.0,56.8,1.098
STN-03,2021-03-14 04:00:00,0.0,108.0,124.0,12.1,54.3,1.0582
STN-03,2021-03-14 05:00:00,0.0,17.0,117.0,12.0,51.0,1.0214
STN-03,2021-03-14 06:00:00,0.2,87.0,123.0,11.5,54.6,1.0554
STN-03,2021-03-14 07:00:00,1.7,265.0,190.0,12.6,51.9,1.0428
STN-03,2021-03-14 08:00:00,2.4,311.0,183.0,12.7,53.4,1.0653
STN-03,2021-03-14 09:00:00,2.0,196.0,164.0,14.4,44.9,1.0188
STN-03,2021-03-14 10:00:00,0.7,98.0,162.0,15.9,42.7,1.0154
STN-03,2021-03-14 11:00:00,0.0,6.0,164.0,18.4,29.9,0.916
STN-03,2021-03-14 12:00:00,0.4,92.0,159.0,17.7,31.9,0.9073
STN-03,2021-03-14 13:00:00,0.0,80.0,155.0,17.8,,0.8671
STN-03,2021-03-14 14:00:00,0.2,167.0,152.0,18.2,34.7,0.926
STN-03,2021-03-14 15:00:00,0.7,191.0,155.0,18.7,33.0,0.9092
STN-03,2021-03-14 16:00:00,0.8,252.0,162.0,18.0,32.8,0.8738
STN-03,2021-03-14 17:00:00,1.1,251.0,171.0,17.5,34.2,0.9027
STN-03,2021-03-14 18:00:00,1.4,,196.0,15.0,46.7,0.9854
STN-03,2021-03-14 19:00:00,1.4,296.0,191.0,13.5,53.0,1.0664
STN-03,2021-03-14 20:00:00,0.3,138.0,157.0,13.4,51.0,1.052
STN-03,2021-03-14 21:00:00,0.2,104.0,132.0,11.1,56.9,1.0293
STN-03,2021-03-14 22:00:00,,133.0,130.0,10.2,58.3,1.014
STN-03,2021-03-14 23:00:00,1.1,217.0,130.0,9.1,65.0,1.0808
STN-03,2021-03-15 00:00:00,0.6,132.0,130.0,8.8,64.0,1.0874
STN-03,2021-03-15 01:00:00,0.1,116.0,142.0,7.3,60.6,0.9462
STN-03,2021-03-15 02:00:00,0.0,83.0,117.0,5.9,66.5,0.9695
STN-03,2021-03-15 03:00:00,0.0,109.0,122.0,5.4,64.2,0.9526
STN-03,2021-03-15 04:00:00,0.0,1.0,91.0,4.4,67.3,0.9567
STN-03,2021-03-15 05:00:00,0.0,19.0,88.0,4.9,70.8,1.0387
STN-03,2021-03-15 06:00:00,0.6,199.0,128.0,6.0,71.1,1.0773
STN-03,2021-03-15 07:00:00,1.5,281.0,138.0,7.4,68.8,1.0948
STN-03,2021-03-15 08:00:00,2.8,384.0,162.0,8.0,67.3,1.1368
STN-03,2021-03-15 09:00:00,3.3,432.0,195.0,8.8,60.7,1.0757
STN-03,2021-03-15 10:00:00,3.1,387.0,185.0,10.5,53.1,1.0047
STN-03,2021-03-15 11:00:00,3.1,419.0,187.0,12.7,48.8,1.0043
STN-03,2021-03-15 12:00:00,3.1,447.0,176.0,14.3,46.0,1.0104
STN-03,2021-03-15 13:00:00,2.9,420.0,177.0,16.7,38.9,0.9635
STN-03,2021-03-15 14:00:00,2.5,377.0,163.0,17.1,34.6,0.9209
STN-03,2021-03-15 15:00:00,3.3,438.0,179.0,16.8,39.4,0.9786
STN-03,2021-03-15 16:00:00,3.3,438.0,179.0,16.8,39.4,0.9786
STN-03,2021-03-15 17:00:00,3.6,455.0,205.0,17.6,37.6,0.9742
STN-03,2021-03-15 18:00:00,4.2,448.0,214.0,16.9,45.8,1.0933
STN-03,2021-03-15 19:00:00,5.1,469.0,209.0,15.4,49.7,1.1233
STN-03,2021-03-15 20:00:00,3.8,307.0,179.0,16.3,49.6,1.1968
STN-03,2021-03-15 21:00:00,2.9,291.0,166.0,15.2,53.8,1.2354
STN-03,2021-03-15 22:00:00,2.6,178.0,146.0,14.8,54.1,1.2798
STN-03,2021-03-15 23:00:00,2.8,244.0,158.0,14.4,63.3,1.3693
STN-03,2021-03-16 00:00:00,2.1,166.0,112.0,13.9,,1.376
STN-03,2021-03-16 01:00:00,2.1,136.0,97.0,13.0,61.0,1.3136
STN-03,2021-03-16 02:00:00,1.4,104.0,87.0,13.2,60.4,1.2782
STN-03,2021-03-16 03:00:00,1.4,144.0,111.0,12.9,69.0,1.3541
STN-03,2021-03-16 04:00:00,0.9,177.0,80.0,13.3,73.6,1.3662
STN-03,2021-03-16 05:00:00,1.7,283.0,104.0,12.5,,1.3176
STN-03,2021-03-16 06:00:00,1.2,271.0,105.0,11.7,66.2,1.2258
STN-03,2021-03-16 07:00:00,1.9,256.0,136.0,11.7,65.1,1.1939
STN-03,2021-03-16 08:00:00,2.6,355.0,166.0,10.3,67.4,1.144
STN-03,2021-03-16 09:00:00,2.5,362.0,173.0,11.8,65.3,1.1543
STN-03,2021-03-16 10:00:00,1.9,351.0,177.0,12.9,59.0,1.1272
STN-03,2021-03-16 11:00:00,1.2,340.0,181.0,16.3,48.2,1.0884
STN-03,2021-03-16 12:00:00,2.3,287.0,176.0,20.1,44.3,1.1774
STN-03,2021-03-16 13:00:00,2.4,307.0,190.0,19.4,38.8,1.0846
STN-03,2021-03-16 14:00:00,1.9,288.0,189.0,20.0,30.5,0.9486
STN-03,2021-03-16 15:00:00,1.4,219.0,179.0,20.2,28.7,0.9211
STN-03,2021-03-16 16:00:00,1.5,,-2.0153939513129835,18.5,29.6,
STN-03,2021-03-16 17:00:00,1.8,328.0,191.0,17.3,36.3,0.8959
STN-03,2021-03-16 18:00:00,2.7,440.0,217.0,14.3,41.2,0.8803
STN-03,2021-03-16 19:00:00,2.9,425.0,212.0,14.7,46.0,0.9578
STN-03,2021-03-16 20:00:00,3.4,453.0,219.0,13.5,44.1,0.8886
STN-03,2021-03-16 21:00:00,2.7,402.0,199.0,12.7,45.6,0.8686
STN-03,2021-03-16 22:00:00,1.1,225.0,156.0,12.2,49.7,0.8657
STN-03,2021-03-16 23:00:00,1.3,251.0,169.0,12.6,49.6,0.8978
STN-03,2021-03-17 00:00:00,2.0,315.0,173.0,12.2,57.7,1.0187
STN-03,2021-03-17 01:00:00,1.9,253.0,153.0,13.0,54.0,1.0075
STN-03,2021-03-17 02:00:00,0.7,208.0,149.0,10.7,59.8,1.0413
STN-03,2021-03-17 03:00:00,1.0,243.0,162.0,10.5,54.7,0.9612
STN-03,2021-03-17 04:00:00,1.4,212.0,157.0,9.0,60.4,0.9784
STN-03,2021-03-17 05:00:00,1.2,257.0,162.0,8.9,62.4,0.9584
STN-03,2021-03-17 06:00:00,1.1,168.0,150.0,9.8,64.8,1.0262
STN-03,2021-03-17 07:00:00,1.0,183.0,164.0,9.9,62.1,1.0232
STN-03,2021-03-17 08:00:00,1.3,240.0,167.0,10.2,56.0,0.9812
STN-03,2021-03-17 09:00:00,1.8,208.0,167.0,12.7,52.3,1.026
STN-03,2021-03-17 10:00:00,0.9,274.0,176.0,15.2,44.7,1.0147
STN-03,2021-03-17 11:00:00,1.0,229.0,187.0,18.6,42.3,1.0529
STN-03,2021-03-17 12:00:00,1.7,262.0,185.0,19.6,39.6,1.0457
STN-03,2021-03-17 13:00:00,1.2,102.0,133.0,20.5,43.4,1.0987
STN-03,2021-03-17 14:00:00,0.7,66.0,112.0,19.8,40.2,1.0301
STN-03,2021-03-17 15:00:00,0.5,15.0,115.0,19.3,35.2,0.9833
STN-03,2021-03-17 16:00:00,0.8,128.0,138.0,20.1,34.1,0.9751
STN-03,2021-03-17 17:00:00,1.3,201.0,150.0,19.0,32.1,0.893
STN-03,2021-03-17 18:00:00,2.2,297.0,174.0,18.0,29.2,0.8582
STN-03,2021-03-17 19:00:00,2.5,348.0,191.0,15.0,35.4,0.7983
STN-03,2021-03-17 20:00:00,2.5,383.0,179.0,,41.9,0.8303
STN-03,2021-03-17 21:00:00,1.6,241.0,166.0,11.4,47.0,0.8371
STN-03,2021-03-17 22:00:00,2.5,261.0,163.0,12.2,47.0,0.837
STN-03,2021-03-17 23:00:00,1.8,107.0,144.0,11.8,48.6,0.844
STN-03,2021-03-18 00:00:00,1.9,153.0,156.0,10.9,53.2,0.86
STN-03,2021-03-18 01:00:00,0.7,52.0,121.0,10.0,58.1,0.8277
STN-03,2021-03-18 02:00:00,0.0,1.0,95.0,9.8,61.4,0.8345
STN-03,2021-03-18 03:00:00,0.0,102.0,115.0,9.4,63.9,0.8506
STN-03,2021-03-18 04:00:00,0.0,1.0,82.0,10.6,68.7,0.9461
STN-03,2021-03-18 05:00:00,0.0,22.0,85.0,12.4,66.4,0.9927
STN-03,2021-03-18 06:00:00,0.3,150.0,121.0,12.8,63.8,0.9667
STN-03,2021-03-18 07:00:00,1.8,335.0,,12.4,70.5,
STN-03,2021-03-18 08:00:00,2.4,,166.0,12.2,69.2,0.9951
STN-03,2021-03-18 09:00:00,2.5,431.0,187.0,13.3,67.1,1.0201
STN-03,2021-03-18 10:00:00,1.5,353.0,186.0,15.4,56.7,0.9691
STN-03,2021-03-18 11:00:00,1.8,372.0,183.0,16.1,56.8,0.9907
STN-03,2021-03-18 12:00:00,2.5,407.0,186.0,,53.9,0.9974
STN-03,2021-03-18 13:00:00,2.4,358.0,176.0,19.1,47.2,0.9501
STN-03,2021-03-18 14:00:00,1.8,259.0,153.0,17.6,48.9,0.9475
STN-03,2021-03-18 15:00:00,1.0,239.0,146.0,16.2,51.2,0.8775
STN-03,2021-03-18 16:00:00,2.1,351.0,167.0,15.9,48.6,0.853
STN-03,2021-03-18 17:00:00,2.6,410.0,201.0,14.3,53.1,0.9003
STN-03,2021-03-18 18:00:00,3.2,451.0,207.0,14.1,50.3,0.8735
STN-03,2021-03-18 19:00:00,3.9,473.0,223.0,13.7,59.3,0.9802
STN-03,2021-03-18 20:00:00,3.1,472.0,191.0,12.3,60.4,0.9577
STN-03,2021-03-18 21:00:00,1.6,287.0,149.0,11.8,63.4,1.0193
STN-03,2021-03-18 22:00:00,2.1,282.0,128.0,10.3,71.7,1.0792
STN-03,2021-03-18 23:00:00,2.0,279.0,,9.7,71.1,1.072
STN-03,2021-03-19 00:00:00,2.0,244.0,145.0,10.6,69.1,1.0835
STN-03,2021-03-19 01:00:00,1.5,249.0,150.0,10.2,70.6,1.0754
STN-03,2021-03-19 02:00:00,0.9,186.0,145.0,9.0,70.8,1.0675
STN-03,2021-03-19 03:00:00,0.0,74.0,115.0,9.9,74.8,1.14
STN-03,2021-03-19 04:00:00,0.5,169.0,120.0,8.8,73.6,1.0375
STN-03,2021-03-19 05:00:00,0.1,45.0,92.0,6.7,76.2,0.9951
STN-03,2021-03-19 06:00:00,0.0,64.0,115.0,6.7,77.4,1.0208
STN-03,2021-03-19 07:00:00,2.1,347.0,,6.8,78.9,1.06
STN-03,2021-03-19 08:00:00,2.6,399.0,166.0,7.8,73.2,1.0501
STN-03,2021-03-19 09:00:00,2.3,355.0,152.0,8.8,73.8,1.1138
STN-03,2021-03-19 10:00:00,2.8,399.0,168.0,12.3,63.2,1.1163
STN-03,2021-03-19 11:00:00,1.8,285.0,149.0,14.5,53.7,1.05
STN-03,2021-03-19 12:00:00,1.0,183.0,,15.0,50.1,0.9835
STN-03,2021-03-19 13:00:00,,164.0,124.0,15.3,51.9,0.9838
STN-03,2021-03-19 14:00:00,0.9,86.0,111.0,13.3,56.8,0.9547
STN-03,2021-03-19 15:00:00,0.3,29.0,,12.9,58.6,0.9751
STN-03,2021-03-19 16:00:00,0.2,37.0,110.0,14.6,57.5,1.0256
STN-03,2021-03-19 17:00:00,1.7,156.0,144.0,13.6,57.4,1.0187
STN-03,2021-03-19 18:00:00,2.7,232.0,167.0,11.8,54.0,0.9444
STN-03,2021-03-19 19:00:00,3.5,398.0,189.0,9.7,61.0,0.9968
STN-03,2021-03-19 20:00:00,2.2,337.0,170.0,6.8,63.9,0.9295
STN-03,2021-03-19 21:00:00,,413.0,185.0,6.7,63.4,0.9236
STN-03,2021-03-19 22:00:00,2.6,403.0,173.0,7.0,65.6,0.9693
STN-03,2021-03-19 23:00:00,1.9,385.0,157.0,6.8,62.4,0.9477
STN-03,2021-03-20 00:00:00,1.3,315.0,143.0,6.5,60.4,0.9086
STN-03,2021-03-20 01:00:00,1.5,321.0,147.0,6.7,60.6,0.9394
STN-03,2021-03-20 02:00:00,1.2,300.0,136.0,5.0,66.0,0.9132
STN-03,2021-03-20 03:00:00,0.7,234.0,130.0,4.5,68.0,0.9303
STN-03,2021-03-20 04:00:00,0.5,145.0,92.0,3.0,68.9,0.8871
STN-03,2021-03-20 05:00:00,0.4,108.0,82.0,3.5,62.3,0.7955
STN-03,2021-03-20 06:00:00,1.3,274.0,123.0,5.0,62.5,0.8464
STN-03,2021-03-20 07:00:00,1.5,269.0,135.0,6.8,58.3,0.8582
STN-03,2021-03-20 08:00:00,2.4,419.0,178.0,7.6,60.3,0.8905
STN-03,2021-03-20 09:00:00,2.9,,182.0,11.3,52.3,0.9303
STN-03,2021-03-20 10:00:00,3.3,490.0,190.0,13.6,49.8,
STN-03,2021-03-20 11:00:00,2.0,282.0,168.0,16.1,38.2,0.8593
STN-03,2021-03-20 12:00:00,1.9,207.0,168.0,17.9,34.3,0.8454
STN-03,2021-03-20 13:00:00,2.1,267.0,184.0,19.2,30.7,0.8904
STN-03,2021-03-20 14:00:00,1.4,191.0,159.0,19.3,27.6,0.8724
STN-03,2021-03-20 15:00:00,1.4,190.0,148.0,20.0,27.3,0.8767
STN-03,2021-03-20 16:00:00,1.6,236.0,153.0,20.7,23.0,0.8661
STN-03,2021-03-20 17:00:00,2.2,302.0,154.0,21.3,24.2,0.9165
STN-03,2021-03-20 18:00:00,3.0,493.0,186.0,19.1,34.6,0.9542
STN-03,2021-03-20 19:00:00,2.9,440.0,184.0,18.7,37.8,1.0026
STN-03,2021-03-20 20:00:00,2.8,372.0,168.0,16.6,45.1,1.0564
STN-03,2021-03-20 21:00:00,1.2,203.0,131.0,14.8,45.7,1.0287
STN-03,2021-03-20 22:00:00,0.5,124.0,121.0,14.4,43.9,0.9791
STN-03,2021-03-20 23:00:00,1.0,170.0,125.0,14.4,42.9,0.964
STN-03,2021-03-21 00:00:00,0.6,70.0,116.0,14.4,41.5,0.9232
STN-03,2021-03-21 01:00:00,0.0,1.0,76.0,13.1,47.4,0.9589
STN-03,2021-03-21 02:00:00,0.0,1.0,66.0,11.9,48.0,0.9011
STN-03,2021-03-21 03:00:00,0.0,1.0,66.0,10.5,50.6,0.8738
STN-03,2021-03-21 04:00:00,0.0,1.0,57.0,9.1,50.4,0.8151
STN-03,2021-03-21 05:00:00,0.0,1.0,68.0,7.5,53.7,0.7542
STN-03,2021-03-21 06:00:00,0.0,1.0,64.0,5.4,60.0,0.7601
STN-03,2021-03-21 07:00:00,0.0,1.0,95.0,5.1,60.9,0.7763
STN-03,2021-03-21 08:00:00,0.0,8.0,122.0,5.7,62.8,0.8206
STN-03,2021-03-21 09:00:00,0.3,23.0,131.0,8.2,54.9,0.8282
STN-03,2021-03-21 10:00:00,0.1,1.0,139.0,9.4,46.9,0.7696
STN-03,2021-03-21 11:00:00,1.9,163.0,169.0,12.2,43.8,0.7849
STN-03,2021-03-21 12:00:00,1.8,187.0,161.0,12.3,46.9,0.7896
STN-03,2021-03-21 13:00:00,1.5,203.0,185.0,12.2,45.0,0.7503
STN-03,2021-03-21 14:00:00,1.2,194.0,,12.0,46.5,0.7495
STN-03,2021-03-21 15:00:00,1.5,281.0,,12.8,42.6,0.7056
STN-03,2021-03-21 16:00:00,1.2,197.0,162.0,14.0,44.6,0.7333
STN-03,2021-03-21 17:00:00,1.3,203.0,163.0,,50.6,0.7603
STN-03,2021-03-21 18:00:00,1.2,180.0,153.0,10.7,53.7,0.7345
STN-03,2021-03-21 19:00:00,2.3,186.0,171.0,9.2,56.2,0.738
STN-03,2021-03-21 20:00:00,2.0,243.0,172.0,7.0,62.9,0.7557
STN-03,2021-03-21 21:00:00,1.5,219.0,148.0,7.7,65.5,0.8277
STN-03,2021-03-21 22:00:00,1.6,261.0,145.0,7.6,63.5,0.8077
STN-03,2021-03-21 23:00:00,2.6,338.0,145.0,6.5,75.4,0.9099
STN-03,2021-03-22 00:00:00,3.2,409.0,147.0,5.8,82.1,0.9942
STN-03,2021-03-22 01:00:00,2.4,315.0,128.0,7.6,78.4,0.9897
STN-03,2021-03-22 02:00:00,1.7,181.0,113.0,6.9,77.6,0.9522
STN-03,2021-03-22 03:00:00,0.0,1.0,102.0,6.2,75.3,0.9211
STN-03,2021-03-22 04:00:00,0.1,1.0,89.0,4.0,71.9,0.8106
STN-03,2021-03-22 05:00:00,0.3,75.0,106.0,4.1,70.8,0.7606
STN-03,2021-03-22 06:00:00,1.2,140.0,125.0,5.2,74.0,0.8166
STN-03,2021-03-22 07:00:00,1.6,212.0,153.0,5.8,68.8,0.779
STN-03,2021-03-22 08:00:00,1.9,261.0,142.0,6.6,67.1,0.8219
STN-03,2021-03-22 09:00:00,2.4,338.0,151.0,8.1,62.3,0.8003
STN-03,2021-03-22 10:00:00,2.3,372.0,163.0,11.4,56.6,0.8228
STN-03,2021-03-22 11:00:00,1.4,292.0,159.0,11.4,54.3,0.7764
STN-03,2021-03-22 12:00:00,1.1,251.0,164.0,13.3,51.1,0.7675
STN-03,2021-03-22 13:00:00,1.7,284.0,46.53032310312355,14.7,48.1,0.7708
STN-03,2021-03-22 14:00:00,0.8,192.0,153.0,14.5,45.2,0.7256
STN-03,2021-03-22 15:00:00,0.3,,145.0,15.3,45.6,0.7553
STN-03,2021-03-22 16:00:00,0.8,134.0,140.0,15.0,46.0,0.756
STN-03,2021-03-22 17:00:00,0.8,118.0,148.0,13.3,47.7,0.709
STN-03,2021-03-22 18:00:00,1.8,234.0,166.0,11.5,45.9,0.6595
STN-03,2021-03-22 19:00:00,2.4,308.0,177.0,8.4,46.2,0.588
STN-03,2021-03-22 20:00:00,2.8,365.0,199.0,6.3,47.8,0.5657
STN-03,2021-03-22 21:00:00,2.1,325.0,178.0,5.7,53.3,0.6154
STN-03,2021-03-22 22:00:00,0.1,111.0,151.0,6.2,50.8,0.6028
STN-03,2021-03-22 23:00:00,0.5,178.0,154.0,6.2,59.1,0.6776
STN-03,2021-03-23 00:00:00,1.5,299.0,154.0,6.2,60.9,0.7292
STN-03,2021-03-23 01:00:00,1.2,264.0,138.0,7.4,62.1,0.8003
STN-03,2021-03-23 02:00:00,1.4,199.0,118.0,6.1,65.3,
STN-03,2021-03-23 03:00:00,1.4,132.0,97.0,7.4,67.3,0.8116
STN-03,2021-03-23 04:00:00,0.9,131.0,78.0,5.6,81.7,0.8854
STN-03,2021-03-23 05:00:00,0.0,23.0,64.0,,86.3,0.9257
STN-03,2021-03-23 06:00:00,1.0,175.0,108.0,5.2,81.3,0.883
STN-03,2021-03-23 07:00:00,2.0,326.0,150.0,6.1,81.7,0.9502
STN-03,2021-03-23 08:00:00,2.9,393.0,154.0,4.9,72.8,0.8515
STN-03,2021-03-23 09:00:00,3.6,438.0,157.0,5.0,75.3,0.9068
STN-03,2021-03-23 10:00:00,4.0,483.0,179.0,7.6,73.4,0.9621
STN-03,2021-03-23 11:00:00,4.1,469.0,165.0,10.1,73.6,1.0356
STN-03,2021-03-23 12:00:00,4.4,473.0,177.0,10.9,70.1,1.0002
STN-03,2021-03-23 13:00:00,4.0,432.0,167.0,9.6,72.5,0.9685
STN-03,2021-03-23 14:00:00,,381.0,170.0,9.9,63.4,0.8457
STN-03,2021-03-23 15:00:00,2.8,314.0,149.0,10.3,68.7,0.8846
STN-03,2021-03-23 16:00:00,2.3,270.0,153.0,10.1,69.1,0.9055
STN-03,2021-03-23 17:00:00,3.0,357.0,186.0,8.3,61.1,0.793
STN-03,2021-03-23 18:00:00,3.1,334.0,181.0,7.0,61.9,0.7948
STN-03,2021-03-23 19:00:00,4.0,362.0,195.0,8.7,55.8,0.8008
STN-03,2021-03-23 20:00:00,3.3,356.0,192.0,8.0,59.8,0.8583
STN-03,2021-03-23 21:00:00,2.0,156.0,158.0,8.1,55.0,0.8342
STN-03,2021-03-23 22:00:00,1.4,104.0,138.0,7.6,51.2,0.7825
STN-03,2021-03-23 23:00:00,1.8,,153.0,7.0,46.8,0.7149
STN-03,2021-03-24 00:00:00,1.5,96.0,135.0,6.4,48.5,0.6827
STN-03,2021-03-24 01:00:00,1.7,137.0,139.0,5.9,54.1,0.7421
STN-03,2021-03-24 02:00:00,1.6,111.0,120.0,6.8,55.2,0.793
STN-03,2021-03-24 03:00:00,0.9,74.0,112.0,6.1,57.7,0.7695
STN-03,2021-03-24 04:00:00,1.5,75.0,93.0,7.0,57.1,0.7938
STN-03,2021-03-24 05:00:00,,35.0,100.0,6.2,59.1,0.767
STN-03,2021-03-24 06:00:00,0.0,15.0,100.0,7.2,55.9,0.7551
STN-03,2021-03-24 07:00:00,2.0,270.0,155.0,8.0,52.0,0.7483
STN-03,2021-03-24 08:00:00,3.5,408.0,180.0,9.2,51.6,0.8104
STN-03,2021-03-24 09:00:00,3.9,448.0,196.0,11.0,44.7,0.7927
STN-03,2021-03-24 10:00:00,3.8,468.0,213.0,14.2,40.6,0.8245
STN-03,2021-03-24 11:00:00,2.3,344.0,199.0,15.8,31.6,0.7296
STN-03,2021-03-24 12:00:00,1.6,269.0,202.0,18.2,24.4,0.6918
STN-03,2021-03-24 13:00:00,1.5,190.0,176.0,21.1,24.9,0.8077
STN-03,2021-03-24 14:00:00,0.6,115.0,151.0,21.6,21.8,0.8089
STN-03,2021-03-24 15:00:00,0.6,201.0,155.0,21.7,22.8,0.8046
STN-03,2021-03-24 16:00:00,0.5,147.0,148.0,21.9,20.3,0.7977
STN-03,2021-03-24 17:00:00,1.5,250.0,188.0,20.9,24.0,0.7979
STN-03,2021-03-24 18:00:00,2.8,301.0,189.0,19.1,26.4,0.7824
STN-03,2021-03-24 19:00:00,2.7,290.0,174.0,19.7,29.6,0.8797
STN-03,2021-03-24 20:00:00,2.7,266.0,190.0,18.1,34.6,0.8762
STN-03,2021-03-24 21:00:00,1.6,141.0,162.0,17.9,37.8,0.9179
STN-03,2021-03-24 22:00:00,1.7,174.0,156.0,17.4,45.6,0.9973
STN-03,2021-03-24 23:00:00,1.6,224.0,159.0,15.5,46.9,0.9098
STN-03,2021-03-25 00:00:00,1.0,149.0,118.0,17.2,49.9,1.0629
STN-03,2021-03-25 01:00:00,0.3,92.0,118.0,18.2,48.5,1.0792
STN-03,2021-03-25 02:00:00,0.5,156.0,125.0,18.7,48.7,1.0704
STN-03,2021-03-25 03:00:00,0.5,149.0,135.0,19.1,46.1,1.0789
STN-03,2021-03-25 04:00:00,0.0,1.0,80.0,19.7,43.6,1.0754
STN-03,2021-03-25 05:00:00,0.0,1.0,73.0,18.3,42.5,1.0167
STN-03,2021-03-25 06:00:00,0.0,1.0,94.0,16.5,53.9,1.0849
STN-03,2021-03-25 07:00:00,0.0,65.0,122.0,16.0,51.3,1.0756
STN-03,2021-03-25 08:00:00,0.9,215.0,144.0,17.9,47.5,1.0902
STN-03,2021-03-25 09:00:00,0.8,,141.0,17.8,49.0,1.1153
STN-03,2021-03-25 10:00:00,0.4,188.0,159.0,19.2,41.6,1.0336
STN-03,2021-03-25 11:00:00,1.0,214.0,169.0,21.3,41.2,1.069
STN-03,2021-03-25 12:00:00,1.0,194.0,173.0,21.9,40.3,1.0809
STN-03,2021-03-25 13:00:00,1.1,153.0,177.0,23.4,37.7,1.106
STN-03,2021-03-25 14:00:00,1.9,228.0,196.0,23.5,37.2,1.1498
STN-03,2021-03-25 15:00:00,1.7,179.0,189.0,24.2,36.9,1.163
STN-03,2021-03-25 16:00:00,3.0,300.0,204.0,24.8,34.7,1.1702
STN-03,2021-03-25 17:00:00,4.1,431.0,204.0,24.0,35.9,1.1444
STN-03,2021-03-25 18:00:00,3.7,387.0,184.0,22.2,41.9,1.2014
STN-03,2021-03-25 19:00:00,3.9,420.0,188.0,19.2,47.3,1.1968
STN-03,2021-03-25 20:00:00,3.4,391.0,161.0,16.8,51.0,1.1791
STN-03,2021-03-25 21:00:00,3.2,446.0,181.0,16.3,56.8,1.2337
STN-03,2021-03-25 22:00:00,2.2,389.0,,14.7,54.9,1.184
STN-03,2021-03-25 23:00:00,1.0,254.0,168.0,14.4,54.4,1.1489
STN-03,2021-03-26 00:00:00,0.0,100.0,137.0,14.2,52.0,1.091
STN-03,2021-03-26 01:00:00,0.4,91.0,155.0,15.1,53.8,1.1479
STN-03,2021-03-26 02:00:00,0.0,40.0,125.0,15.6,56.7,1.2017
STN-03,2021-03-26 03:00:00,,55.0,147.0,14.4,55.7,1.136
STN-03,2021-03-26 04:00:00,0.0,1.0,107.0,14.4,55.6,1.1293
STN-03,2021-03-26 05:00:00,0.0,14.0,125.0,13.8,58.2,1.1583
STN-03,2021-03-26 06:00:00,0.0,1.0,126.0,14.2,55.9,1.1526
STN-03,2021-03-26 07:00:00,0.0,21.0,133.0,13.1,56.1,1.1432
STN-03,2021-03-26 08:00:00,,98.0,152.0,13.8,53.8,1.1404
STN-03,2021-03-26 09:00:00,1.1,176.0,173.0,16.5,54.0,1.1846
STN-03,2021-03-26 10:00:00,0.3,155.0,157.0,20.3,50.1,1.2437
STN-03,2021-03-26 11:00:00,0.4,176.0,157.0,22.3,42.0,1.2022
STN-03,2021-03-26 12:00:00,0.2,142.0,159.0,23.7,43.8,1.2638
STN-03,2021-03-26 13:00:00,1.1,258.0,162.0,22.8,44.1,1.2365
STN-03,2021-03-26 14:00:00,0.6,160.0,146.0,,43.1,1.1779
STN-03,2021-03-26 15:00:00,1.3,261.0,165.0,21.1,46.9,1.1649
STN-03,2021-03-26 16:00:00,1.7,300.0,188.0,21.5,49.7,1.2129
STN-03,2021-03-26 17:00:00,2.8,412.0,204.0,20.6,58.5,1.3049
STN-03,2021-03-26 18:00:00,4.2,558.0,220.0,19.3,63.5,1.3616
STN-03,2021-03-26 19:00:00,4.0,556.0,214.0,19.0,64.6,1.4092
STN-03,2021-03-26 20:00:00,3.6,534.0,208.0,16.8,72.1,1.485
STN-03,2021-03-26 21:00:00,3.3,514.0,211.0,16.0,77.0,1.5371
STN-03,2021-03-26 22:00:00,3.2,449.0,191.0,17.1,,1.6011
STN-03,2021-03-26 23:00:00,,352.0,190.0,17.5,74.2,1.5776
STN-03,2021-03-27 00:00:00,2.3,252.0,179.0,16.5,76.4,1.6394
STN-03,2021-03-27 01:00:00,2.2,267.0,163.0,14.4,77.3,1.5887
STN-03,2021-03-27 02:00:00,1.8,365.0,179.0,13.7,74.8,1.5437
STN-03,2021-03-27 03:00:00,0.7,311.0,178.0,12.5,75.5,1.5187
STN-03,2021-03-27 04:00:00,1.4,283.0,157.0,12.5,71.1,1.4551
STN-03,2021-03-27 05:00:00,1.8,338.0,163.0,13.1,71.6,1.4882
STN-03,2021-03-27 06:00:00,1.4,325.0,154.0,13.1,73.6,1.4921
STN-03,2021-03-27 07:00:00,2.3,392.0,189.0,12.2,71.3,1.4372
STN-03,2021-03-27 08:00:00,3.3,506.0,225.0,14.7,62.8,1.4414
STN-03,2021-03-27 09:00:00,3.7,540.0,232.0,17.0,58.1,1.4982
STN-03,2021-03-27 10:00:00,2.8,,231.0,19.7,51.5,1.4632
STN-03,2021-03-27 11:00:00,2.9,531.0,241.0,21.3,41.3,1.4039
STN-03,2021-03-27 12:00:00,3.2,599.0,242.0,24.5,39.3,1.4575
STN-03,2021-03-27 13:00:00,3.6,590.0,216.0,24.2,46.9,1.5529
STN-03,2021-03-27 14:00:00,4.5,,228.0,23.3,51.7,1.5995
STN-03,2021-03-27 15:00:00,3.7,535.0,220.0,23.0,50.5,1.5948
STN-03,2021-03-27 16:00:00,4.1,439.0,201.0,23.4,49.4,1.6103
STN-03,2021-03-27 17:00:00,4.8,486.0,226.0,22.4,49.7,1.5967
STN-03,2021-03-27 18:00:00,5.0,487.0,223.0,22.7,47.3,1.5989
STN-03,2021-03-27 19:00:00,6.8,653.0,241.0,21.5,59.8,1.7113
STN-03,2021-03-27 20:00:00,5.2,543.0,225.0,19.7,60.8,1.6544
STN-03,2021-03-27 21:00:00,3.9,493.0,217.0,19.1,66.7,1.6573
STN-03,2021-03-27 22:00:00,2.4,394.0,192.0,18.8,68.6,1.6708
STN-03,2021-03-27 23:00:00,1.5,286.0,166.0,17.5,70.8,1.6671
STN-03,2021-03-28 00:00:00,2.2,372.0,195.0,18.4,66.4,1.6419
STN-03,2021-03-28 01:00:00,1.5,300.0,170.0,19.1,60.4,1.5993
STN-03,2021-03-28 02:00:00,1.1,207.0,154.0,18.3,57.4,1.5392
STN-03,2021-03-28 03:00:00,0.7,207.0,152.0,18.2,,1.5546
STN-03,2021-03-28 04:00:00,0.9,209.0,123.0,17.6,56.8,1.5013
STN-03,2021-03-28 05:00:00,0.3,185.0,122.0,16.7,57.5,1.4918
STN-03,2021-03-28 06:00:00,0.4,221.0,128.0,15.5,62.1,1.5114
STN-03,2021-03-28 07:00:00,1.6,333.0,155.0,16.5,61.4,1.5367
STN-03,2021-03-28 08:00:00,2.7,483.0,195.0,17.7,53.6,1.4774
STN-03,2021-03-28 09:00:00,,503.0,,19.1,44.4,1.4381
STN-03,2021-03-28 10:00:00,2.6,570.0,240.0,21.4,36.0,1.4184
STN-03,2021-03-28 11:00:00,2.5,555.0,233.0,23.5,34.3,1.423
STN-03,2021-03-28 12:00:00,1.6,429.0,213.0,23.9,36.0,1.4445
STN-03,2021-03-28 13:00:00,1.3,383.0,202.0,24.5,35.2,1.4156
STN-03,2021-03-28 14:00:00,1.5,387.0,185.0,24.8,36.2,1.3971
STN-03,2021-03-28 15:00:00,1.3,393.0,165.0,23.9,33.4,1.315
STN-03,2021-03-28 16:00:00,1.3,339.0,153.0,24.1,30.1,1.2794
STN-03,2021-03-28 17:00:00,2.0,349.0,150.0,22.4,38.8,1.3316
STN-03,2021-03-28 18:00:00,2.8,400.0,158.0,21.9,46.8,1.4355
STN-03,2021-03-28 19:00:00,3.2,472.0,163.0,20.5,51.4,1.4617
STN-03,2021-03-28 20:00:00,3.6,443.0,165.0,20.1,58.5,1.5337
STN-03,2021-03-28 21:00:00,2.7,306.0,133.0,19.3,65.3,1.6137
STN-03,2021-03-28 22:00:00,1.6,213.0,122.0,18.3,65.9,1.6072
STN-03,2021-03-28 23:00:00,1.3,98.0,109.0,17.0,64.9,1.5391
STN-03,2021-03-29 00:00:00,1.2,151.0,136.0,15.2,66.3,1.4545
STN-03,2021-03-29 01:00:00,0.8,108.0,119.0,13.3,66.5,1.3682
STN-03,2021-03-29 02:00:00,0.3,79.0,97.0,12.7,68.4,1.3532
STN-03,2021-03-29 03:00:00,0.0,95.0,110.0,11.6,61.7,1.2432
STN-03,2021-03-29 04:00:00,0.2,72.0,93.0,12.2,63.1,1.2571
STN-03,2021-03-29 05:00:00,0.1,20.0,89.0,12.8,62.9,1.2855
STN-03,2021-03-29 06:00:00,1.4,145.0,123.0,12.5,65.9,1.3033
STN-03,2021-03-29 07:00:00,2.5,334.0,152.0,13.5,67.5,1.3466
STN-03,2021-03-29 08:00:00,3.5,456.0,167.0,13.7,73.4,1.4077
STN-03,2021-03-29 09:00:00,3.1,361.0,154.0,15.1,67.0,1.3635
STN-03,2021-03-29 10:00:00,3.3,340.0,153.0,18.8,56.8,1.3653
STN-03,2021-03-29 11:00:00,3.0,372.0,160.0,19.1,54.5,1.3283
STN-03,2021-03-29 12:00:00,,501.0,177.0,19.6,57.2,1.3291
STN-03,2021-03-29 13:00:00,3.3,552.0,190.0,20.7,,1.281
STN-03,2021-03-29 14:00:00,2.1,400.0,167.0,19.8,52.2,1.2397
STN-03,2021-03-29 15:00:00,2.0,388.0,165.0,19.2,49.7,1.1944
STN-03,2021-03-29 16:00:00,1.9,324.0,147.0,18.9,53.3,1.2292
STN-03,2021-03-29 17:00:00,2.4,343.0,175.0,18.0,55.6,
STN-03,2021-03-29 18:00:00,3.2,399.0,208.0,16.6,52.6,1.1905
STN-03,2021-03-29 19:00:00,4.1,497.0,199.0,16.4,56.2,1.2506
STN-03,2021-03-29 20:00:00,3.7,484.0,189.0,13.5,63.8,1.2315
STN-03,2021-03-29 21:00:00,2.3,,179.0,10.8,65.2,1.1728
STN-03,2021-03-29 22:00:00,1.7,237.0,153.0,9.4,62.3,1.1182
STN-03,2021-03-29 23:00:00,2.1,201.0,138.0,10.0,61.4,1.1472
STN-03,2021-03-30 00:00:00,2.3,273.0,152.0,9.1,60.2,1.0441
STN-03,2021-03-30 01:00:00,1.9,182.0,133.0,8.2,62.9,1.0332
STN-03,2021-03-30 02:00:00,1.5,295.0,138.0,5.5,65.7,0.9597
STN-03,2021-03-30 03:00:00,0.9,274.0,139.0,5.5,64.2,0.9069
STN-03,2021-03-30 04:00:00,1.2,165.0,106.0,5.8,66.0,0.9496
STN-03,2021-03-30 05:00:00,0.4,127.0,91.0,6.1,70.9,1.0126
STN-03,2021-03-30 06:00:00,0.3,185.0,123.0,4.6,74.3,0.999
STN-03,2021-03-30 07:00:00,0.9,228.0,119.0,5.2,66.9,0.9393
STN-03,2021-03-30 08:00:00,1.9,407.0,156.0,6.4,67.5,0.9807
STN-03,2021-03-30 09:00:00,2.4,478.0,,8.2,62.9,0.9867
STN-03,2021-03-30 10:00:00,,,151.0,10.6,51.8,0.9274
STN-03,2021-03-30 11:00:00,1.7,340.0,148.0,12.8,46.0,0.896
STN-03,2021-03-30 12:00:00,1.6,288.0,128.0,15.3,43.7,0.9342
STN-03,2021-03-30 13:00:00,,254.0,,17.5,42.0,0.9481
STN-03,2021-03-30 14:00:00,1.0,142.0,117.0,17.3,39.3,0.8985
STN-03,2021-03-30 15:00:00,1.5,228.0,131.0,16.7,40.9,0.8779
STN-03,2021-03-30 16:00:00,1.1,309.0,145.0,16.5,40.9,0.8795
STN-03,2021-03-30 17:00:00,1.7,365.0,152.0,17.1,45.1,0.9376
STN-03,2021-03-30 18:00:00,2.4,356.0,164.0,15.2,50.4,0.9828
STN-03,2021-03-30 19:00:00,1.8,276.0,149.0,13.3,52.7,1.0243
STN-03,2021-03-30 20:00:00,1.4,335.0,169.0,11.6,55.8,1.0102
STN-03,2021-03-30 21:00:00,0.3,254.0,171.0,11.0,56.2,1.0029
STN-03,2021-03-30 22:00:00,0.0,192.0,139.0,10.4,57.8,1.0064
STN-03,2021-03-30 23:00:00,0.2,224.0,138.0,9.9,64.0,1.0641
STN-03,2021-03-31 00:00:00,1.1,256.0,130.0,11.4,65.4,1.1505
STN-03,2021-03-31 01:00:00,0.7,204.0,126.0,12.3,62.3,1.1437
STN-03,2021-03-31 02:00:00,1.3,196.0,119.0,12.4,65.0,1.1784
STN-03,2021-03-31 03:00:00,0.0,147.0,141.0,10.7,63.4,1.0839
STN-03,2021-03-31 04:00:00,0.0,88.0,103.0,10.4,62.8,1.088
STN-03,2021-03-31 05:00:00,0.0,31.0,75.0,10.8,,1.1572
STN-03,2021-03-31 06:00:00,0.1,72.0,102.0,9.6,63.1,1.0949
STN-03,2021-03-31 07:00:00,1.1,226.0,140.0,11.1,58.3,1.0632
STN-03,2021-03-31 08:00:00,1.6,299.0,168.0,12.3,53.1,1.0301
STN-03,2021-03-31 09:00:00,1.9,403.0,186.0,13.8,47.6,1.0199
STN-03,2021-03-31 10:00:00,1.7,426.0,200.0,16.1,43.5,1.0294
STN-03,2021-03-31 11:00:00,1.2,368.0,212.0,17.6,38.7,0.9954
STN-03,2021-03-31 12:00:00,1.0,353.0,192.0,18.6,41.9,1.0429
STN-03,2021-03-31 13:00:00,1.6,368.0,182.0,19.5,38.1,1.0219
STN-03,2021-03-31 14:00:00,1.6,325.0,174.0,19.4,35.4,1.0014
STN-03,2021-03-31 15:00:00,,286.0,155.0,20.0,38.4,1.0406
STN-03,2021-03-31 16:00:00,1.0,,160.0,19.1,43.6,1.0829
STN-03,2021-03-31 17:00:00,1.7,348.0,170.0,17.3,45.7,1.0558
STN-03,2021-03-31 18:00:00,1.7,305.0,149.0,15.6,45.1,1.0446
STN-03,2021-03-31 19:00:00,2.6,442.0,169.0,14.2,48.9,1.0557
STN-03,2021-03-31 20:00:00,2.3,504.0,178.0,14.0,49.8,1.0673
STN-03,2021-03-31 21:00:00,1.5,396.0,161.0,11.4,53.4,1.0244
STN-03,2021-03-31 22:00:00,1.0,343.0,157.0,11.4,55.6,1.0239
STN-03,2021-03-31 23:00:00,1.0,334.0,172.0,10.2,59.5,1.0289
STN-03,2021-04-01 00:00:00,1.4,180.0,136.0,14.6,59.2,1.1837
STN-03,2021-04-01 01:00:00,0.4,145.0,140.0,13.9,57.0,1.154
STN-03,2021-04-01 02:00:00,0.0,,133.0,14.6,55.4,1.1959
STN-03,2021-04-01 03:00:00,0.2,81.0,143.0,13.6,55.5,1.1615
STN-03,2021-04-01 04:00:00,0.0,1.0,99.0,14.2,57.4,1.1836
STN-03,2021-04-01 05:00:00,0.0,1.0,83.0,14.6,56.6,1.1859
STN-03,2021-04-01 06:00:00,0.0,1.0,104.0,14.7,52.4,1.1196
STN-03,2021-04-01 07:00:00,0.0,55.0,125.0,13.1,54.9,1.0968
STN-03,2021-04-01 08:00:00,2.1,215.0,139.0,14.3,53.9,1.139
STN-03,2021-04-01 09:00:00,2.8,258.0,147.0,16.8,55.7,1.2366
STN-03,2021-04-01 10:00:00,3.3,273.0,171.0,19.2,49.5,1.2144
STN-03,2021-04-01 11:00:00,2.5,192.0,150.0,20.2,49.5,1.1817
STN-03,2021-04-01 12:00:00,2.5,192.0,150.0,20.2,49.5,1.1817
STN-03,2021-04-01 13:00:00,3.0,229.0,165.0,20.9,47.3,1.1356
STN-03,2021-04-01 14:00:00,2.3,136.0,,21.0,45.6,1.1075
STN-03,2021-04-01 15:00:00,1.4,114.0,142.0,22.3,37.6,1.0852
STN-03,2021-04-01 16:00:00,,4.0,129.0,21.1,32.0,0.9699
STN-03,2021-04-01 17:00:00,2.7,152.0,161.0,20.0,37.5,0.9871
STN-03,2021-04-01 18:00:00,4.0,240.0,174.0,17.5,47.4,1.0561
STN-03,2021-04-01 19:00:00,3.7,226.0,169.0,15.8,54.9,1.1181
STN-03,2021-04-01 20:00:00,3.9,304.0,184.0,12.8,64.6,1.1574
STN-03,2021-04-01 21:00:00,3.9,273.0,191.0,12.9,68.1,1.1979
STN-03,2021-04-01 22:00:00,2.4,205.0,164.0,12.0,74.6,1.2911
STN-03,2021-04-01 23:00:00,2.0,160.0,140.0,11.9,80.5,1.356
STN-03,2021-04-02 00:00:00,2.6,,,12.0,74.3,1.2975
STN-03,2021-04-02 01:00:00,,223.0,130.0,12.5,76.1,1.2997
STN-03,2021-04-02 02:00:00,1.2,59.0,99.0,12.7,74.4,1.3081
STN-03,2021-04-02 03:00:00,1.5,102.0,120.0,12.3,73.2,1.2758
STN-03,2021-04-02 04:00:00,1.0,117.0,86.0,12.5,69.5,1.2083
STN-03,2021-04-02 05:00:00,0.5,150.0,98.0,12.8,65.9,
STN-03,2021-04-02 06:00:00,0.4,92.0,94.0,13.4,69.4,1.26
STN-03,2021-04-02 07:00:00,2.5,282.0,137.0,14.8,70.9,1.2856
STN-03,2021-04-02 08:00:00,3.4,402.0,162.0,15.1,66.1,1.2772
STN-03,2021-04-02 09:00:00,2.8,314.0,156.0,15.9,61.1,1.2302
STN-03,2021-04-02 10:00:00,2.5,281.0,155.0,17.9,50.2,1.1612
STN-03,2021-04-02 11:00:00,3.0,286.0,170.0,21.8,47.7,1.237
STN-03,2021-04-02 12:00:00,3.0,382.0,173.0,23.9,41.2,1.226
STN-03,2021-04-02 13:00:00,2.7,313.0,158.0,24.6,38.9,1.2181
STN-03,2021-04-02 14:00:00,2.6,275.0,163.0,25.2,36.6,1.236
STN-03,2021-04-02 15:00:00,2.3,289.0,173.0,24.6,41.1,1.2343
STN-03,2021-04-02 16:00:00,,354.0,175.0,24.1,47.9,1.3067
STN-03,2021-04-02 17:00:00,3.3,398.0,183.0,24.5,48.4,1.3396
STN-03,2021-04-02 18:00:00,4.0,408.0,196.0,22.1,49.1,1.3019
STN-03,2021-04-02 19:00:00,3.8,329.0,184.0,21.3,49.0,1.331
STN-03,2021-04-02 20:00:00,3.5,349.0,188.0,18.5,51.5,1.2906
STN-03,2021-04-02 21:00:00,2.0,227.0,152.0,19.0,53.8,1.3515
STN-03,2021-04-02 22:00:00,1.0,38.0,138.0,16.6,49.4,1.2094
STN-03,2021-04-02 23:00:00,1.6,106.0,142.0,16.0,52.3,1.2014
STN-03,2021-04-03 00:00:00,4.299590688325059,1.0,110.0,15.6,51.5,1.1782
STN-03,2021-04-03 01:00:00,0.5,1.0,108.0,14.5,53.8,1.141
STN-03,2021-04-03 02:00:00,0.0,1.0,50.0,13.9,54.8,1.1364
STN-03,2021-04-03 03:00:00,0.0,1.0,58.0,10.8,60.2,1.0841
STN-03,2021-04-03 04:00:00,0.0,1.0,53.0,10.4,62.6,1.0808
STN-03,2021-04-03 05:00:00,0.0,1.0,,10.2,60.0,1.0629
STN-03,2021-04-03 06:00:00,0.0,1.0,43.0,10.9,61.9,1.1014
STN-03,2021-04-03 07:00:00,0.0,,71.0,12.2,64.4,1.1782
STN-03,2021-04-03 08:00:00,0.0,1.0,75.0,13.8,61.7,1.201
STN-03,2021-04-03 09:00:00,0.0,1.0,84.0,15.6,61.6,1.2735
STN-03,2021-04-03 10:00:00,0.0,1.0,92.0,17.5,55.8,1.2781
STN-03,2021-04-03 11:00:00,0.0,1.0,80.0,18.3,46.2,1.1949
STN-03,2021-04-03 12:00:00,0.0,1.0,78.0,20.2,39.7,1.1741
STN-03,2021-04-03 13:00:00,0.0,1.0,82.0,20.7,44.8,1.2202
STN-03,2021-04-03 14:00:00,0.0,1.0,99.0,21.2,38.2,1.1761
STN-03,2021-04-03 15:00:00,0.0,1.0,104.0,20.8,35.5,1.0882
STN-03,2021-04-03 16:00:00,0.7,19.0,125.0,19.9,37.9,1.0937
STN-03,2021-04-03 17:00:00,0.8,62.0,126.0,18.7,37.9,1.0844
STN-03,2021-04-03 18:00:00,2.0,95.0,133.0,16.0,41.3,1.0203
STN-03,2021-04-03 19:00:00,3.0,271.0,168.0,13.7,47.2,1.0314
STN-03,2021-04-03 20:00:00,3.3,262.0,164.0,12.8,50.3,1.0632
STN-03,2021-04-03 21:00:00,,226.0,151.0,11.6,53.0,1.0326
STN-03,2021-04-03 22:00:00,1.6,136.0,121.0,8.9,62.1,1.0577
STN-03,2021-04-03 23:00:00,1.1,165.0,129.0,7.9,64.0,1.0383
STN-03,2021-04-04 00:00:00,1.7,221.0,141.0,7.1,68.3,1.0367
STN-03,2021-04-04 01:00:00,1.3,143.0,118.0,7.2,72.1,1.1028
STN-03,2021-04-04 02:00:00,0.7,138.0,89.0,6.1,70.9,1.0333
STN-03,2021-04-04 03:00:00,0.5,227.0,117.0,5.0,73.7,1.0503
STN-03,2021-04-04 04:00:00,0.5,266.0,100.0,5.5,67.3,1.0004
STN-03,2021-04-04 05:00:00,0.0,160.0,56.0,5.6,72.1,1.0489
STN-03,2021-04-04 06:00:00,0.0,102.0,60.0,4.4,70.5,0.9785
STN-03,2021-04-04 07:00:00,0.0,137.0,92.0,5.4,70.6,1.0127
STN-03,2021-04-04 08:00:00,0.0,194.0,116.0,6.4,72.5,1.06
STN-03,2021-04-04 09:00:00,0.0,170.0,121.0,7.3,69.2,1.0752
STN-03,2021-04-04 10:00:00,0.0,158.0,129.0,10.4,62.4,1.1077
STN-03,2021-04-04 11:00:00,0.0,51.0,123.0,12.5,55.3,1.066
STN-03,2021-04-04 12:00:00,0.0,125.0,123.0,14.6,56.1,1.1429
STN-03,2021-04-04 13:00:00,0.0,193.0,147.0,15.8,61.9,1.2333
STN-03,2021-04-04 14:00:00,0.0,219.0,,16.9,55.3,1.1771
STN-03,2021-04-04 15:00:00,0.6,280.0,190.0,17.2,51.9,1.1429
STN-03,2021-04-04 16:00:00,1.3,327.0,193.0,17.4,53.6,1.1831
STN-03,2021-04-04 17:00:00,1.7,391.0,196.0,17.3,52.7,1.1931
STN-03,2021-04-04 18:00:00,2.7,500.0,214.0,15.8,55.2,1.1962
STN-03,2021-04-04 19:00:00,3.4,444.0,199.0,14.8,56.8,1.2225
STN-03,2021-04-04 20:00:00,3.8,436.0,199.0,15.1,58.3,1.2614
STN-03,2021-04-04 21:00:00,3.3,340.0,172.0,15.1,63.5,1.3394
STN-03,2021-04-04 22:00:00,,228.0,154.0,14.3,,1.2762
STN-03,2021-04-04 23:00:00,4.0,,179.0,14.8,65.2,1.3583
STN-03,2021-04-05 00:00:00,3.6,363.0,181.0,14.0,61.6,1.2982
STN-03,2021-04-05 01:00:00,3.2,244.0,174.0,13.9,55.7,1.2568
STN-03,2021-04-05 02:00:00,2.5,190.0,158.0,13.7,56.8,1.2421
STN-03,2021-04-05 03:00:00,1.6,137.0,148.0,12.7,52.2,1.1715
STN-03,2021-04-05 04:00:00,1.7,242.0,126.0,12.5,57.3,1.2085
STN-03,2021-04-05 05:00:00,0.6,212.0,123.0,9.9,61.7,1.1757
STN-03,2021-04-05 06:00:00,,356.0,173.0,10.1,60.6,1.1375
STN-03,2021-04-05 07:00:00,1.8,346.0,,10.8,57.0,1.117
STN-03,2021-04-05 08:00:00,2.5,432.0,204.0,11.8,54.6,1.1285
STN-03,2021-04-05 09:00:00,2.1,434.0,198.0,12.6,52.9,1.1367
STN-03,2021-04-05 10:00:00,1.4,402.0,181.0,15.0,47.6,1.1139
STN-03,2021-04-05 11:00:00,0.0,278.0,158.0,16.8,43.6,1.1253
STN-03,2021-04-05 12:00:00,0.0,200.0,133.0,18.1,46.4,1.1839
STN-03,2021-04-05 13:00:00,0.0,102.0,99.0,16.6,52.9,1.2072
STN-03,2021-04-05 14:00:00,0.1,84.0,113.0,17.1,53.2,1.2533
STN-03,2021-04-05 15:00:00,0.0,1.0,107.0,16.8,51.2,1.2239
STN-03,2021-04-05 16:00:00,0.0,1.0,100.0,15.5,51.0,1.1867
STN-03,2021-04-05 17:00:00,0.9,1.0,96.0,15.1,53.6,1.2275
STN-03,2021-04-05 18:00:00,1.6,37.0,106.0,13.3,56.4,1.2356
STN-03,2021-04-05 19:00:00,2.1,176.0,126.0,,57.0,1.2704
STN-03,2021-04-05 20:00:00,2.9,319.0,148.0,13.9,59.3,1.2886
STN-03,2021-04-05 21:00:00,0.7,115.0,,12.4,60.8,1.2401
STN-03,2021-04-05 22:00:00,0.0,1.0,88.0,10.7,64.1,1.2101
STN-03,2021-04-05 23:00:00,0.1,1.0,106.0,10.5,66.2,1.2282
STN-03,2021-04-06 00:00:00,0.0,1.0,91.0,10.1,69.8,1.2377
STN-03,2021-04-06 01:00:00,0.0,1.0,91.0,9.8,65.4,1.1464
STN-03,2021-04-06 02:00:00,0.0,1.0,81.0,9.7,70.0,1.1649
STN-03,2021-04-06 03:00:00,0.0,1.0,90.0,9.5,69.7,1.1529
STN-03,2021-04-06 04:00:00,0.0,1.0,65.0,10.1,70.7,1.191
STN-03,2021-04-06 05:00:00,0.0,116.0,80.0,9.6,73.9,1.1862
STN-03,2021-04-06 06:00:00,0.6,170.0,89.0,9.4,76.3,1.2024
STN-03,2021-04-06 07:00:00,1.8,226.0,109.0,9.6,71.5,1.1737
STN-03,2021-04-06 08:00:00,3.5,420.0,166.0,10.6,63.4,1.1036
STN-03,2021-04-06 09:00:00,3.4,406.0,174.0,12.4,58.7,1.1022
STN-03,2021-04-06 10:00:00,2.9,304.0,,15.5,,1.1018
STN-03,2021-04-06 11:00:00,2.4,249.0,155.0,17.4,44.3,1.0332
STN-03,2021-04-06 12:00:00,3.5,340.0,182.0,18.7,36.9,1.0032
STN-03,2021-04-06 13:00:00,2.6,246.0,149.0,18.8,41.3,1.0418
STN-03,2021-04-06 14:00:00,2.4,233.0,149.0,19.8,43.3,1.1083
STN-03,2021-04-06 15:00:00,2.1,159.0,125.0,20.1,44.8,1.1491
STN-03,2021-04-06 16:00:00,2.1,201.0,134.0,19.6,47.3,1.1806
STN-03,2021-04-06 17:00:00,2.5,227.0,121.0,18.0,55.4,1.193
STN-03,2021-04-06 18:00:00,3.1,327.0,131.0,17.5,60.9,1.2361
STN-03,2021-04-06 19:00:00,3.8,356.0,138.0,16.6,69.8,1.3261
STN-03,2021-04-06 20:00:00,3.9,386.0,148.0,14.8,72.2,1.3435
STN-03,2021-04-06 21:00:00,3.2,343.0,129.0,15.6,69.4,1.3353
STN-03,2021-04-06 22:00:00,2.4,237.0,131.0,14.5,64.0,1.2197
STN-03,2021-04-06 23:00:00,,159.0,119.0,14.2,64.9,
STN-03,2021-04-07 00:00:00,1.2,116.0,137.0,15.5,58.4,1.152
STN-03,2021-04-07 01:00:00,0.0,31.0,132.0,13.5,56.5,1.0941
STN-03,2021-04-07 02:00:00,0.0,1.0,107.0,13.3,54.5,1.0553
STN-03,2021-04-07 03:00:00,0.0,1.0,105.0,10.7,58.3,1.0396
STN-03,2021-04-07 04:00:00,0.0,1.0,76.0,10.2,54.6,0.9978
STN-03,2021-04-07 05:00:00,0.0,1.0,82.0,10.8,52.4,1.0023
STN-03,2021-04-07 06:00:00,0.0,1.0,90.0,10.8,51.2,0.9956
STN-03,2021-04-07 07:00:00,,1.0,91.0,10.9,49.5,0.9756
STN-03,2021-04-07 08:00:00,0.0,17.0,96.0,12.6,45.9,0.9938
STN-03,2021-04-07 09:00:00,0.1,111.0,114.0,14.4,40.2,0.9824
STN-03,2021-04-07 10:00:00,0.0,22.0,104.0,17.3,32.5,0.988
STN-03,2021-04-07 11:00:00,0.0,1.0,97.0,18.2,32.7,0.9825
STN-03,2021-04-07 12:00:00,0.0,1.0,68.0,20.2,31.5,1.0177
STN-03,2021-04-07 13:00:00,0.0,1.0,63.0,22.2,26.1,2.452857998531149
STN-03,2021-04-07 14:00:00,0.0,1.0,57.0,21.9,28.4,0.9965
STN-03,2021-04-07 15:00:00,0.0,1.0,71.0,23.0,28.3,1.0164
STN-03,2021-04-07 16:00:00,0.0,1.0,62.0,21.0,30.8,0.9549
STN-03,2021-04-07 17:00:00,0.0,1.0,77.0,20.8,35.6,1.0135
STN-03,2021-04-07 18:00:00,1.4,31.0,82.0,18.4,41.5,1.0372
STN-03,2021-04-07 19:00:00,1.6,151.0,107.0,16.4,42.6,1.0219
STN-03,2021-04-07 20:00:00,1.9,174.0,109.0,15.4,44.6,1.0536
STN-03,2021-04-07 21:00:00,1.3,99.0,115.0,15.2,43.5,1.0315
STN-03,2021-04-07 22:00:00,0.4,1.0,102.0,14.7,46.5,1.0613
STN-03,2021-04-07 23:00:00,0.6,1.0,112.0,13.4,52.8,1.1435
STN-03,2021-04-08 00:00:00,1.1,21.0,126.0,13.5,50.4,1.0985
STN-03,2021-04-08 01:00:00,0.6,1.0,113.0,13.7,54.2,1.1503
STN-03,2021-04-08 02:00:00,0.7,1.0,105.0,14.5,52.3,1.1154
STN-03,2021-04-08 03:00:00,0.7,86.0,128.0,13.9,44.8,0.9758
STN-03,2021-04-08 04:00:00,0.0,1.0,98.0,13.2,44.8,0.928
STN-03,2021-04-08 05:00:00,0.0,1.0,97.0,14.2,42.4,0.9374
STN-03,2021-04-08 06:00:00,0.0,1.0,109.0,13.7,42.6,0.8957
STN-03,2021-04-08 07:00:00,0.0,34.0,126.0,13.1,42.5,0.8959
STN-03,2021-04-08 08:00:00,1.5,225.0,159.0,14.1,39.7,0.9096
STN-03,2021-04-08 09:00:00,2.1,331.0,186.0,16.7,29.2,0.8318
STN-03,2021-04-08 10:00:00,2.2,283.0,171.0,19.2,25.6,0.8137
STN-03,2021-04-08 11:00:00,2.0,269.0,173.0,22.1,24.4,0.8997
STN-03,2021-04-08 12:00:00,1.3,258.0,168.0,24.3,24.0,0.9353
STN-03,2021-04-08 13:00:00,1.3,182.0,136.0,25.3,25.2,
STN-03,2021-04-08 14:00:00,1.6,221.0,132.0,26.2,23.6,0.9743
STN-03,2021-04-08 15:00:00,2.3,375.0,147.0,25.4,27.5,0.9741
STN-03,2021-04-08 16:00:00,3.0,409.0,165.0,25.3,27.3,0.9712
STN-03,2021-04-08 17:00:00,2.9,358.0,153.0,25.4,29.0,0.987
STN-03,2021-04-08 18:00:00,3.8,427.0,176.0,23.3,31.6,0.9665
STN-03,2021-04-08 19:00:00,3.4,353.0,182.0,21.1,39.5,0.9905
STN-03,2021-04-08 20:00:00,3.2,300.0,167.0,19.7,43.4,1.0024
STN-03,2021-04-08 21:00:00,1.7,151.0,143.0,20.0,45.0,1.0904
STN-03,2021-04-08 22:00:00,2.3,110.0,136.0,19.2,51.8,1.1668
STN-03,2021-04-08 23:00:00,2.9,229.0,,18.5,51.9,1.1344
STN-03,2021-04-09 00:00:00,2.9,172.0,108.0,17.6,51.5,1.0769
STN-03,2021-04-09 01:00:00,2.6,,,16.6,60.4,1.1709
STN-03,2021-04-09 02:00:00,2.3,,102.0,17.4,58.4,1.2016
STN-03,2021-04-09 03:00:00,2.5,230.0,125.0,16.7,57.4,1.1515
STN-03,2021-04-09 04:00:00,0.7,,76.0,16.5,56.2,1.1451
STN-03,2021-04-09 05:00:00,0.0,24.0,67.0,16.6,58.2,1.1846
STN-03,2021-04-09 06:00:00,0.0,1.0,83.0,15.6,55.6,2.7226748954292592
STN-03,2021-04-09 07:00:00,0.0,52.0,77.0,14.9,53.8,1.0671
STN-03,2021-04-09 08:00:00,0.4,143.0,120.0,16.2,52.8,1.0641
STN-03,2021-04-09 09:00:00,0.2,90.0,112.0,16.6,55.3,1.1013
STN-03,2021-04-09 10:00:00,,74.0,114.0,19.8,44.0,1.0663
STN-03,2021-04-09 11:00:00,0.0,1.0,116.0,23.3,35.1,1.0743
STN-03,2021-04-09 12:00:00,0.0,1.0,104.0,25.7,35.1,1.1372
STN-03,2021-04-09 13:00:00,0.6,1.0,119.0,26.1,38.0,1.1794
STN-03,2021-04-09 14:00:00,0.0,1.0,125.0,26.5,33.1,1.1171
STN-03,2021-04-09 15:00:00,0.2,7.0,121.0,26.8,34.1,1.1055
STN-03,2021-04-09 16:00:00,1.0,164.0,150.0,26.1,33.1,1.0793
STN-03,2021-04-09 17:00:00,1.6,265.0,164.0,25.9,33.0,1.0805
STN-03,2021-04-09 18:00:00,2.8,280.0,178.0,23.3,33.6,1.011
STN-03,2021-04-09 19:00:00,3.0,292.0,176.0,20.4,39.4,0.9846
STN-03,2021-04-09 20:00:00,2.6,293.0,179.0,19.9,42.1,1.0657
STN-03,2021-04-09 21:00:00,1.7,215.0,82.78731931144512,18.9,39.5,1.0509
STN-03,2021-04-09 22:00:00,1.1,168.0,101.31784342740562,18.7,,1.1066
STN-03,2021-04-09 23:00:00,1.1,174.0,144.0,19.4,50.1,1.1961
STN-03,2021-04-10 00:00:00,0.9,196.0,137.0,17.4,49.5,
STN-03,2021-04-10 01:00:00,0.8,167.0,136.0,17.1,47.4,1.0999
STN-03,2021-04-10 02:00:00,0.3,97.0,109.0,15.8,43.8,1.02
STN-03,2021-04-10 03:00:00,0.0,35.0,103.0,15.0,41.8,0.9734
STN-03,2021-04-10 04:00:00,0.0,21.0,97.0,14.3,42.2,0.9442
STN-03,2021-04-10 05:00:00,0.1,68.0,114.0,14.7,43.4,0.923
STN-03,2021-04-10 06:00:00,0.1,140.0,122.0,13.9,42.8,0.9062
STN-03,2021-04-10 07:00:00,0.0,105.0,114.0,,40.0,0.8636
STN-03,2021-04-10 08:00:00,1.1,230.0,126.0,14.0,36.8,0.8696
STN-03,2021-04-10 09:00:00,1.8,281.0,149.0,15.7,29.8,0.8255
STN-03,2021-04-10 10:00:00,1.3,214.0,155.0,17.7,24.6,0.8461
STN-03,2021-04-10 11:00:00,0.9,185.0,145.0,19.7,21.6,0.8406
STN-03,2021-04-10 12:00:00,1.4,146.0,150.0,21.5,24.1,0.9214
STN-03,2021-04-10 13:00:00,1.7,187.0,163.0,23.2,20.9,0.9208
STN-03,2021-04-10 14:00:00,0.7,,126.0,23.2,21.5,0.9244
STN-03,2021-04-10 15:00:00,0.0,6.0,123.0,23.2,22.4,0.9527
STN-03,2021-04-10 16:00:00,0.4,43.0,136.0,24.0,16.3,0.8947
STN-03,2021-04-10 17:00:00,1.1,96.0,152.0,23.5,15.9,0.911
STN-03,2021-04-10 18:00:00,2.7,267.0,168.0,21.5,20.7,0.9207
STN-03,2021-04-10 19:00:00,3.4,314.0,160.0,20.6,18.4,0.8904
STN-03,2021-04-10 20:00:00,2.8,212.0,158.0,19.2,18.5,0.8406
STN-03,2021-04-10 21:00:00,2.2,,140.0,17.8,20.6,0.8249
STN-03,2021-04-10 22:00:00,2.3,197.0,145.0,17.6,24.7,0.8655
STN-03,2021-04-10 23:00:00,2.0,236.0,142.0,16.1,25.2,0.8117
STN-03,2021-04-11 00:00:00,,60.0,111.0,16.4,25.9,0.851
STN-03,2021-04-11 01:00:00,0.9,156.0,109.0,16.3,29.1,0.8528
STN-03,2021-04-11 02:00:00,0.1,69.0,68.0,14.9,36.2,0.8858
STN-03,2021-04-11 03:00:00,0.0,40.0,77.0,16.3,38.2,0.9484
STN-03,2021-04-11 04:00:00,0.0,10.0,47.0,16.0,38.0,0.9082
STN-03,2021-04-11 05:00:00,0.0,78.0,,16.8,39.9,0.9193
STN-03,2021-04-11 06:00:00,0.0,42.0,71.0,16.0,42.7,0.8824
STN-03,2021-04-11 07:00:00,0.1,46.0,73.0,15.6,41.7,0.8471
STN-03,2021-04-11 08:00:00,1.1,197.0,115.0,14.5,39.9,0.78
STN-03,2021-04-11 09:00:00,1.7,292.0,142.0,15.1,41.8,0.7999
STN-03,2021-04-11 10:00:00,0.8,168.0,139.0,17.3,37.0,0.8274
STN-03,2021-04-11 11:00:00,0.8,136.0,130.0,20.8,,0.8319
STN-03,2021-04-11 12:00:00,1.5,133.0,127.0,23.7,26.1,0.8716
STN-03,2021-04-11 13:00:00,1.3,101.0,127.0,23.8,24.2,0.8275
STN-03,2021-04-11 14:00:00,0.6,107.0,135.0,23.8,27.6,0.8682
STN-03,2021-04-11 15:00:00,1.1,148.0,132.0,24.5,21.7,0.806
STN-03,2021-04-11 16:00:00,0.4,36.0,125.0,24.4,17.8,0.7505
STN-03,2021-04-11 17:00:00,2.4,267.0,,23.5,19.4,0.7562
STN-03,2021-04-11 18:00:00,3.2,,162.0,22.2,23.8,0.8235
STN-03,2021-04-11 19:00:00,4.1,417.0,181.0,21.5,26.2,0.8625
STN-03,2021-04-11 20:00:00,2.9,300.0,,21.3,31.0,0.921
STN-03,2021-04-11 21:00:00,1.6,203.0,151.0,21.6,21.6,0.841
STN-03,2021-04-11 22:00:00,1.0,116.0,143.0,20.3,27.3,0.8314
STN-03,2021-04-11 23:00:00,1.3,140.0,149.0,21.3,25.8,0.8372
STN-03,2021-04-12 00:00:00,1.1,140.0,157.0,21.7,31.4,0.853
STN-03,2021-04-12 01:00:00,0.5,140.0,149.0,21.8,32.7,0.9041
STN-03,2021-04-12 02:00:00,0.0,36.0,115.0,22.2,34.4,0.9126
STN-03,2021-04-12 03:00:00,0.0,27.0,,20.1,34.6,0.8421
STN-03,2021-04-12 04:00:00,0.0,1.0,93.0,19.9,35.8,0.8712
STN-03,2021-04-12 05:00:00,0.0,1.0,102.0,20.6,31.8,0.8362
STN-03,2021-04-12 06:00:00,0.0,63.0,109.0,18.8,32.3,0.7849
STN-03,2021-04-12 07:00:00,1.2,221.0,142.0,18.6,33.9,0.7797
STN-03,2021-04-12 08:00:00,2.2,290.0,171.0,19.4,33.4,0.8136
STN-03,2021-04-12 09:00:00,,295.0,183.0,,35.3,0.9175
STN-03,2021-04-12 10:00:00,1.2,249.0,162.0,23.8,34.0,0.9604
STN-03,2021-04-12 11:00:00,2.2,282.0,177.0,24.9,29.5,0.8826
STN-03,2021-04-12 12:00:00,1.9,222.0,160.0,26.4,24.5,0.868
STN-03,2021-04-12 13:00:00,2.0,144.0,146.0,27.2,23.8,0.8795
STN-03,2021-04-12 14:00:00,0.8,67.0,111.0,26.3,17.6,0.7702
STN-03,2021-04-12 15:00:00,0.6,40.0,109.0,26.3,20.3,0.8117
STN-03,2021-04-12 16:00:00,,99.0,133.0,27.1,25.2,0.9153
STN-03,2021-04-12 17:00:00,1.6,136.0,138.0,24.6,25.3,0.873
STN-03,2021-04-12 18:00:00,2.4,243.0,176.0,23.3,32.1,0.9113
STN-03,2021-04-12 19:00:00,4.0,350.0,190.0,21.6,36.2,0.9056
STN-03,2021-04-12 20:00:00,3.3,309.0,192.0,22.7,35.2,0.9572
STN-03,2021-04-12 21:00:00,2.8,328.0,193.0,21.8,37.0,0.962
STN-03,2021-04-12 22:00:00,1.9,199.0,170.0,21.9,31.4,0.8936
STN-03,2021-04-12 23:00:00,1.6,171.0,,21.1,30.5,0.8708
STN-03,2021-04-13 00:00:00,1.2,85.0,131.0,21.2,36.4,0.9414
STN-03,2021-04-13 01:00:00,0.0,1.0,97.0,19.9,37.4,0.9298
STN-04,2021-01-01 00:00:00,2.7,199.0,162.0,3.7,76.6,1.0419
STN-04,2021-01-01 01:00:00,2.7,182.0,148.0,2.8,,1.0623
STN-04,2021-01-01 02:00:00,2.7,165.0,147.0,,80.8,1.011
STN-04,2021-01-01 03:00:00,1.8,68.0,126.0,2.8,74.9,0.9698
STN-04,2021-01-01 04:00:00,1.6,1.0,106.0,1.4,72.8,0.9173
STN-04,2021-01-01 05:00:00,1.1,1.0,107.0,1.0,74.4,0.9167
STN-04,2021-01-01 06:00:00,0.9,1.0,102.0,1.8,74.3,0.9479
STN-04,2021-01-01 07:00:00,1.1,11.0,88.0,0.8,75.3,0.9439
STN-04,2021-01-01 08:00:00,1.6,110.0,100.0,3.6,71.4,1.0165
STN-04,2021-01-01 09:00:00,1.6,114.0,121.0,4.1,60.6,0.9342
STN-04,2021-01-01 10:00:00,1.4,110.0,127.0,6.4,52.4,0.9033
STN-04,2021-01-01 11:00:00,0.9,80.0,124.0,9.3,41.3,0.8274
STN-04,2021-01-01 12:00:00,0.3,1.0,113.0,9.7,42.4,0.836
STN-04,2021-01-01 13:00:00,,63.0,116.0,10.6,41.5,0.8116
STN-04,2021-01-01 14:00:00,1.2,93.0,124.0,8.8,37.0,0.6786
STN-04,2021-01-01 15:00:00,1.6,178.0,138.0,10.0,36.8,0.7101
STN-04,2021-01-01 16:00:00,1.6,119.0,119.0,10.4,,0.6781
STN-04,2021-01-01 17:00:00,2.7,111.0,112.0,10.6,35.2,0.7142
STN-04,2021-01-01 18:00:00,3.6,249.0,140.0,10.1,36.2,
STN-04,2021-01-01 19:00:00,4.1,226.0,140.0,8.1,38.8,0.7178
STN-04,2021-01-01 20:00:00,4.4,352.0,164.0,6.6,39.5,0.6688
STN-04,2021-01-01 21:00:00,3.9,343.0,160.0,5.3,41.3,0.6554
STN-04,2021-01-01 22:00:00,4.0,,177.0,4.3,47.0,0.6798
STN-04,2021-01-01 23:00:00,3.3,310.0,,3.8,43.1,0.644
STN-04,2021-01-02 00:00:00,2.9,,128.0,3.4,48.4,0.6953
STN-04,2021-01-02 01:00:00,2.2,189.0,123.0,3.5,47.5,0.6783
STN-04,2021-01-02 02:00:00,1.4,179.0,107.0,3.5,50.2,0.6909
STN-04,2021-01-02 03:00:00,2.0,316.0,123.0,4.0,49.9,0.6946
STN-04,2021-01-02 04:00:00,1.1,174.0,84.0,3.3,52.0,0.6902
STN-04,2021-01-02 05:00:00,1.0,150.0,70.0,3.2,51.9,
STN-04,2021-01-02 06:00:00,1.5,222.0,83.0,2.9,56.1,0.7167
STN-04,2021-01-02 07:00:00,2.4,249.0,97.0,2.7,51.0,0.6407
STN-04,2021-01-02 08:00:00,3.7,371.0,122.0,3.3,49.9,0.6169
STN-04,2021-01-02 09:00:00,3.6,413.0,135.0,5.8,44.3,0.6371
STN-04,2021-01-02 10:00:00,3.5,379.0,139.0,7.7,42.8,0.6727
STN-04,2021-01-02 11:00:00,2.7,,125.0,10.8,42.3,0.7207
STN-04,2021-01-02 12:00:00,2.6,340.0,123.0,11.4,42.3,0.7391
STN-04,2021-01-02 13:00:00,2.6,324.0,125.0,11.8,40.4,0.7046
STN-04,2021-01-02 14:00:00,2.4,329.0,117.0,11.3,42.6,0.7328
STN-04,2021-01-02 15:00:00,1.9,201.0,96.0,11.1,44.9,0.7428
STN-04,2021-01-02 16:00:00,1.5,147.0,90.0,11.2,46.2,0.7602
STN-04,2021-01-02 17:00:00,1.9,140.0,74.0,10.6,46.7,0.7513
STN-04,2021-01-02 18:00:00,3.9,322.0,101.0,9.3,50.6,0.7547
STN-04,2021-01-02 19:00:00,4.7,428.0,123.0,6.4,,0.7173
STN-04,2021-01-02 20:00:00,4.4,504.0,143.0,7.2,58.2,0.8133
STN-04,2021-01-02 21:00:00,2.4,319.0,121.0,6.3,-43.63949969322391,0.806
STN-04,2021-01-02 22:00:00,2.4,277.0,126.0,6.4,65.2,0.8603
STN-04,2021-01-02 23:00:00,2.0,261.0,104.0,5.8,68.3,0.8642
STN-04,2021-01-03 00:00:00,1.4,196.0,90.0,7.7,64.5,0.8655
STN-04,2021-01-03 01:00:00,1.0,90.0,54.0,7.2,65.9,0.8439
STN-04,2021-01-03 02:00:00,0.6,30.0,34.0,7.3,68.6,0.8292
STN-04,2021-01-03 03:00:00,0.6,84.0,36.0,7.0,68.6,0.8298
STN-04,2021-01-03 04:00:00,0.2,84.0,41.0,7.8,65.1,0.8476
STN-04,2021-01-03 05:00:00,0.3,114.0,47.0,5.7,66.8,0.7971
STN-04,2021-01-03 06:00:00,0.4,151.0,60.0,4.8,70.9,0.7927
STN-04,2021-01-03 07:00:00,1.7,361.0,108.0,5.5,70.2,0.7967
STN-04,2021-01-03 08:00:00,2.7,515.0,155.0,4.1,70.8,0.7475
STN-04,2021-01-03 09:00:00,4.3,634.0,177.0,5.3,65.9,0.7396
STN-04,2021-01-03 10:00:00,4.0,653.0,167.0,8.0,62.3,0.7991
STN-04,2021-01-03 11:00:00,4.3,2421.897507442187,178.0,9.9,60.5,
STN-04,2021-01-03 12:00:00,3.1,532.0,156.0,10.0,58.9,0.7628
STN-04,2021-01-03 13:00:00,3.0,443.0,145.0,10.0,,0.7291
STN-04,2021-01-03 14:00:00,2.5,421.0,160.0,9.8,60.8,0.7795
STN-04,2021-01-03 15:00:00,3.2,532.0,186.0,10.5,59.0,0.7642
STN-04,2021-01-03 16:00:00,2.9,529.0,172.0,10.6,54.7,0.6983
STN-04,2021-01-03 17:00:00,4.6,654.0,202.0,10.0,56.2,0.6842
STN-04,2021-01-03 18:00:00,6.2,760.0,,8.3,66.2,0.7888
STN-04,2021-01-03 19:00:00,6.1,718.0,206.0,8.1,67.7,0.8679
STN-04,2021-01-03 20:00:00,5.1,625.0,170.0,7.1,70.3,0.8751
STN-04,2021-01-03 21:00:00,4.2,576.0,167.0,6.7,69.7,0.8503
STN-04,2021-01-03 22:00:00,3.3,548.0,151.0,7.6,67.0,0.8257
STN-04,2021-01-03 23:00:00,2.0,434.0,139.0,7.7,69.3,0.8191
STN-04,2021-01-04 00:00:00,2.1,473.0,141.0,7.0,69.8,0.8033
STN-04,2021-01-04 01:00:00,2.0,376.0,133.0,7.4,65.2,0.7694
STN-04,2021-01-04 02:00:00,1.4,273.0,108.0,6.7,67.3,0.7834
STN-04,2021-01-04 03:00:00,,203.0,114.0,7.1,65.5,0.7703
STN-04,2021-01-04 04:00:00,0.5,145.0,116.0,7.9,59.2,0.7208
STN-04,2021-01-04 05:00:00,0.3,79.0,100.0,9.1,50.9,0.6663
STN-04,2021-01-04 06:00:00,0.0,55.0,112.0,10.3,52.0,0.761
STN-04,2021-01-04 07:00:00,0.7,123.0,131.0,8.9,50.8,0.6794
STN-04,2021-01-04 08:00:00,1.9,227.0,143.0,10.0,52.2,0.7956
STN-04,2021-01-04 09:00:00,2.2,304.0,,10.2,52.2,0.8166
STN-04,2021-01-04 10:00:00,2.8,399.0,186.0,11.9,42.4,0.7685
STN-04,2021-01-04 11:00:00,2.5,372.0,163.0,14.2,33.9,0.7142
STN-04,2021-01-04 12:00:00,1.6,259.0,136.0,15.7,28.8,0.6892
STN-04,2021-01-04 13:00:00,2.3,293.0,131.0,16.9,33.4,0.7283
STN-04,2021-01-04 14:00:00,2.6,325.0,126.0,16.4,36.1,0.7493
STN-04,2021-01-04 15:00:00,2.5,352.0,126.0,16.8,41.3,0.8036
STN-04,2021-01-04 16:00:00,3.6,451.0,141.0,18.3,41.9,0.8748
STN-04,2021-01-04 17:00:00,4.4,494.0,164.0,16.7,43.5,0.8471
STN-04,2021-01-04 18:00:00,5.4,601.0,196.0,14.2,53.0,0.8879
STN-04,2021-01-04 19:00:00,5.3,539.0,158.0,15.7,58.2,1.0342
STN-04,2021-01-04 20:00:00,5.2,619.0,157.0,12.7,65.3,1.0655
STN-04,2021-01-04 21:00:00,4.2,523.0,151.0,12.8,65.6,1.1054
STN-04,2021-01-04 22:00:00,3.3,455.0,135.0,10.4,66.4,1.045
STN-04,2021-01-04 23:00:00,3.1,445.0,145.0,9.8,68.9,1.0076
STN-04,2021-01-05 00:00:00,3.2,,136.0,9.1,71.0,0.9986
STN-04,2021-01-05 01:00:00,2.9,449.0,139.0,8.6,77.9,1.0521
STN-04,2021-01-05 02:00:00,1.5,345.0,117.0,8.4,73.4,0.9833
STN-04,2021-01-05 03:00:00,1.5,340.0,112.0,7.7,73.9,0.9391
STN-04,2021-01-05 04:00:00,0.9,304.0,94.0,,74.3,0.8877
STN-04,2021-01-05 05:00:00,1.2,308.0,111.0,6.4,72.2,0.8479
STN-04,2021-01-05 06:00:00,1.0,259.0,122.0,5.3,75.1,0.8476
STN-04,2021-01-05 07:00:00,1.4,255.0,117.0,5.0,72.0,0.795
STN-04,2021-01-05 08:00:00,2.7,440.0,166.0,5.2,66.8,0.7489
STN-04,2021-01-05 09:00:00,3.5,494.0,174.0,8.4,60.5,0.792
STN-04,2021-01-05 10:00:00,2.9,442.0,176.0,10.9,54.2,0.7943
STN-04,2021-01-05 11:00:00,2.1,317.0,171.0,12.6,45.8,0.7307
STN-04,2021-01-05 12:00:00,1.8,340.0,,13.2,44.2,0.7115
STN-04,2021-01-05 13:00:00,2.2,294.0,162.0,13.0,45.0,0.6798
STN-04,2021-01-05 14:00:00,2.0,238.0,164.0,12.7,40.4,0.6468
STN-04,2021-01-05 15:00:00,1.8,223.0,151.0,13.3,38.0,0.6446
STN-04,2021-01-05 16:00:00,1.7,215.0,152.0,12.8,38.1,0.6221
STN-04,2021-01-05 17:00:00,2.8,372.0,188.0,10.8,45.9,0.6405
STN-04,2021-01-05 18:00:00,4.1,509.0,206.0,9.1,52.0,0.6588
STN-04,2021-01-05 19:00:00,4.2,522.0,208.0,6.0,56.3,0.6274
STN-04,2021-01-05 20:00:00,3.6,367.0,184.0,5.8,60.2,0.7054
STN-04,2021-01-05 21:00:00,3.1,365.0,166.0,5.6,71.1,0.8209
STN-04,2021-01-05 22:00:00,2.2,327.0,158.0,4.5,71.2,0.7917
STN-04,2021-01-05 23:00:00,2.4,266.0,140.0,3.2,73.4,0.783
STN-04,2021-01-06 00:00:00,2.3,305.0,144.0,3.0,71.7,0.7441
STN-04,2021-01-06 01:00:00,1.8,219.0,129.0,3.1,71.2,0.748
STN-04,2021-01-06 02:00:00,1.5,214.0,112.0,3.9,74.8,0.7758
STN-04,2021-01-06 03:00:00,1.2,243.0,113.0,,80.5,0.8141
STN-04,2021-01-06 04:00:00,1.8,255.0,93.0,2.0,82.2,0.8258
STN-04,2021-01-06 05:00:00,2.7,,96.0,1.2,94.5,0.9398
STN-04,2021-01-06 06:00:00,3.4,,108.0,-0.2,99.0,1.0042
STN-04,2021-01-06 07:00:00,4.5,516.0,137.0,0.2,99.0,1.0155
STN-04,2021-01-06 08:00:00,6.4,752.0,184.0,1.9,90.1,0.9786
STN-04,2021-01-06 09:00:00,5.6,642.0,169.0,2.9,94.1,1.0652
STN-04,2021-01-06 10:00:00,4.0,546.0,164.0,5.5,80.4,1.007
STN-04,2021-01-06 11:00:00,3.0,340.0,141.0,9.2,67.1,0.9533
STN-04,2021-01-06 12:00:00,3.2,367.0,142.0,10.9,73.2,1.0344
STN-04,2021-01-06 13:00:00,4.5,504.0,169.0,11.0,70.2,0.9973
STN-04,2021-01-06 14:00:00,3.8,446.0,144.0,,70.2,0.9956
STN-04,2021-01-06 15:00:00,3.9,493.0,165.0,12.5,72.0,1.0652
STN-04,2021-01-06 16:00:00,4.4,570.0,188.0,13.0,77.5,1.1853
STN-04,2021-01-06 17:00:00,4.1,507.0,193.0,11.4,75.6,1.1442
STN-04,2021-01-06 18:00:00,5.1,571.0,203.0,10.1,70.1,1.0773
STN-04,2021-01-06 19:00:00,5.2,545.0,213.0,8.1,75.5,1.105
STN-04,2021-01-06 20:00:00,5.0,493.0,203.0,6.9,76.6,1.1134
STN-04,2021-01-06 21:00:00,3.9,450.0,196.0,4.2,79.8,1.0742
STN-04,2021-01-06 22:00:00,4.0,385.0,183.0,4.4,82.3,1.0845
STN-04,2021-01-06 23:00:00,3.2,347.0,156.0,4.4,83.0,1.107
STN-04,2021-01-07 00:00:00,2.7,288.0,143.0,3.4,81.9,1.0642
STN-04,2021-01-07 01:00:00,3.1,329.0,,3.4,85.6,1.137
STN-04,2021-01-07 02:00:00,1.7,183.0,99.0,3.4,88.3,1.1624
STN-04,2021-01-07 03:00:00,7.5820309849555745,211.0,98.0,3.4,95.1,1.191
STN-04,2021-01-07 04:00:00,0.9439157279175477,256.0,93.0,3.4,90.8,1.0752
STN-04,2021-01-07 05:00:00,1.9,299.0,108.0,3.4,87.3,1.0058
STN-04,2021-01-07 06:00:00,2.0,331.0,121.0,3.4,91.2,1.0084
STN-04,2021-01-07 07:00:00,3.1,393.0,144.0,1.1,89.0,1.0566
STN-04,2021-01-07 08:00:00,4.8,612.0,183.0,2.7,92.1,1.1201
STN-04,2021-01-07 09:00:00,4.9,664.0,196.0,5.5,88.1,1.1559
STN-04,2021-01-07 10:00:00,3.4,554.0,200.0,7.7,82.7,1.1498
STN-04,2021-01-07 11:00:00,2.9,472.0,196.0,8.6,84.2,1.1549
STN-04,2021-01-07 12:00:00,3.2,491.0,195.0,9.9,84.7,1.1543
STN-04,2021-01-07 13:00:00,2.6,386.0,178.0,12.2,81.1,1.1722
STN-04,2021-01-07 14:00:00,1.8,258.0,156.0,12.6,81.7,1.1613
STN-04,2021-01-07 15:00:00,1.5,184.0,139.0,12.9,80.0,1.1741
STN-04,2021-01-07 16:00:00,2.0,267.0,171.0,12.8,76.4,1.1852
STN-04,2021-01-07 17:00:00,2.6,314.0,188.0,11.7,84.2,1.2362
STN-04,2021-01-07 18:00:00,3.6,410.0,,9.7,84.4,1.2382
STN-04,2021-01-07 19:00:00,4.1,488.0,209.0,6.4,85.0,
STN-04,2021-01-07 20:00:00,4.7,577.0,212.0,5.6,90.0,1.1867
STN-04,2021-01-07 21:00:00,4.3,482.0,185.0,5.7,87.0,1.1826
STN-04,2021-01-07 22:00:00,3.3,369.0,157.0,5.2,87.6,1.1459
STN-04,2021-01-07 23:00:00,,431.0,158.0,5.0,89.5,1.1346
STN-04,2021-01-08 00:00:00,4.4,480.0,169.0,4.8,91.2,1.1109
STN-04,2021-01-08 01:00:00,3.2,406.0,156.0,3.2,89.9,1.0598
STN-04,2021-01-08 02:00:00,3.6,391.0,149.0,3.2,89.0,1.0276
STN-04,2021-01-08 03:00:00,2.5,340.0,171.0,2.1,84.2,0.9325
STN-04,2021-01-08 04:00:00,2.6,346.0,134.0,3.5,82.6,0.958
STN-04,2021-01-08 05:00:00,3.5,438.0,145.0,4.2,85.0,1.0233
STN-04,2021-01-08 06:00:00,3.0,368.0,136.0,3.0,88.4,1.043
STN-04,2021-01-08 07:00:00,2.5,357.0,130.0,3.5,87.1,
STN-04,2021-01-08 08:00:00,2.9,441.0,154.0,3.8,87.7,1.0733
STN-04,2021-01-08 09:00:00,3.3,509.0,155.0,6.3,83.6,1.1155
STN-04,2021-01-08 10:00:00,1.9,422.0,,8.6,78.2,1.0808
STN-04,2021-01-08 11:00:00,2.5,495.0,169.0,10.5,70.4,1.0443
STN-04,2021-01-08 12:00:00,1.7,386.0,147.0,11.6,63.3,
STN-04,2021-01-08 13:00:00,0.6,268.0,134.0,12.0,55.6,0.8592
STN-04,2021-01-08 14:00:00,0.8,248.0,118.0,10.7,57.0,0.8544
STN-04,2021-01-08 15:00:00,0.9,262.0,126.0,10.7,57.0,0.8287
STN-04,2021-01-08 16:00:00,1.9,363.0,143.0,10.2,52.8,0.7769
STN-04,2021-01-08 17:00:00,2.0,385.0,149.0,9.8,54.4,0.7999
STN-04,2021-01-08 18:00:00,2.7,390.0,155.0,8.3,53.0,0.7514
STN-04,2021-01-08 19:00:00,3.2,382.0,157.0,6.2,61.1,0.7573
STN-04,2021-01-08 20:00:00,2.6,366.0,137.0,5.0,65.6,0.7767
STN-04,2021-01-08 21:00:00,3.0,419.0,137.0,4.9,73.1,0.9049
STN-04,2021-01-08 22:00:00,2.1,271.0,115.0,2.4,69.8,0.7714
STN-04,2021-01-08 23:00:00,3.2,433.0,145.0,1.7,75.4,0.7936
STN-04,2021-01-09 00:00:00,2.4,345.0,122.0,,76.6,0.8422
STN-04,2021-01-09 01:00:00,2.1,277.0,124.0,3.2,71.1,0.8332
STN-04,2021-01-09 02:00:00,2.1,238.0,110.0,2.4,70.0,0.7901
STN-04,2021-01-09 03:00:00,1.9,205.0,98.0,2.1,69.0,0.7482
STN-04,2021-01-09 04:00:00,0.8,65.0,70.0,1.0,65.4,0.714
STN-04,2021-01-09 05:00:00,0.0,1.0,53.0,2.0,62.3,0.7067
STN-04,2021-01-09 06:00:00,,1.0,36.0,2.8,66.9,0.7979
STN-04,2021-01-09 07:00:00,1.6,81.0,80.0,3.8,70.1,0.8722
STN-04,2021-01-09 08:00:00,2.1,131.0,92.0,4.0,67.3,0.8387
STN-04,2021-01-09 09:00:00,1.8,202.0,101.0,4.4,66.0,0.888
STN-04,2021-01-09 10:00:00,2.1,203.0,115.0,7.6,58.6,0.8862
STN-04,2021-01-09 11:00:00,2.6,269.0,105.0,9.7,61.2,0.9633
STN-04,2021-01-09 12:00:00,2.1,161.0,101.0,10.6,55.3,0.9058
STN-04,2021-01-09 13:00:00,2.6,225.0,119.0,10.7,55.0,0.8987
STN-04,2021-01-09 14:00:00,2.9,308.0,138.0,10.6,47.5,0.7975
STN-04,2021-01-09 15:00:00,2.5,282.0,137.0,10.5,53.0,0.8555
STN-04,2021-01-09 16:00:00,2.9,399.0,166.0,9.9,55.2,0.8416
STN-04,2021-01-09 17:00:00,4.1,552.0,191.0,9.4,61.5,0.8921
STN-04,2021-01-09 18:00:00,4.4,546.0,199.0,7.7,63.5,0.8558
STN-04,2021-01-09 19:00:00,3.9,497.0,198.0,5.6,69.8,0.8824
STN-04,2021-01-09 20:00:00,3.3,390.0,174.0,5.1,72.4,0.922
STN-04,2021-01-09 21:00:00,2.6,379.0,176.0,4.3,80.9,0.9911
STN-04,2021-01-09 22:00:00,1.7,211.0,131.0,3.1,80.0,0.9464
STN-04,2021-01-09 23:00:00,2.0,324.0,146.0,1.9,83.0,0.947
STN-04,2021-01-10 00:00:00,2.8,303.0,139.0,2.4,79.6,0.9388
STN-04,2021-01-10 01:00:00,2.1,178.0,106.0,1.0,77.2,0.8733
STN-04,2021-01-10 02:00:00,1.2,165.0,92.0,-0.5,77.4,0.7842
STN-04,2021-01-10 03:00:00,1.6,227.0,128.0,-0.7,79.8,0.8307
STN-04,2021-01-10 04:00:00,2.1,207.0,98.0,-1.8,83.5,0.8492
STN-04,2021-01-10 05:00:00,1.7,150.0,77.0,46.61269894496342,85.4,0.8231
STN-04,2021-01-10 06:00:00,2.8,322.0,116.0,-1.8,81.6,0.7768
STN-04,2021-01-10 07:00:00,4.0,417.0,135.0,,85.6,
STN-04,2021-01-10 08:00:00,4.6,545.0,167.0,,80.0,0.7893
STN-04,2021-01-10 09:00:00,4.4,588.0,183.0,1.2,77.3,0.7657
STN-04,2021-01-10 10:00:00,3.6,509.0,172.0,4.0,73.5,0.7904
STN-04,2021-01-10 11:00:00,4.0,574.0,184.0,7.1,66.1,0.8083
STN-04,2021-01-10 12:00:00,3.6,456.0,146.0,8.3,67.1,0.86
STN-04,2021-01-10 13:00:00,3.1,401.0,132.0,9.6,63.7,0.8529
STN-04,2021-01-10 14:00:00,3.9,542.0,165.0,10.0,59.1,0.8189
STN-04,2021-01-10 15:00:00,3.6,534.0,184.0,12.1,55.9,0.8605
STN-04,2021-01-10 16:00:00,3.3,480.0,166.0,11.4,52.7,0.8064
STN-04,2021-01-10 17:00:00,5.2,582.0,204.0,10.8,52.7,0.8239
STN-04,2021-01-10 18:00:00,5.7,629.0,225.0,10.1,119.27465643125227,0.8403
STN-04,2021-01-10 19:00:00,5.9,629.0,224.0,16.441937826701793,51.6,0.8465
STN-04,2021-01-10 20:00:00,5.1,595.0,222.0,5.117258402099953,53.4,0.874
STN-04,2021-01-10 21:00:00,4.2,557.0,185.0,0.04481145269364628,54.0,0.8588
STN-04,2021-01-10 22:00:00,3.7,379.0,179.0,6.8,53.8,0.849
STN-04,2021-01-10 23:00:00,2.7,297.0,,5.0,56.3,0.7715
STN-04,2021-01-11 00:00:00,3.1,353.0,160.0,23.621089416714007,64.4,0.8301
STN-04,2021-01-11 01:00:00,2.9,313.0,130.0,4.6,63.9,0.8719
STN-04,2021-01-11 02:00:00,2.0,297.0,125.0,2.3,66.8,0.8328
STN-04,2021-01-11 03:00:00,2.6,403.0,135.0,1.9,73.8,0.871
STN-04,2021-01-11 04:00:00,2.5,356.0,108.0,1.6,79.0,0.8956
STN-04,2021-01-11 05:00:00,1.7,343.0,108.0,1.0,79.5,0.8387
STN-04,2021-01-11 06:00:00,2.5,385.0,123.0,1.5,80.8,0.8647
STN-04,2021-01-11 07:00:00,3.9,581.0,136.0,0.9,81.9,0.8837
STN-04,2021-01-11 08:00:00,5.1,729.0,165.0,0.6,82.4,0.8806
STN-04,2021-01-11 09:00:00,5.1,685.0,172.0,4.0,74.6,0.8923
STN-04,2021-01-11 10:00:00,,614.0,150.0,6.2,66.9,0.8769
STN-04,2021-01-11 11:00:00,5.5,697.0,186.0,6.8,66.7,0.8344
STN-04,2021-01-11 12:00:00,5.9,648.0,202.0,9.6,60.5,0.8222
STN-04,2021-01-11 13:00:00,5.0,561.0,179.0,10.3,,0.8526
STN-04,2021-01-11 14:00:00,5.4,564.0,182.0,10.2,61.5,0.8316
STN-04,2021-01-11 15:00:00,5.6,586.0,196.0,10.7,59.7,0.8312
STN-04,2021-01-11 16:00:00,5.5,671.0,208.0,11.4,58.5,0.8339
STN-04,2021-01-11 17:00:00,6.1,661.0,217.0,11.6,61.9,0.8764
STN-04,2021-01-11 18:00:00,6.4,689.0,224.0,10.0,60.3,0.8295
STN-04,2021-01-11 19:00:00,7.5,764.0,262.0,8.9,58.4,0.8078
STN-04,2021-01-11 20:00:00,6.3,648.0,237.0,8.3,62.1,0.8155
STN-04,2021-01-11 21:00:00,4.0,490.0,205.0,7.9,56.5,0.7186
STN-04,2021-01-11 22:00:00,3.1,380.0,179.0,6.2,58.3,0.6783
STN-04,2021-01-11 23:00:00,3.2,392.0,197.0,7.0,61.1,0.7108
STN-04,2021-01-12 00:00:00,2.7,362.0,174.0,6.4,66.5,0.7274
STN-04,2021-01-12 01:00:00,2.5,349.0,170.0,6.4,68.3,
STN-04,2021-01-12 02:00:00,1.0,239.0,127.0,5.7,66.8,0.6925
STN-04,2021-01-12 03:00:00,1.1,265.0,129.0,4.7,75.1,0.7307
STN-04,2021-01-12 04:00:00,1.0,247.0,100.0,5.0,73.2,0.7113
STN-04,2021-01-12 05:00:00,0.6,151.0,85.0,4.0,77.1,0.7147
STN-04,2021-01-12 06:00:00,0.3,58.0,82.0,5.0,74.4,0.7128
STN-04,2021-01-12 07:00:00,1.5,114.0,90.0,5.1,70.3,0.6677
STN-04,2021-01-12 08:00:00,2.7,310.0,136.0,7.5,62.6,0.6529
STN-04,2021-01-12 09:00:00,2.0,262.0,115.0,7.7,55.7,0.5664
STN-04,2021-01-12 10:00:00,2.2,308.0,131.0,8.9,48.2,0.4909
STN-04,2021-01-12 11:00:00,1.0,160.0,98.0,9.9,43.5,0.4415
STN-04,2021-01-12 12:00:00,3.4,303.0,126.0,12.4,42.2,0.5133
STN-04,2021-01-12 13:00:00,3.0,252.0,129.0,13.8,42.5,0.5484
STN-04,2021-01-12 14:00:00,3.1,286.0,118.0,14.8,41.9,0.5822
STN-04,2021-01-12 15:00:00,2.6,-289.3972981607599,112.0,14.0,44.9,0.5593
STN-04,2021-01-12 16:00:00,2.4,163.7573081394824,121.0,14.1,42.5,0.541
STN-04,2021-01-12 17:00:00,1.9,-24.97533925931674,120.0,12.8,42.0,0.4902
STN-04,2021-01-12 18:00:00,3.3,1179.1219672488762,136.0,11.5,45.7,0.5344
STN-04,2021-01-12 19:00:00,3.8,370.0,144.0,11.1,,0.6301
STN-04,2021-01-12 20:00:00,5.0,503.0,158.0,10.1,52.5,0.6666
STN-04,2021-01-12 21:00:00,3.7,464.0,159.0,7.8,57.9,0.6334
STN-04,2021-01-12 22:00:00,2.4,305.0,121.0,7.0,59.1,0.6327
STN-04,2021-01-12 23:00:00,1.1,164.0,89.0,5.5,58.9,0.5995
STN-04,2021-01-13 00:00:00,1.1,86.0,72.0,4.9,56.0,0.6053
STN-04,2021-01-13 01:00:00,1.5,111.0,74.0,4.1,54.6,0.5653
STN-04,2021-01-13 02:00:00,1.7,185.0,89.0,2.9,55.2,0.5205
STN-04,2021-01-13 03:00:00,1.7,120.0,96.0,1.0,60.9,0.5218
STN-04,2021-01-13 04:00:00,0.7,15.0,63.0,0.3,63.3,0.4861
STN-04,2021-01-13 05:00:00,1.4,225.0,106.0,-0.1,63.7,0.4867
STN-04,2021-01-13 06:00:00,2.3,424.0,138.0,-1.1,60.6,0.4022
STN-04,2021-01-13 07:00:00,3.7,483.0,152.0,0.5,60.8,0.4391
STN-04,2021-01-13 08:00:00,4.5,583.0,165.0,2.7,59.7,0.5099
STN-04,2021-01-13 09:00:00,4.9,620.0,164.0,3.7,57.0,0.4849
STN-04,2021-01-13 10:00:00,,671.0,195.0,5.1,49.4,0.4407
STN-04,2021-01-13 11:00:00,5.0,693.0,191.0,7.4,42.7,0.4386
STN-04,2021-01-13 12:00:00,4.8,608.0,192.0,9.6,32.7,0.3546
STN-04,2021-01-13 13:00:00,3.6,438.0,170.0,8.7,33.8,0.3057
STN-04,2021-01-13 14:00:00,3.9,474.0,180.0,8.4,31.9,0.2403
STN-04,2021-01-13 15:00:00,3.4,444.0,167.0,7.9,34.4,0.2115
STN-04,2021-01-13 16:00:00,4.3,515.0,182.0,7.6,38.6,0.259
STN-04,2021-01-13 17:00:00,4.5,569.0,187.0,6.6,39.0,0.2463
STN-04,2021-01-13 18:00:00,4.4,579.0,172.0,4.1,41.7,0.1935
STN-04,2021-01-13 19:00:00,5.1,637.0,194.0,2.9,43.8,0.1752
STN-04,2021-01-13 20:00:00,4.3,581.0,178.0,1.2,48.1,0.1887
STN-04,2021-01-13 21:00:00,2.4,359.0,136.0,1.9,44.3,0.1781
STN-04,2021-01-13 22:00:00,2.0,279.0,109.0,1.3,43.8,0.1109
STN-04,2021-01-13 23:00:00,2.6,234.0,103.0,1.2,49.7,0.179
STN-04,2021-01-14 00:00:00,3.0,310.0,94.0,0.8,54.5,0.2042
STN-04,2021-01-14 01:00:00,2.4,322.0,92.0,1.6,56.5,0.2575
STN-04,2021-01-14 02:00:00,2.0,296.0,91.0,0.6,59.3,0.2836
STN-04,2021-01-14 03:00:00,1.5,239.0,79.0,0.4,66.6,0.3497
STN-04,2021-01-14 04:00:00,0.8,146.0,47.0,1.1,60.2,0.3408
STN-04,2021-01-14 05:00:00,1.3,187.0,71.0,0.4,60.6,0.277
STN-04,2021-01-14 06:00:00,0.6,130.0,67.0,0.7,60.6,0.2911
STN-04,2021-01-14 07:00:00,2.3,304.0,103.0,-0.1,64.8,0.3596
STN-04,2021-01-14 08:00:00,2.8,340.0,137.0,1.9,54.4,0.3328
STN-04,2021-01-14 09:00:00,3.0,423.0,145.0,4.3,58.0,0.4241
STN-04,2021-01-14 10:00:00,2.7,522.0,156.0,6.2,59.5,
STN-04,2021-01-14 11:00:00,1.9,391.0,125.0,8.6,50.0,0.406
STN-04,2021-01-14 12:00:00,2.0,351.0,,8.8,51.4,0.3915
STN-04,2021-01-14 13:00:00,1.9,357.0,129.0,10.6,51.8,0.4152
STN-04,2021-01-14 14:00:00,2.1,351.0,130.0,10.3,52.4,0.3902
STN-04,2021-01-14 15:00:00,0.8,154.0,76.0,10.0,55.3,0.3994
STN-04,2021-01-14 16:00:00,1.8,248.0,103.0,10.8,54.8,0.411
STN-04,2021-01-14 17:00:00,2.8,371.0,143.0,10.7,56.8,0.4271
STN-04,2021-01-14 18:00:00,2.9,292.0,131.0,8.7,66.6,0.5263
STN-04,2021-01-14 19:00:00,3.6,387.0,141.0,7.0,74.4,0.6289
STN-04,2021-01-14 20:00:00,3.1,335.0,145.0,6.2,72.3,0.6056
STN-04,2021-01-14 21:00:00,2.7,308.0,125.0,5.6,73.2,0.6717
STN-04,2021-01-14 22:00:00,2.4,230.0,123.0,3.9,73.7,0.6179
STN-04,2021-01-14 23:00:00,2.4,273.0,112.0,3.0,73.5,0.5988
STN-04,2021-01-15 00:00:00,3.5,348.0,,3.8,74.4,0.6285
STN-04,2021-01-15 01:00:00,2.6,163.0,88.0,4.4,72.5,0.6379
STN-04,2021-01-15 02:00:00,1.4,52.0,77.0,5.2,65.3,0.613
STN-04,2021-01-15 03:00:00,3.0,159.0,112.0,4.5,68.4,0.6141
STN-04,2021-01-15 04:00:00,2.8,110.0,87.0,4.5,75.5,0.6916
STN-04,2021-01-15 05:00:00,3.3,265.0,121.0,5.2,72.8,0.6988
STN-04,2021-01-15 06:00:00,3.4,360.0,137.0,4.4,78.3,0.7357
STN-04,2021-01-15 07:00:00,3.6,427.0,168.0,4.9,76.9,0.7247
STN-04,2021-01-15 08:00:00,4.7,546.0,204.0,6.8,72.5,0.7113
STN-04,2021-01-15 09:00:00,3.0,375.0,173.0,7.8,65.2,0.692
STN-04,2021-01-15 10:00:00,4.1,509.0,182.0,11.1,55.9,0.6909
STN-04,2021-01-15 11:00:00,4.5,535.0,183.0,12.7,50.1,0.6645
STN-04,2021-01-15 12:00:00,4.4,515.0,184.0,14.3,52.2,0.7178
STN-04,2021-01-15 13:00:00,4.6,398.0,156.0,14.6,54.9,0.7448
STN-04,2021-01-15 14:00:00,4.2,428.0,156.0,16.2,49.6,0.6559
STN-04,2021-01-15 15:00:00,4.4,472.0,154.0,16.0,47.1,0.6292
STN-04,2021-01-15 16:00:00,3.5,437.0,140.0,15.5,46.2,0.6259
STN-04,2021-01-15 17:00:00,3.2,406.0,144.0,13.8,45.1,0.5473
STN-04,2021-01-15 18:00:00,3.1,401.0,153.0,11.5,51.2,0.5757
STN-04,2021-01-15 19:00:00,2.8,305.0,120.0,9.5,52.5,0.6
STN-04,2021-01-15 20:00:00,2.7,374.0,117.0,,58.3,0.5858
STN-04,2021-01-15 21:00:00,1.7,339.0,116.0,6.6,60.9,0.5829
STN-04,2021-01-15 22:00:00,2.0,351.0,113.0,5.5,66.5,0.6119
STN-04,2021-01-15 23:00:00,1.4,169.0,94.0,3.5,66.8,0.5586
STN-04,2021-01-16 00:00:00,1.3,146.0,98.0,,62.9,0.4534
STN-04,2021-01-16 01:00:00,1.2,160.0,87.0,0.5,69.1,0.469
STN-04,2021-01-16 02:00:00,1.7,157.0,81.0,-0.6,77.5,0.5001
STN-04,2021-01-16 03:00:00,1.2,100.0,95.0,-1.4,81.6,0.4893
STN-04,2021-01-16 04:00:00,1.0,69.0,61.0,-2.9,85.3,0.5031
STN-04,2021-01-16 05:00:00,1.3,117.0,74.0,-1.5,76.9,
STN-04,2021-01-16 06:00:00,0.6,103.0,78.0,-2.6,79.2,0.4233
STN-04,2021-01-16 07:00:00,2.5,264.0,121.0,-0.9,79.7,0.4818
STN-04,2021-01-16 08:00:00,4.1,404.0,151.0,0.5,69.6,0.4362
STN-04,2021-01-16 09:00:00,4.0,368.0,,1.7,64.1,0.4269
STN-04,2021-01-16 10:00:00,3.6,320.0,176.0,2.8,52.1,0.3517
STN-04,2021-01-16 11:00:00,3.3,251.0,154.0,3.2,53.6,0.356
STN-04,2021-01-16 12:00:00,3.1,252.0,141.0,3.2,53.5,0.349
STN-04,2021-01-16 13:00:00,2.9,205.0,120.0,5.4,,0.4558
STN-04,2021-01-16 14:00:00,2.2,133.0,105.0,6.1,,0.4525
STN-04,2021-01-16 15:00:00,2.2,71.0,77.0,5.5,,0.4491
STN-04,2021-01-16 16:00:00,1.7,35.0,73.0,5.7,,0.5605
STN-04,2021-01-16 17:00:00,3.3,229.0,111.0,4.1,,0.5152
STN-04,2021-01-16 18:00:00,4.9,374.0,142.0,3.2,,0.4976
STN-04,2021-01-16 19:00:00,5.0,410.0,144.0,2.7,,0.4685
STN-04,2021-01-16 20:00:00,4.3,374.0,141.0,1.3,,0.4865
STN-04,2021-01-16 21:00:00,2.6,258.0,123.0,-0.2,,0.4979
STN-04,2021-01-16 22:00:00,3.0,301.0,126.0,-0.7,,0.5336
STN-04,2021-01-16 23:00:00,2.2,199.0,120.0,-0.9,66.2,0.4573
STN-04,2021-01-17 00:00:00,2.5,232.0,135.0,-0.9,69.6,0.5163
STN-04,2021-01-17 01:00:00,2.2,242.0,104.0,-0.7,67.8,0.4867
STN-04,2021-01-17 02:00:00,,215.0,97.0,-0.1,,0.5409
STN-04,2021-01-17 03:00:00,1.0,143.0,94.0,0.8,70.9,0.5841
STN-04,2021-01-17 04:00:00,1.1,,86.0,0.6,71.1,0.58
STN-04,2021-01-17 05:00:00,,131.0,68.0,-0.4,72.6,0.5747
STN-04,2021-01-17 06:00:00,1.2,186.0,100.0,,71.2,0.5536
STN-04,2021-01-17 07:00:00,2.5,346.0,128.0,2.1,68.5,0.5918
STN-04,2021-01-17 08:00:00,2.5,343.0,116.0,3.0,68.1,0.649
STN-04,2021-01-17 09:00:00,2.5,368.0,137.0,4.7,63.1,0.5831
STN-04,2021-01-17 10:00:00,3.0,454.0,158.0,6.9,56.3,0.5178
STN-04,2021-01-17 11:00:00,3.3,408.0,139.0,9.6,51.0,0.5241
STN-04,2021-01-17 12:00:00,2.9,322.0,130.0,10.8,50.4,0.5288
STN-04,2021-01-17 13:00:00,3.1,280.0,136.0,12.5,49.4,0.5625
STN-04,2021-01-17 14:00:00,3.3,349.0,134.0,13.3,46.4,0.5248
STN-04,2021-01-17 15:00:00,3.4,325.0,131.0,14.4,46.2,0.5496
STN-04,2021-01-17 16:00:00,4.3,363.0,137.0,17.1,45.0,0.6108
STN-04,2021-01-17 17:00:00,4.2,337.0,158.0,17.5,44.0,0.6397
STN-04,2021-01-17 18:00:00,5.3,478.0,178.0,16.7,46.2,0.6332
STN-04,2021-01-17 19:00:00,6.1,500.0,179.0,15.1,51.2,0.6535
STN-04,2021-01-17 20:00:00,6.2,587.0,,13.6,57.6,0.6842
STN-04,2021-01-17 21:00:00,4.9,504.0,152.0,11.5,61.0,0.6315
STN-04,2021-01-17 22:00:00,3.8,371.0,129.0,11.6,53.8,0.5696
STN-04,2021-01-17 23:00:00,3.3,,123.0,11.1,45.8,0.4673
STN-04,2021-01-18 00:00:00,3.7,381.0,149.0,9.7,53.2,0.5017
STN-04,2021-01-18 01:00:00,3.8,388.0,143.0,9.9,53.3,0.5098
STN-04,2021-01-18 02:00:00,3.5,412.0,130.0,7.9,62.6,0.5392
STN-04,2021-01-18 03:00:00,3.1,348.0,114.0,6.8,61.9,0.4934
STN-04,2021-01-18 04:00:00,3.0,372.0,114.0,7.2,61.9,0.4709
STN-04,2021-01-18 05:00:00,2.2,332.0,112.0,7.2,57.7,0.4112
STN-04,2021-01-18 06:00:00,2.4,273.0,121.0,6.9,56.2,0.3655
STN-04,2021-01-18 07:00:00,3.3,371.0,,7.2,48.3,0.3055
STN-04,2021-01-18 08:00:00,5.0,,178.0,8.0,47.0,0.321
STN-04,2021-01-18 09:00:00,5.4,667.0,185.0,10.0,46.9,0.3826
STN-04,2021-01-18 10:00:00,4.4,577.0,198.0,10.4,44.3,0.3378
STN-04,2021-01-18 11:00:00,4.5,624.0,217.0,11.8,45.8,0.3833
STN-04,2021-01-18 12:00:00,4.7,595.0,216.0,13.8,37.7,0.3362
STN-04,2021-01-18 13:00:00,4.4,520.0,200.0,14.5,36.3,0.3364
STN-04,2021-01-18 14:00:00,3.8,,184.0,14.4,35.7,0.3008
STN-04,2021-01-18 15:00:00,4.3,597.0,195.0,14.4,37.6,0.2773
STN-04,2021-01-18 16:00:00,3.8,530.0,175.0,15.1,35.5,0.2816
STN-04,2021-01-18 17:00:00,4.9,,186.0,16.5,31.7,0.3069
STN-04,2021-01-18 18:00:00,5.7,712.0,207.0,15.8,29.4,0.3038
STN-04,2021-01-18 19:00:00,5.7,651.0,186.0,13.6,35.0,0.3312
STN-04,2021-01-18 20:00:00,5.6,640.0,187.0,12.3,37.7,0.2907
STN-04,2021-01-18 21:00:00,4.9,505.0,155.0,11.8,37.3,0.2684
STN-04,2021-01-18 22:00:00,4.6,557.0,169.0,11.0,40.2,0.2474
STN-04,2021-01-18 23:00:00,5.4,617.0,192.0,9.7,43.3,0.2303
STN-04,2021-01-19 00:00:00,4.0,482.0,165.0,9.6,44.7,0.2592
STN-04,2021-01-19 01:00:00,3.6,540.0,157.0,8.1,46.2,0.2588
STN-04,2021-01-19 02:00:00,3.9,590.0,160.0,7.7,46.5,0.2175
STN-04,2021-01-19 03:00:00,3.9,562.0,168.0,6.7,47.0,0.171
STN-04,2021-01-19 04:00:00,3.1,477.0,147.0,4.8,52.6,0.1591
STN-04,2021-01-19 05:00:00,2.3,350.0,119.0,3.8,57.1,0.1915
STN-04,2021-01-19 06:00:00,2.4,315.0,118.0,4.5,63.6,0.3058
STN-04,2021-01-19 07:00:00,3.2,403.0,151.0,4.5,66.1,0.3008
STN-04,2021-01-19 08:00:00,4.5,571.0,196.0,4.8,58.7,0.2077
STN-04,2021-01-19 09:00:00,4.9,610.0,203.0,6.5,50.7,0.1369
STN-04,2021-01-19 10:00:00,3.3,490.0,175.0,9.9,47.7,0.2345
STN-04,2021-01-19 11:00:00,2.7,441.0,175.0,11.7,44.4,0.2505
STN-04,2021-01-19 12:00:00,2.4,422.0,167.0,11.5,,0.2991
STN-04,2021-01-19 13:00:00,1.5,222.0,140.0,11.6,42.5,0.2261
STN-04,2021-01-19 14:00:00,2.3,275.0,149.0,11.2,38.9,0.156
STN-04,2021-01-19 15:00:00,1.3,199.0,140.0,11.1,35.0,0.1045
STN-04,2021-01-19 16:00:00,1.3,138.0,115.0,11.1,31.4,0.05
STN-04,2021-01-19 17:00:00,2.4,242.0,123.0,10.8,36.1,0.1003
STN-04,2021-01-19 18:00:00,2.6,296.0,123.0,9.7,41.3,0.1795
STN-04,2021-01-19 19:00:00,3.5,356.0,117.0,9.2,46.4,0.2751
STN-04,2021-01-19 20:00:00,3.8,453.0,128.0,7.6,46.1,0.2076
STN-04,2021-01-19 21:00:00,4.3,501.0,138.0,8.2,50.4,0.2933
STN-04,2021-01-19 22:00:00,3.1,266.0,102.0,7.1,55.5,0.3166
STN-04,2021-01-19 23:00:00,3.3,325.0,122.0,6.4,61.7,0.3833
STN-04,2021-01-20 00:00:00,3.4,391.0,115.0,6.2,61.4,0.4515
STN-04,2021-01-20 01:00:00,3.2,341.0,115.0,5.5,65.9,0.4861
STN-04,2021-01-20 02:00:00,2.8,281.0,101.0,4.2,,0.4577
STN-04,2021-01-20 03:00:00,3.0,354.0,121.0,4.8,67.8,0.4677
STN-04,2021-01-20 04:00:00,3.1,363.0,101.0,4.7,68.8,0.5122
STN-04,2021-01-20 05:00:00,3.3,427.0,111.0,3.2,72.5,0.4765
STN-04,2021-01-20 06:00:00,3.4,425.0,111.0,4.4,71.5,0.5114
STN-04,2021-01-20 07:00:00,3.7,454.0,110.0,4.6,72.9,0.5398
STN-04,2021-01-20 08:00:00,5.0,565.0,140.0,6.3,70.5,0.5723
STN-04,2021-01-20 09:00:00,5.3,605.0,169.0,9.6,64.7,0.6479
STN-04,2021-01-20 10:00:00,4.3,484.0,152.0,67.54898378914146,58.6,0.6808
STN-04,2021-01-20 11:00:00,3.6,395.0,137.0,15.5,54.0,0.6848
STN-04,2021-01-20 12:00:00,,233.0,108.0,15.8,52.7,0.6714
STN-04,2021-01-20 13:00:00,2.0,115.0,88.0,16.6,43.4,0.5808
STN-04,2021-01-20 14:00:00,3.2,241.0,93.0,16.8,49.4,0.6597
STN-04,2021-01-20 15:00:00,2.9,209.0,93.0,18.1,48.8,0.7275
STN-04,2021-01-20 16:00:00,2.7,230.0,108.0,18.6,50.2,0.7511
STN-04,2021-01-20 17:00:00,3.9,350.0,160.0,17.6,50.6,0.7585
STN-04,2021-01-20 18:00:00,4.4,407.0,174.0,15.8,60.5,0.8045
STN-04,2021-01-20 19:00:00,4.5,435.0,171.0,13.5,67.9,0.8905
STN-04,2021-01-20 20:00:00,4.7,432.0,164.0,12.1,66.2,0.8846
STN-04,2021-01-20 21:00:00,4.0,384.0,150.0,10.8,66.6,0.8922
STN-04,2021-01-20 22:00:00,3.0,411.0,157.0,7.5,68.3,0.8324
STN-04,2021-01-20 23:00:00,3.1,,154.0,5.7,69.4,0.7569
STN-04,2021-01-21 00:00:00,2.7,304.0,140.0,7.5,66.0,0.8317
STN-04,2021-01-21 01:00:00,2.4,241.0,,6.6,67.5,0.8433
STN-04,2021-01-21 02:00:00,1.7,133.0,,6.3,67.2,0.8471
STN-04,2021-01-21 03:00:00,1.2,179.0,125.0,5.8,65.2,0.7919
STN-04,2021-01-21 04:00:00,1.0,124.0,84.0,,64.4,0.7573
STN-04,2021-01-21 05:00:00,1.5,173.0,91.0,5.5,,0.8107
STN-04,2021-01-21 06:00:00,1.8,201.0,90.0,5.7,72.4,0.8469
STN-04,2021-01-21 07:00:00,3.8,419.0,,4.9,81.8,0.9449
STN-04,2021-01-21 08:00:00,5.2,561.0,181.0,6.9,80.0,0.9936
STN-04,2021-01-21 09:00:00,4.9,623.0,191.0,8.8,75.8,1.04
STN-04,2021-01-21 10:00:00,4.5,597.0,194.0,11.3,71.0,1.0324
STN-04,2021-01-21 11:00:00,3.6,470.0,172.0,12.6,70.0,1.0832
STN-04,2021-01-21 12:00:00,2.8,346.0,154.0,14.3,65.2,1.1125
STN-04,2021-01-21 13:00:00,2.9,295.0,137.0,15.2,62.7,1.131
STN-04,2021-01-21 14:00:00,2.7,248.0,107.0,14.4,66.3,1.1414
STN-04,2021-01-21 15:00:00,2.1,206.0,107.0,14.4,66.5,1.169
STN-04,2021-01-21 16:00:00,2.8,271.0,119.0,14.7,65.8,1.1932
STN-04,2021-01-21 17:00:00,3.4,353.0,150.0,13.7,64.3,1.1493
STN-04,2021-01-21 18:00:00,5.2,487.0,179.0,12.3,65.3,1.1876
STN-04,2021-01-21 19:00:00,5.1,528.0,178.0,11.6,73.2,1.276
STN-04,2021-01-21 20:00:00,3.7,426.0,149.0,10.4,75.9,1.2947
STN-04,2021-01-21 21:00:00,2.6,280.0,120.0,9.7,77.8,1.3363
STN-04,2021-01-21 22:00:00,2.6,321.0,112.0,9.7,81.0,1.3645
STN-04,2021-01-21 23:00:00,2.5,279.0,90.0,8.5,85.6,
STN-04,2021-01-22 00:00:00,2.3,288.0,95.0,8.4,81.9,1.3882
STN-04,2021-01-22 01:00:00,2.7,313.0,126.50551362559803,6.8,,1.3558
STN-04,2021-01-22 02:00:00,1.7,303.0,180.23546013691976,3.9,84.6,1.2237
STN-04,2021-01-22 03:00:00,1.3,267.0,27.571399559020946,3.3,80.8,1.1312
STN-04,2021-01-22 04:00:00,1.3,314.0,43.250470015693914,,85.8,1.069
STN-04,2021-01-22 05:00:00,1.5,397.0,97.0,0.6,87.1,1.0326
STN-04,2021-01-22 06:00:00,1.2,310.0,99.0,1.6,81.2,1.0215
STN-04,2021-01-22 07:00:00,2.1,432.0,112.0,2.0,83.8,1.0959
STN-04,2021-01-22 08:00:00,3.4,539.0,140.0,3.5,77.9,1.0856
STN-04,2021-01-22 09:00:00,3.5,617.0,167.0,4.9,72.3,1.0505
STN-04,2021-01-22 10:00:00,2.7,590.0,,8.2,60.6,0.9832
STN-04,2021-01-22 11:00:00,4.0,690.0,199.0,11.9,58.1,1.0544
STN-04,2021-01-22 12:00:00,3.3,554.0,178.0,12.6,47.3,0.9017
STN-04,2021-01-22 13:00:00,3.0,454.0,160.0,14.3,42.0,0.9349
STN-04,2021-01-22 14:00:00,4.0,492.0,168.0,14.1,43.8,0.9564
STN-04,2021-01-22 15:00:00,4.0,448.0,172.0,14.8,38.0,0.854
STN-04,2021-01-22 16:00:00,4.5,526.0,175.0,15.6,38.8,0.9013
STN-04,2021-01-22 17:00:00,5.8,745.0,216.0,13.3,42.8,0.8784
STN-04,2021-01-22 18:00:00,5.4,679.0,204.0,12.9,50.0,0.9944
STN-04,2021-01-22 19:00:00,6.4,692.0,217.0,12.8,57.2,1.089
STN-04,2021-01-22 20:00:00,5.9,614.0,226.0,12.4,61.7,1.1585
STN-04,2021-01-22 21:00:00,,482.0,206.0,10.2,64.0,1.1211
STN-04,2021-01-22 22:00:00,3.3,379.0,174.0,8.2,66.2,1.1245
STN-04,2021-01-22 23:00:00,2.6,260.0,133.0,6.5,64.6,1.0422
STN-04,2021-01-23 00:00:00,2.1,287.0,127.0,6.8,63.3,1.0233
STN-04,2021-01-23 01:00:00,1.4,278.0,108.0,4.9,64.4,
STN-04,2021-01-23 02:00:00,0.5,216.0,95.0,3.3,,0.8334
STN-04,2021-01-23 03:00:00,0.0,136.0,86.0,3.9,57.1,0.8457
STN-04,2021-01-23 04:00:00,0.0,1.0,20.0,3.1,60.5,0.8916
STN-04,2021-01-23 05:00:00,0.0,1.0,34.0,1.4,53.6,0.7379
STN-04,2021-01-23 06:00:00,0.0,1.0,33.0,0.4,59.2,0.7516
STN-04,2021-01-23 07:00:00,0.9,153.0,63.0,1.1,57.1,0.7487
STN-04,2021-01-23 08:00:00,2.6,288.0,92.0,2.2,59.7,0.8553
STN-04,2021-01-23 09:00:00,3.0,365.0,119.0,4.6,52.0,0.8444
STN-04,2021-01-23 10:00:00,2.4,275.0,113.0,6.8,44.0,0.7879
STN-04,2021-01-23 11:00:00,2.0,147.0,111.0,8.4,43.2,0.8244
STN-04,2021-01-23 12:00:00,2.2,159.0,124.0,10.6,41.8,
STN-04,2021-01-23 13:00:00,2.1,101.0,100.0,12.6,43.4,0.9126
STN-04,2021-01-23 14:00:00,1.4,81.0,94.0,12.0,38.6,0.8098
STN-04,2021-01-23 15:00:00,1.2,42.0,90.0,12.6,31.9,0.7436
STN-04,2021-01-23 16:00:00,1.2,51.0,101.0,12.3,36.7,0.7474
STN-04,2021-01-23 17:00:00,2.7,162.0,136.0,13.2,37.6,0.8074
STN-04,2021-01-23 18:00:00,4.0,282.0,149.0,11.8,41.5,0.8399
STN-04,2021-01-23 19:00:00,4.6,350.0,159.0,12.2,42.9,0.8951
STN-04,2021-01-23 20:00:00,3.8,326.0,149.0,9.3,51.9,0.8511
STN-04,2021-01-23 21:00:00,3.1,332.0,137.0,8.4,61.3,0.9196
STN-04,2021-01-23 22:00:00,2.8,346.0,134.0,7.9,66.0,0.9987
STN-04,2021-01-23 23:00:00,,278.0,121.0,6.5,65.7,0.9568
STN-04,2021-01-24 00:00:00,3.3,417.0,130.0,5.0,64.8,0.9058
STN-04,2021-01-24 01:00:00,2.7,354.0,,4.3,64.8,0.8937
STN-04,2021-01-24 02:00:00,1.9,242.0,90.0,4.2,61.9,0.8544
STN-04,2021-01-24 03:00:00,2.1,307.0,98.0,3.9,63.0,0.8486
STN-04,2021-01-24 04:00:00,1.4,222.0,63.0,2.2,66.7,0.8365
STN-04,2021-01-24 05:00:00,1.1,175.0,53.0,3.3,63.6,0.8104
STN-04,2021-01-24 06:00:00,1.5,179.0,77.0,3.9,67.2,0.8463
STN-04,2021-01-24 07:00:00,2.2,224.0,103.0,4.8,65.1,0.8792
STN-04,2021-01-24 08:00:00,4.0,433.0,135.0,5.6,62.6,0.8916
STN-04,2021-01-24 09:00:00,4.0,428.0,147.0,7.5,57.1,0.8715
STN-04,2021-01-24 10:00:00,4.0,429.0,150.0,10.6,46.5,0.8245
STN-04,2021-01-24 11:00:00,3.2,410.0,119.0,14.1,41.5,0.8744
STN-04,2021-01-24 12:00:00,3.3,386.0,118.0,15.4,37.8,0.8603
STN-04,2021-01-24 13:00:00,3.5,383.0,120.0,15.7,39.8,0.8999
STN-04,2021-01-24 14:00:00,2.7,360.0,,14.8,37.5,0.8214
STN-04,2021-01-24 15:00:00,1.8,236.0,108.0,13.7,37.1,0.7691
STN-04,2021-01-24 16:00:00,2.7,343.0,122.0,12.5,41.6,0.7387
STN-04,2021-01-24 17:00:00,3.0,380.0,120.0,12.7,44.4,0.7766
STN-04,2021-01-24 18:00:00,3.9,406.0,136.0,12.6,50.6,0.8806
STN-04,2021-01-24 19:00:00,3.4,389.0,128.0,11.4,51.3,0.9049
STN-04,2021-01-24 20:00:00,2.6,279.0,105.0,10.1,49.4,0.8631
STN-04,2021-01-24 21:00:00,2.2,257.0,113.0,10.3,43.0,0.8062
STN-04,2021-01-24 22:00:00,2.6,305.0,103.0,12.1,48.8,0.9246
STN-04,2021-01-24 23:00:00,3.0,308.0,105.0,12.3,55.7,1.0231
STN-04,2021-01-25 00:00:00,4.2,422.0,130.0,12.6,58.8,1.0842
STN-04,2021-01-25 01:00:00,3.4,355.0,116.0,11.6,60.8,1.0464
STN-04,2021-01-25 02:00:00,3.2,309.0,109.0,11.7,62.8,1.0625
STN-04,2021-01-25 03:00:00,2.5,271.0,101.0,10.3,63.0,0.9834
STN-04,2021-01-25 04:00:00,2.0,136.0,94.0,9.6,62.7,0.938
STN-04,2021-01-25 05:00:00,2.0,80.0,69.0,11.3,59.8,0.9567
STN-04,2021-01-25 06:00:00,1.4,30.0,64.0,11.9,58.7,0.9473
STN-04,2021-01-25 07:00:00,2.4,181.0,101.0,10.5,64.0,0.9836
STN-04,2021-01-25 08:00:00,4.3,470.0,143.0,11.8,65.6,1.0004
STN-04,2021-01-25 09:00:00,4.4,559.0,159.0,14.0,64.2,1.0274
STN-04,2021-01-25 10:00:00,4.5,659.0,191.0,16.7,52.8,0.9824
STN-04,2021-01-25 11:00:00,4.4,,206.0,16.4,56.3,0.9676
STN-04,2021-01-25 12:00:00,4.4,641.0,203.0,17.6,48.6,0.9397
STN-04,2021-01-25 13:00:00,4.1,549.0,192.0,17.7,44.5,0.8537
STN-04,2021-01-25 14:00:00,5.1,615.0,201.0,17.7,40.9,0.8253
STN-04,2021-01-25 15:00:00,5.2,628.0,197.0,18.2,43.2,0.8496
STN-04,2021-01-25 16:00:00,5.4,628.0,222.0,18.8,41.6,0.8711
STN-04,2021-01-25 17:00:00,5.7,668.0,251.0,17.1,42.5,0.8095
STN-04,2021-01-25 18:00:00,5.8,596.0,242.0,16.0,48.0,0.8759
STN-04,2021-01-25 19:00:00,6.6,636.0,229.0,13.9,56.1,0.9525
STN-04,2021-01-25 20:00:00,5.7,577.0,206.0,11.4,60.0,0.9152
STN-04,2021-01-25 21:00:00,5.2,550.0,194.0,,62.7,0.9283
STN-04,2021-01-25 22:00:00,4.7,509.0,181.0,9.8,66.0,0.9552
STN-04,2021-01-25 23:00:00,4.0,477.0,176.0,9.6,64.2,0.9172
STN-04,2021-01-26 00:00:00,3.9,408.0,181.0,8.9,66.3,0.9002
STN-04,2021-01-26 01:00:00,3.2,360.0,156.0,8.9,62.7,0.8223
STN-04,2021-01-26 02:00:00,3.0,344.0,137.0,5.9,63.2,0.756
STN-04,2021-01-26 03:00:00,3.3,374.0,156.0,5.6,63.0,0.7443
STN-04,2021-01-26 04:00:00,1.8,200.0,110.0,5.5,64.0,0.7307
STN-04,2021-01-26 05:00:00,1.8,221.0,104.0,7.1,56.7,0.7236
STN-04,2021-01-26 06:00:00,1.6,307.0,116.0,7.0,57.2,-0.20854455522031157
STN-04,2021-01-26 07:00:00,3.3,497.0,156.0,8.3,51.4,0.7445
STN-04,2021-01-26 08:00:00,3.9,575.0,165.0,10.1,43.4,0.7331
STN-04,2021-01-26 09:00:00,4.6,583.0,181.0,11.9,40.7,0.7572
STN-04,2021-01-26 10:00:00,3.7,524.0,191.0,14.1,36.1,0.7531
STN-04,2021-01-26 11:00:00,3.0,472.0,162.0,16.3,27.8,0.7251
STN-04,2021-01-26 12:00:00,2.8,400.0,149.0,18.2,27.4,0.739
STN-04,2021-01-26 13:00:00,2.5,363.0,151.0,18.5,28.8,0.736
STN-04,2021-01-26 14:00:00,2.6,365.0,151.0,20.0,23.6,0.7248
STN-04,2021-01-26 15:00:00,2.0,402.0,166.0,20.0,21.3,0.6987
STN-04,2021-01-26 16:00:00,2.2,412.0,174.0,20.5,19.6,0.6627
STN-04,2021-01-26 17:00:00,3.1,521.0,207.0,20.5,15.4,0.5982
STN-04,2021-01-26 18:00:00,4.4,655.0,238.0,19.4,20.4,0.6574
STN-04,2021-01-26 19:00:00,3.6,602.0,234.0,18.4,22.5,0.6656
STN-04,2021-01-26 20:00:00,3.3,598.0,226.0,18.2,28.1,0.7178
STN-04,2021-01-26 21:00:00,2.7,594.0,223.0,16.3,34.3,
STN-04,2021-01-26 22:00:00,2.4,544.0,211.0,15.5,39.2,0.7377
STN-04,2021-01-26 23:00:00,3.0,547.0,194.0,14.0,39.4,0.6816
STN-04,2021-01-27 00:00:00,2.4,485.0,172.0,13.0,40.7,0.6514
STN-04,2021-01-27 01:00:00,2.4,502.0,151.0,12.6,,0.6938
STN-04,2021-01-27 02:00:00,2.4,522.0,141.0,10.9,48.4,0.6831
STN-04,2021-01-27 03:00:00,1.7,474.0,141.0,9.5,55.8,0.7175
STN-04,2021-01-27 04:00:00,1.5,485.0,123.0,8.9,58.8,0.6864
STN-04,2021-01-27 05:00:00,1.7,527.0,123.0,8.5,61.0,0.71
STN-04,2021-01-27 06:00:00,2.3,570.0,150.0,6.9,65.6,0.678
STN-04,2021-01-27 07:00:00,3.6,798.0,191.0,8.2,66.9,0.7436
STN-04,2021-01-27 08:00:00,5.1,913.0,232.0,9.0,64.6,0.7377
STN-04,2021-01-27 09:00:00,5.2,966.0,251.0,,60.4,0.7467
STN-04,2021-01-27 10:00:00,4.2,788.0,227.0,12.5,54.0,0.7402
STN-04,2021-01-27 11:00:00,4.9,795.0,210.0,13.5,47.1,0.6772
STN-04,2021-01-27 12:00:00,-2.17215307314317,750.0,,14.5,40.0,0.6232
STN-04,2021-01-27 13:00:00,4.4,695.0,163.0,15.3,39.8,0.6305
STN-04,2021-01-27 14:00:00,4.2,622.0,155.0,16.8,39.6,0.6618
STN-04,2021-01-27 15:00:00,4.3,671.0,162.0,16.7,44.4,0.6977
STN-04,2021-01-27 16:00:00,4.4,692.0,186.0,16.6,43.5,0.6986
STN-04,2021-01-27 17:00:00,4.7,667.0,197.0,15.3,41.6,0.6474
STN-04,2021-01-27 18:00:00,6.1,734.0,205.0,15.9,44.1,0.7178
STN-04,2021-01-27 19:00:00,5.3,635.0,188.0,13.3,47.7,0.6711
STN-04,2021-01-27 20:00:00,4.6,485.0,176.0,10.8,54.3,0.6888
STN-04,2021-01-27 21:00:00,4.1,,181.0,11.2,54.7,0.6876
STN-04,2021-01-27 22:00:00,3.3,412.0,169.0,10.8,58.5,0.7158
STN-04,2021-01-27 23:00:00,3.4,323.0,137.0,10.2,68.0,0.8233
STN-04,2021-01-28 00:00:00,2.7,249.0,126.0,9.7,71.4,0.8518
STN-04,2021-01-28 01:00:00,2.5,253.0,129.0,8.5,76.7,0.8664
STN-04,2021-01-28 02:00:00,,232.0,83.0,7.1,77.6,0.8393
STN-04,2021-01-28 03:00:00,2.4,257.0,93.0,6.9,82.1,
STN-04,2021-01-28 04:00:00,1.2,101.0,53.0,4.7,79.6,0.8206
STN-04,2021-01-28 05:00:00,1.1,98.0,53.0,3.5,,0.7509
STN-04,2021-01-28 06:00:00,0.6,128.0,61.0,3.9,68.7,0.6826
STN-04,2021-01-28 07:00:00,,242.0,88.0,3.6,67.1,0.6475
STN-04,2021-01-28 08:00:00,2.3,429.0,136.0,4.8,66.0,0.655
STN-04,2021-01-28 09:00:00,2.0,352.0,123.0,5.6,57.1,0.5896
STN-04,2021-01-28 10:00:00,2.0,384.0,144.0,8.3,52.2,0.5671
STN-04,2021-01-28 11:00:00,1.3,314.0,112.0,12.0,46.3,0.6306
STN-04,2021-01-28 12:00:00,0.8,337.0,128.0,11.6,41.2,0.517
STN-04,2021-01-28 13:00:00,0.3,246.0,115.0,11.9,36.4,0.471
STN-04,2021-01-28 14:00:00,0.9,255.0,116.0,12.2,38.8,0.5246
STN-04,2021-01-28 15:00:00,0.1,189.0,93.0,11.7,36.9,0.473
STN-04,2021-01-28 16:00:00,1.4,239.0,109.0,14.0,36.0,0.5784
STN-04,2021-01-28 17:00:00,2.1,259.0,,12.7,34.1,0.5401
STN-04,2021-01-28 18:00:00,3.4,320.0,134.0,12.3,32.6,0.5334
STN-04,2021-01-28 19:00:00,3.4,266.0,293.5477007577327,11.5,36.3,0.5692
STN-04,2021-01-28 20:00:00,3.9,335.0,136.0,9.4,36.9,0.4932
STN-04,2021-01-28 21:00:00,2.8,292.0,115.0,9.4,37.3,0.4805
STN-04,2021-01-28 22:00:00,2.7,262.0,120.0,10.6,36.6,0.5196
STN-04,2021-01-28 23:00:00,3.6,303.0,123.0,10.6,42.8,0.5802
STN-04,2021-01-29 00:00:00,4.0,345.0,132.0,10.1,41.1,0.5631
STN-04,2021-01-29 01:00:00,3.7,282.0,140.0,10.5,44.9,0.5985
STN-04,2021-01-29 02:00:00,2.8,250.0,119.0,9.7,48.7,0.6064
STN-04,2021-01-29 03:00:00,1.5,118.0,95.0,9.7,50.7,0.6322
STN-04,2021-01-29 04:00:00,1.6,42.0,79.0,7.7,54.3,0.5893
STN-04,2021-01-29 05:00:00,1.8,87.0,77.0,7.9,55.2,0.6369
STN-04,2021-01-29 06:00:00,1.4,3.0,77.0,5.9,50.2,0.5421
STN-04,2021-01-29 07:00:00,1.7,1.0,80.0,5.2,46.8,0.4656
STN-04,2021-01-29 08:00:00,2.9,119.0,122.0,6.1,49.2,0.5109
STN-04,2021-01-29 09:00:00,3.0,188.0,133.0,6.6,36.1,0.386
STN-04,2021-01-29 10:00:00,3.3,318.0,148.0,9.4,27.5,0.36
STN-04,2021-01-29 11:00:00,2.5,292.0,147.0,10.9,25.4,0.3386
STN-04,2021-01-29 12:00:00,2.9,393.0,165.0,12.2,23.7,0.344
STN-04,2021-01-29 13:00:00,,388.0,158.0,12.5,25.5,0.3882
STN-04,2021-01-29 14:00:00,2.3,339.0,141.0,13.1,14.1,0.2861
STN-04,2021-01-29 15:00:00,2.1,347.0,135.0,14.2,21.5,0.4056
STN-04,2021-01-29 16:00:00,3.8,497.0,158.0,14.1,20.7,0.3747
STN-04,2021-01-29 17:00:00,3.9,484.0,152.0,13.5,21.4,0.3679
STN-04,2021-01-29 18:00:00,4.0,466.0,159.0,12.0,29.0,0.4332
STN-04,2021-01-29 19:00:00,4.4,462.0,172.0,10.3,30.3,0.3936
STN-04,2021-01-29 20:00:00,4.6,507.0,169.0,8.5,35.4,0.3597
STN-04,2021-01-29 21:00:00,3.6,479.0,139.0,8.2,38.6,0.3953
STN-04,2021-01-29 22:00:00,2.8,379.0,107.0,6.5,40.5,0.3946
STN-04,2021-01-29 23:00:00,3.3,482.0,136.0,6.1,43.9,0.4323
STN-04,2021-01-30 00:00:00,3.2,455.0,133.0,5.0,43.3,0.4039
STN-04,2021-01-30 01:00:00,2.4,335.0,101.0,4.2,44.9,0.4096
STN-04,2021-01-30 02:00:00,2.5,324.0,83.0,3.6,51.7,0.4951
STN-04,2021-01-30 03:00:00,3.6,477.0,127.0,0.9,64.8,0.5486
STN-04,2021-01-30 04:00:00,3.9,510.0,110.0,1.2,64.9,0.5426
STN-04,2021-01-30 05:00:00,3.7,493.0,108.0,0.3,66.1,0.5582
STN-04,2021-01-30 06:00:00,3.5,494.0,145.0,-2.1,65.4,0.4533
STN-04,2021-01-30 07:00:00,3.4,557.0,163.0,-2.2,69.9,0.4943
STN-04,2021-01-30 08:00:00,4.2,595.0,162.0,-2.2,69.5,0.4524
STN-04,2021-01-30 09:00:00,4.7,634.0,184.0,-0.1,59.5,0.4376
STN-04,2021-01-30 10:00:00,4.2,595.0,174.0,1.4,60.5,0.4463
STN-04,2021-01-30 11:00:00,4.7,672.0,196.0,3.3,60.3,0.4787
STN-04,2021-01-30 12:00:00,5.2,672.0,194.0,4.5,53.9,0.4205
STN-04,2021-01-30 13:00:00,5.5,,190.0,6.1,51.0,
STN-04,2021-01-30 14:00:00,4.7,521.0,187.0,6.0,51.8,0.4165
STN-04,2021-01-30 15:00:00,4.3,564.0,196.0,5.6,52.5,0.4103
STN-04,2021-01-30 16:00:00,4.1,579.0,200.0,6.2,39.8,0.3086
STN-04,2021-01-30 17:00:00,4.5,551.0,194.0,6.5,45.7,0.3704
STN-04,2021-01-30 18:00:00,4.0,518.0,177.0,4.7,44.3,0.3294
STN-04,2021-01-30 19:00:00,4.9,524.0,187.0,1.9,,0.314
STN-04,2021-01-30 20:00:00,4.7,479.0,190.0,0.8,55.6,0.3936
STN-04,2021-01-30 21:00:00,4.0,460.0,173.0,1.5,56.9,0.4321
STN-04,2021-01-30 22:00:00,2.9,276.0,136.0,0.2,55.9,0.3875
STN-04,2021-01-30 23:00:00,2.9,259.0,126.0,-0.7,60.7,0.3651
STN-04,2021-01-31 00:00:00,2.4,309.0,135.0,-1.9,62.5,0.3243
STN-04,2021-01-31 01:00:00,2.3,300.0,120.0,-2.7,63.7,0.3165
STN-04,2021-01-31 02:00:00,,170.0,84.0,-2.1,63.8,0.3564
STN-04,2021-01-31 03:00:00,0.8,116.0,72.0,-1.9,66.4,0.4096
STN-04,2021-01-31 04:00:00,1.4,139.0,54.0,-2.0,73.3,0.4564
STN-04,2021-01-31 05:00:00,2.1,238.0,61.0,-1.8,72.9,0.4687
STN-04,2021-01-31 06:00:00,2.4,331.0,68.0,-1.7,81.0,0.5794
STN-04,2021-01-31 07:00:00,2.6,,109.0,-1.7,81.3,0.5802
STN-04,2021-01-31 08:00:00,3.3,499.0,127.0,-0.6,84.3,0.6525
STN-04,2021-01-31 09:00:00,4.1,,157.0,3.4,75.0,0.701
STN-04,2021-01-31 10:00:00,4.0,546.0,168.0,5.8,65.2,0.647
STN-04,2021-01-31 11:00:00,,552.0,,9.1,63.2,0.6512
STN-04,2021-01-31 12:00:00,3.7,488.0,,10.1,58.6,0.6094
STN-04,2021-01-31 13:00:00,2.7,351.0,132.0,11.6,54.9,0.5978
STN-04,2021-01-31 14:00:00,2.3,323.0,136.0,11.6,52.0,0.5551
STN-04,2021-01-31 15:00:00,3.1,378.0,149.0,11.8,49.8,0.5655
STN-04,2021-01-31 16:00:00,3.3,342.0,155.0,11.8,46.3,0.5369
STN-04,2021-01-31 17:00:00,3.9,432.0,172.0,11.8,45.8,0.5379
STN-04,2021-01-31 18:00:00,4.0,448.0,169.0,9.8,44.9,0.5025
STN-04,2021-01-31 19:00:00,4.2,502.0,178.0,7.3,52.8,0.5338
STN-04,2021-01-31 20:00:00,4.8,546.0,182.0,7.1,56.4,0.6223
STN-04,2021-01-31 21:00:00,4.5,546.0,185.0,6.2,54.9,0.5768
STN-04,2021-01-31 22:00:00,4.9,,186.0,6.7,57.2,0.624
STN-04,2021-01-31 23:00:00,5.0,586.0,172.0,5.6,60.7,0.6228
STN-04,2021-02-01 00:00:00,4.6,527.0,174.0,6.5,58.8,0.5755
STN-04,2021-02-01 01:00:00,5.1,530.0,172.0,6.4,56.8,0.5599
STN-04,2021-02-01 02:00:00,3.5,443.0,162.0,5.4,57.3,0.5278
STN-04,2021-02-01 03:00:00,2.8,516.0,158.0,3.4,61.4,0.4634
STN-04,2021-02-01 04:00:00,2.5,414.0,117.0,3.1,64.7,0.469
STN-04,2021-02-01 05:00:00,2.7,422.0,131.0,3.5,70.8,0.5691
STN-04,2021-02-01 06:00:00,2.2,328.0,126.0,3.7,66.5,0.5287
STN-04,2021-02-01 07:00:00,2.3,393.0,129.0,3.8,62.6,0.4736
STN-04,2021-02-01 08:00:00,2.8,346.0,145.0,4.9,60.5,0.4927
STN-04,2021-02-01 09:00:00,3.2,355.0,158.0,7.3,56.6,0.5314
STN-04,2021-02-01 10:00:00,,398.0,169.0,10.8,,0.5108
STN-04,2021-02-01 11:00:00,2.0,307.0,147.0,13.1,36.8,0.519
STN-04,2021-02-01 12:00:00,2.1,393.0,155.0,14.0,37.7,0.5395
STN-04,2021-02-01 13:00:00,2.5,381.0,175.0,14.5,37.1,0.5579
STN-04,2021-02-01 14:00:00,2.7,374.0,179.0,13.4,39.9,0.511
STN-04,2021-02-01 15:00:00,2.1,284.0,189.0,13.4,36.1,0.4593
STN-04,2021-02-01 16:00:00,2.8,325.0,199.0,14.1,38.8,
STN-04,2021-02-01 17:00:00,3.9,432.0,202.0,13.6,37.9,0.5584
STN-04,2021-02-01 18:00:00,5.1,,222.0,11.6,38.2,0.5292
STN-04,2021-02-01 19:00:00,5.6,579.0,222.0,12.7,40.7,0.5973
STN-04,2021-02-01 20:00:00,5.8,682.0,241.0,13.0,46.6,0.6724
STN-04,2021-02-01 21:00:00,5.0,612.0,230.0,12.5,53.4,0.7578
STN-04,2021-02-01 22:00:00,3.5,415.0,177.0,11.0,56.4,0.7755
STN-04,2021-02-01 23:00:00,,406.0,194.0,9.4,60.8,0.7852
STN-04,2021-02-02 00:00:00,3.4,335.0,181.0,8.9,60.6,0.8179
STN-04,2021-02-02 01:00:00,3.3,409.0,197.0,8.7,66.0,0.8981
STN-04,2021-02-02 02:00:00,2.7,365.0,182.0,7.7,61.8,0.8536
STN-04,2021-02-02 03:00:00,1.6,308.0,165.0,6.1,60.5,0.7664
STN-04,2021-02-02 04:00:00,1.1,237.0,136.0,5.2,58.6,0.713
STN-04,2021-02-02 05:00:00,0.8,201.0,127.0,4.6,57.2,0.6813
STN-04,2021-02-02 06:00:00,0.9,165.0,131.0,3.8,56.8,0.6546
STN-04,2021-02-02 07:00:00,2.0,241.0,140.0,2.8,58.7,0.6576
STN-04,2021-02-02 08:00:00,3.6,408.0,174.0,3.4,54.3,0.6143
STN-04,2021-02-02 09:00:00,4.0,428.0,181.0,3.2,52.5,0.6032
STN-04,2021-02-02 10:00:00,3.5,367.0,163.0,6.8,44.0,0.6244
STN-04,2021-02-02 11:00:00,3.2,365.0,161.0,9.1,42.7,0.6625
STN-04,2021-02-02 12:00:00,3.5,359.0,170.0,10.2,39.3,0.6106
STN-04,2021-02-02 13:00:00,3.0,343.0,170.0,10.6,36.5,0.5695
STN-04,2021-02-02 14:00:00,2.6,338.0,156.0,10.5,31.6,0.5074
STN-04,2021-02-02 15:00:00,,330.0,158.0,9.9,27.7,0.4329
STN-04,2021-02-02 16:00:00,3.4,412.0,157.0,11.0,25.1,0.4128
STN-04,2021-02-02 17:00:00,5.1,514.0,204.0,10.3,28.8,0.4103
STN-04,2021-02-02 18:00:00,5.2,538.0,210.0,9.1,36.6,0.4962
STN-04,2021-02-02 19:00:00,4.9,395.0,177.0,7.6,42.4,0.5182
STN-04,2021-02-02 20:00:00,4.6,368.0,155.0,6.0,46.5,0.5032
STN-04,2021-02-02 21:00:00,3.9,315.0,168.0,6.9,48.8,0.5648
STN-04,2021-02-02 22:00:00,3.0,219.0,140.0,7.4,44.8,0.5396
STN-04,2021-02-02 23:00:00,2.0,125.0,114.0,6.5,49.4,0.5773
STN-04,2021-02-03 00:00:00,2.5,213.0,135.0,6.7,47.1,0.581
STN-04,2021-02-03 01:00:00,1.8,122.0,102.0,6.0,51.3,0.6014
STN-04,2021-02-03 02:00:00,2.1,128.0,84.0,6.3,60.6,0.6973
STN-04,2021-02-03 03:00:00,2.2,199.0,123.0,5.2,59.5,0.6302
STN-04,2021-02-03 04:00:00,0.9,45.0,83.0,5.7,59.9,0.6106
STN-04,2021-02-03 05:00:00,1.9,158.0,106.0,4.1,67.0,0.6248
STN-04,2021-02-03 06:00:00,2.8,287.0,129.0,4.9,66.7,0.6207
STN-04,2021-02-03 07:00:00,4.5,437.0,162.0,2.898967560290093,63.0,0.626
STN-04,2021-02-03 08:00:00,5.4,,184.0,8.206675926686286,62.9,0.6792
STN-04,2021-02-03 09:00:00,4.8,611.0,180.0,6.6,62.7,0.6619
STN-04,2021-02-03 10:00:00,3.9,-223.411373131118,195.0,8.3,53.2,0.6197
STN-04,2021-02-03 11:00:00,4.3,587.0,209.0,10.3,46.2,0.6027
STN-04,2021-02-03 12:00:00,4.3,566.0,,11.9,39.9,0.5611
STN-04,2021-02-03 13:00:00,3.9,535.0,206.0,12.2,46.8,0.5987
STN-04,2021-02-03 14:00:00,3.0,520.0,198.0,13.7,37.2,0.5172
STN-04,2021-02-03 15:00:00,2.1,389.0,189.0,13.3,34.7,0.4427
STN-04,2021-02-03 16:00:00,2.0,394.0,172.0,13.9,32.0,0.4092
STN-04,2021-02-03 17:00:00,-4.06458842369148,483.0,172.0,11.5,39.7,0.3948
STN-04,2021-02-03 18:00:00,4.5,584.0,193.0,9.7,49.5,0.4554
STN-04,2021-02-03 19:00:00,5.3,614.0,191.0,10.4,51.6,0.5268
STN-04,2021-02-03 20:00:00,4.8,467.0,164.0,11.3,55.3,
STN-04,2021-02-03 21:00:00,3.6,381.0,139.0,9.2,60.8,0.6137
STN-04,2021-02-03 22:00:00,2.0,237.0,122.0,7.1,56.4,0.5269
STN-04,2021-02-03 23:00:00,2.2,317.0,129.0,6.7,59.0,0.5409
STN-04,2021-02-04 00:00:00,,364.0,132.0,5.9,59.5,0.5254
STN-04,2021-02-04 01:00:00,2.3,377.0,115.0,6.1,62.5,0.547
STN-04,2021-02-04 02:00:00,1.6,283.0,102.0,6.6,65.2,0.5806
STN-04,2021-02-04 03:00:00,1.2,250.0,87.0,5.9,72.1,0.6249
STN-04,2021-02-04 04:00:00,1.4,211.0,82.0,6.2,69.2,0.6112
STN-04,2021-02-04 05:00:00,1.6,278.0,91.0,5.2,72.5,
STN-04,2021-02-04 06:00:00,2.4,258.0,77.0,5.6,75.4,0.6601
STN-04,2021-02-04 07:00:00,3.3,368.0,114.0,4.3,74.0,0.6023
STN-04,2021-02-04 08:00:00,3.3,368.0,114.0,4.3,74.0,0.6023
STN-04,2021-02-04 09:00:00,5.3,570.0,160.0,8.2,56.0,0.6184
STN-04,2021-02-04 10:00:00,4.3,550.0,174.0,9.5,51.6,0.585
STN-04,2021-02-04 11:00:00,2.6,,135.0,11.0,44.1,0.509
STN-04,2021-02-04 12:00:00,2.3,354.0,,10.9,46.3,0.4762
STN-04,2021-02-04 13:00:00,2.1,285.0,136.0,12.4,49.0,0.5637
STN-04,2021-02-04 14:00:00,1.8,246.0,121.0,12.3,49.6,0.5759
STN-04,2021-02-04 15:00:00,2.6,284.0,133.0,13.0,51.0,0.5997
STN-04,2021-02-04 16:00:00,2.5,256.0,124.0,12.9,50.6,0.5898
STN-04,2021-02-04 17:00:00,2.3,233.0,125.0,12.7,51.3,0.5848
STN-04,2021-02-04 18:00:00,4.0,387.0,140.0,10.6,57.7,0.6181
STN-04,2021-02-04 19:00:00,4.3,467.0,172.0,10.2,54.5,0.6193
STN-04,2021-02-04 20:00:00,4.0,437.0,191.0,8.5,58.2,0.6139
STN-04,2021-02-04 21:00:00,3.5,464.0,183.0,8.4,59.6,0.5798
STN-04,2021-02-04 22:00:00,2.6,357.0,174.0,6.5,,0.5466
STN-04,2021-02-04 23:00:00,2.6,283.0,161.0,5.1,61.1,0.4863
STN-04,2021-02-05 00:00:00,2.2,288.0,149.0,4.9,61.3,0.4543
STN-04,2021-02-05 01:00:00,2.4,248.0,141.0,6.1,58.2,0.4416
STN-04,2021-02-05 02:00:00,1.1,118.0,99.0,6.2,55.4,0.4595
STN-04,2021-02-05 03:00:00,1.0,65.0,96.0,5.6,55.2,0.4402
STN-04,2021-02-05 04:00:00,1.7,105.0,89.0,5.5,58.3,0.4713
STN-04,2021-02-05 05:00:00,1.1,77.0,81.0,3.9,58.4,0.4317
STN-04,2021-02-05 06:00:00,0.9,72.0,83.0,2.5,58.6,0.4234
STN-04,2021-02-05 07:00:00,1.4,88.0,85.0,2.9,60.8,0.5027
STN-04,2021-02-05 08:00:00,1.6,124.0,80.0,4.2,59.5,
STN-04,2021-02-05 09:00:00,1.7,229.0,85.0,6.2,55.7,0.5494
STN-04,2021-02-05 10:00:00,2.0,260.0,93.0,9.0,52.4,0.6158
STN-04,2021-02-05 11:00:00,1.9,195.0,96.0,10.5,52.5,0.6626
STN-04,2021-02-05 12:00:00,2.1,195.0,94.0,12.9,50.8,0.7017
STN-04,2021-02-05 13:00:00,2.0,196.0,106.0,13.9,48.6,0.7221
STN-04,2021-02-05 14:00:00,2.1,224.0,103.0,14.9,44.3,0.6771
STN-04,2021-02-05 15:00:00,1.7,219.0,109.0,15.1,42.9,0.6174
STN-04,2021-02-05 16:00:00,1.8,232.0,135.0,14.4,49.9,0.6589
STN-04,2021-02-05 17:00:00,2.5,296.0,148.0,14.1,51.1,0.7153
STN-04,2021-02-05 18:00:00,2.8,297.0,143.0,12.7,52.8,0.7224
STN-04,2021-02-05 19:00:00,4.5,424.0,174.0,11.9,52.2,0.7033
STN-04,2021-02-05 20:00:00,5.9,612.0,199.0,10.1,60.1,0.7203
STN-04,2021-02-05 21:00:00,4.2,,167.0,8.8,63.9,0.7571
STN-04,2021-02-05 22:00:00,3.7,381.0,168.0,8.2,66.4,0.7496
STN-04,2021-02-05 23:00:00,3.3,313.0,147.0,8.0,69.8,0.7578
STN-04,2021-02-06 00:00:00,2.7,275.0,,7.6,69.9,0.7599
STN-04,2021-02-06 01:00:00,2.4,192.0,113.0,8.6,65.8,0.761
STN-04,2021-02-06 02:00:00,2.6,92.0,118.0,8.4,64.6,0.7316
STN-04,2021-02-06 03:00:00,2.7,181.0,137.0,7.5,69.8,0.7484
STN-04,2021-02-06 04:00:00,2.2,151.0,109.0,6.9,71.2,0.7552
STN-04,2021-02-06 05:00:00,2.1,147.0,132.0,6.4,73.9,0.8136
STN-04,2021-02-06 06:00:00,2.3,191.0,148.0,5.3,77.6,0.8006
STN-04,2021-02-06 07:00:00,2.2,216.0,143.0,5.1,71.8,0.7439
STN-04,2021-02-06 08:00:00,2.2,,144.0,6.6,66.7,0.7494
STN-04,2021-02-06 09:00:00,2.2,266.0,145.0,9.3,61.9,0.789
STN-04,2021-02-06 10:00:00,1.4,202.0,147.0,11.6,51.4,0.7642
STN-04,2021-02-06 11:00:00,1.0,140.0,130.0,12.4,52.6,0.7921
STN-04,2021-02-06 12:00:00,1.8,203.0,120.0,12.8,51.8,0.8056
STN-04,2021-02-06 13:00:00,2.2,278.0,130.0,11.7,53.6,0.7327
STN-04,2021-02-06 14:00:00,1.7,178.0,100.0,12.6,52.1,0.7567
STN-04,2021-02-06 15:00:00,1.2,150.0,112.0,12.9,53.6,0.7345
STN-04,2021-02-06 16:00:00,2.0,206.0,119.0,14.8,52.1,0.7935
STN-04,2021-02-06 17:00:00,2.5,228.0,119.0,14.3,51.8,0.8084
STN-04,2021-02-06 18:00:00,3.5,368.0,159.0,11.9,56.1,0.7596
STN-04,2021-02-06 19:00:00,4.5,468.0,194.0,9.6,68.1,
STN-04,2021-02-06 20:00:00,,433.0,194.0,7.0,69.1,0.8129
STN-04,2021-02-06 21:00:00,,340.0,180.0,6.2,68.2,0.7964
STN-04,2021-02-06 22:00:00,2.5,259.0,166.0,5.4,67.0,0.7478
STN-04,2021-02-06 23:00:00,1.0,129.0,122.0,4.8,67.3,0.7781
STN-04,2021-02-07 00:00:00,0.0,45.0,103.0,5.0,66.0,0.8129
STN-04,2021-02-07 01:00:00,0.2,128.0,118.0,3.1,70.6,0.8037
STN-04,2021-02-07 02:00:00,0.5,184.0,127.0,2.3,68.9,0.7791
STN-04,2021-02-07 03:00:00,1.5,246.0,125.0,2.7,73.6,0.8596
STN-04,2021-02-07 04:00:00,0.7,157.0,82.0,2.5,73.1,0.823
STN-04,2021-02-07 05:00:00,1.1,185.0,92.0,1.9,73.2,0.7859
STN-04,2021-02-07 06:00:00,1.9,234.0,122.0,1.6,73.1,0.7863
STN-04,2021-02-07 07:00:00,1.3,192.0,118.0,2.1,72.6,0.7841
STN-04,2021-02-07 08:00:00,2.5,339.0,139.0,3.1,73.5,0.7616
STN-04,2021-02-07 09:00:00,3.5,520.0,172.0,5.1,67.6,0.7394
STN-04,2021-02-07 10:00:00,3.4,548.0,169.0,6.7,62.8,0.7276
STN-04,2021-02-07 11:00:00,3.1,487.0,170.0,8.5,50.5,0.6521
STN-04,2021-02-07 12:00:00,3.6,,191.0,8.8,43.0,0.5535
STN-04,2021-02-07 13:00:00,3.6,402.0,167.0,9.3,41.9,0.5952
STN-04,2021-02-07 14:00:00,3.9,428.0,173.0,10.6,45.6,0.6638
STN-04,2021-02-07 15:00:00,3.3,424.0,181.0,10.6,44.2,0.631
STN-04,2021-02-07 16:00:00,2.6,308.0,159.0,9.9,42.5,0.5896
STN-04,2021-02-07 17:00:00,3.3,369.0,170.0,9.7,,0.6608
STN-04,2021-02-07 18:00:00,4.1,425.0,162.0,8.2,52.0,0.7184
STN-04,2021-02-07 19:00:00,3.9,384.0,163.0,6.4,61.0,0.7446
STN-04,2021-02-07 20:00:00,4.9,493.0,,4.7,65.7,0.7622
STN-04,2021-02-07 21:00:00,3.8,,169.0,3.2,62.9,0.6761
STN-04,2021-02-07 22:00:00,3.3,309.0,139.0,3.1,69.2,0.7284
STN-04,2021-02-07 23:00:00,2.9,254.0,132.0,,66.7,0.7001
STN-04,2021-02-08 00:00:00,2.6,262.0,124.0,2.3,71.2,0.7473
STN-04,2021-02-08 01:00:00,3.0,243.0,116.0,2.2,67.0,0.6973
STN-04,2021-02-08 02:00:00,2.4,212.0,123.0,0.8,65.6,0.6264
STN-04,2021-02-08 03:00:00,1.1,79.0,,0.7,66.2,0.6425
STN-04,2021-02-08 04:00:00,1.9,88.0,85.0,0.3,70.7,0.6824
STN-04,2021-02-08 05:00:00,1.7,71.0,,0.7,70.2,0.6526
STN-04,2021-02-08 06:00:00,2.7,220.0,100.0,1.7,68.5,0.6495
STN-04,2021-02-08 07:00:00,3.6,419.0,138.0,2.1,68.3,0.6227
STN-04,2021-02-08 08:00:00,4.3,505.0,146.0,1.9,69.5,
STN-04,2021-02-08 09:00:00,3.1,411.0,147.0,3.5,60.6,0.5546
STN-04,2021-02-08 10:00:00,2.8,369.0,140.0,6.5,50.4,0.5201
STN-04,2021-02-08 11:00:00,3.4,473.0,178.0,7.1,46.1,0.4954
STN-04,2021-02-08 12:00:00,3.4,501.0,179.0,8.6,45.1,0.5122
STN-04,2021-02-08 13:00:00,3.5,509.0,200.0,8.3,41.6,0.4142
STN-04,2021-02-08 14:00:00,,458.0,168.0,-26.5979345014406,38.9,0.4056
STN-04,2021-02-08 15:00:00,2.0,418.0,164.0,3.9736592540174627,35.1,0.3704
STN-04,2021-02-08 16:00:00,2.2,406.0,162.0,8.6,37.6,0.3638
STN-04,2021-02-08 17:00:00,2.6,444.0,162.0,7.4,43.2,0.3907
STN-04,2021-02-08 18:00:00,4.7,649.0,214.0,7.2,43.7,0.4109
STN-04,2021-02-08 19:00:00,4.8,636.0,207.0,5.8,49.4,0.4806
STN-04,2021-02-08 20:00:00,4.3,449.0,196.0,5.3,50.8,0.456
STN-04,2021-02-08 21:00:00,3.8,386.0,170.0,3.2,53.2,0.4245
STN-04,2021-02-08 22:00:00,,320.0,153.0,1.7,54.6,0.3883
STN-04,2021-02-08 23:00:00,3.5,304.0,144.0,2.0,64.0,0.5131
STN-04,2021-02-09 00:00:00,3.0,330.0,139.0,0.3,63.1,0.4493
STN-04,2021-02-09 01:00:00,3.4,339.0,126.0,2.8,61.7,0.528
STN-04,2021-02-09 02:00:00,2.6,302.0,116.0,2.6,59.3,0.5092
STN-04,2021-02-09 03:00:00,2.7,326.0,94.0,2.6,63.8,0.5255
STN-04,2021-02-09 04:00:00,2.2,215.0,51.0,3.0,52.4,0.3955
STN-04,2021-02-09 05:00:00,2.4,295.0,,1.7,53.9,0.3429
STN-04,2021-02-09 06:00:00,2.0,242.0,77.0,1.7,57.9,0.3836
STN-04,2021-02-09 07:00:00,3.3,322.0,,4.1,59.7,0.5021
STN-04,2021-02-09 08:00:00,3.9,345.0,110.0,4.4,55.9,0.4803
STN-04,2021-02-09 09:00:00,,351.0,121.0,6.8,53.6,0.5774
STN-04,2021-02-09 10:00:00,4.0,359.0,145.0,9.6,45.5,0.5475
STN-04,2021-02-09 11:00:00,4.0,467.0,168.0,12.7,41.8,0.5866
STN-04,2021-02-09 12:00:00,4.1,509.0,194.0,13.1,44.5,0.6482
STN-04,2021-02-09 13:00:00,4.4,477.0,183.0,13.2,43.4,0.6312
STN-04,2021-02-09 14:00:00,4.4,514.0,171.0,12.7,45.9,0.6525
STN-04,2021-02-09 15:00:00,3.9,472.0,153.0,14.1,42.1,0.6497
STN-04,2021-02-09 16:00:00,4.5,567.0,165.0,13.7,45.4,0.645
STN-04,2021-02-09 17:00:00,5.6,676.0,178.0,12.7,48.8,0.6515
STN-04,2021-02-09 18:00:00,6.2,673.0,190.0,12.1,50.3,0.7117
STN-04,2021-02-09 19:00:00,6.0,556.0,166.0,12.1,48.7,0.69
STN-04,2021-02-09 20:00:00,5.3,541.0,163.0,10.9,47.2,0.6206
STN-04,2021-02-09 21:00:00,3.7,415.0,159.0,9.4,46.1,0.5645
STN-04,2021-02-09 22:00:00,4.0,408.0,157.0,9.2,48.0,0.5838
STN-04,2021-02-09 23:00:00,3.8,451.0,166.0,8.0,49.5,0.525
STN-04,2021-02-10 00:00:00,3.6,391.0,164.0,7.2,48.0,0.4603
STN-04,2021-02-10 01:00:00,3.4,361.0,144.0,7.0,43.6,0.3864
STN-04,2021-02-10 02:00:00,3.7,310.0,119.0,6.7,40.0,0.3524
STN-04,2021-02-10 03:00:00,3.7,393.0,164.0,6.4,42.6,0.3377
STN-04,2021-02-10 04:00:00,2.9,275.0,118.0,7.2,45.0,0.3993
STN-04,2021-02-10 05:00:00,1.5,201.0,101.0,7.2,44.3,0.4123
STN-04,2021-02-10 06:00:00,2.6,299.0,115.0,6.6,49.2,0.4569
STN-04,2021-02-10 07:00:00,2.5,209.0,113.0,7.6,44.8,0.4473
STN-04,2021-02-10 08:00:00,3.7,414.0,147.0,8.6,42.5,0.4684
STN-04,2021-02-10 09:00:00,3.5,346.0,137.0,9.4,43.7,0.4912
STN-04,2021-02-10 10:00:00,2.9,295.0,143.0,13.0,35.3,0.4971
STN-04,2021-02-10 11:00:00,2.5,268.0,144.0,13.5,36.9,0.5046
STN-04,2021-02-10 12:00:00,2.4,267.0,137.0,15.7,37.0,0.5489
STN-04,2021-02-10 13:00:00,1.8,161.0,135.0,15.6,37.2,0.5743
STN-04,2021-02-10 14:00:00,2.3,228.0,141.0,15.8,41.8,0.6565
STN-04,2021-02-10 15:00:00,1.6,138.0,128.0,17.0,41.6,0.7208
STN-04,2021-02-10 16:00:00,2.5,198.0,131.0,17.4,39.3,0.715
STN-04,2021-02-10 17:00:00,3.3,246.0,149.0,16.1,48.1,0.7981
STN-04,2021-02-10 18:00:00,4.1,295.0,,14.1,55.4,0.8412
STN-04,2021-02-10 19:00:00,4.9,397.0,189.0,14.9,53.8,0.8746
STN-04,2021-02-10 20:00:00,,355.0,181.0,13.6,57.8,0.9175
STN-04,2021-02-10 21:00:00,3.5,228.0,157.0,11.4,67.1,0.975
STN-04,2021-02-10 22:00:00,2.8,171.0,136.0,10.1,62.2,0.8546
STN-04,2021-02-10 23:00:00,1.8,99.0,,10.6,54.8,0.8021
STN-04,2021-02-11 00:00:00,2.4,176.0,131.0,11.1,58.2,0.8364
STN-04,2021-02-11 01:00:00,1.5,140.0,126.0,8.3,62.1,0.7959
STN-04,2021-02-11 02:00:00,1.1,69.0,107.0,7.8,64.5,0.8091
STN-04,2021-02-11 03:00:00,1.5,188.0,119.0,7.4,66.7,0.8307
STN-04,2021-02-11 04:00:00,1.2,106.0,-71.3868060058546,6.2,69.0,0.8269
STN-04,2021-02-11 05:00:00,0.8,,72.0,6.6,67.4,0.8206
STN-04,2021-02-11 06:00:00,0.9,96.0,87.0,6.3,64.7,0.77
STN-04,2021-02-11 07:00:00,2.7,295.0,128.0,,62.3,0.7245
STN-04,2021-02-11 08:00:00,3.5,413.0,148.0,,59.0,0.7028
STN-04,2021-02-11 09:00:00,2.8,473.0,155.0,6.1,59.1,0.6999
STN-04,2021-02-11 10:00:00,1.8,351.0,154.0,9.5,47.7,0.7135
STN-04,2021-02-11 11:00:00,1.8,307.0,155.0,11.4,42.0,0.694
STN-04,2021-02-11 12:00:00,2.0,238.0,157.0,11.9,40.8,0.6978
STN-04,2021-02-11 13:00:00,2.5,320.0,152.0,13.0,37.2,0.6757
STN-04,2021-02-11 14:00:00,1.9,305.0,156.0,13.9,43.6,0.7434
STN-04,2021-02-11 15:00:00,1.3,,147.0,13.0,37.0,0.6453
STN-04,2021-02-11 16:00:00,1.9,217.0,165.0,12.4,36.9,0.5845
STN-04,2021-02-11 17:00:00,2.7,264.0,169.0,14.5,35.3,0.6565
STN-04,2021-02-11 18:00:00,2.2,159.0,142.0,12.6,31.7,0.6165
STN-04,2021-02-11 19:00:00,2.9,143.0,140.0,12.1,,0.7174
STN-04,2021-02-11 20:00:00,4.2,338.0,177.0,,47.5,0.7807
STN-04,2021-02-11 21:00:00,,232.0,154.0,9.7,52.5,0.7556
STN-04,2021-02-11 22:00:00,2.3,190.0,117.0,8.7,62.6,0.8163
STN-04,2021-02-11 23:00:00,2.1,228.0,114.0,7.6,69.0,0.8482
STN-04,2021-02-12 00:00:00,3.0,301.0,,8.0,67.4,0.8426
STN-04,2021-02-12 01:00:00,2.3,241.0,122.0,7.1,69.8,0.854
STN-04,2021-02-12 02:00:00,1.3,199.0,105.0,6.2,68.2,0.823
STN-04,2021-02-12 03:00:00,1.4,193.0,114.0,5.9,66.7,0.7981
STN-04,2021-02-12 04:00:00,1.5,159.0,105.0,6.3,,0.8134
STN-04,2021-02-12 05:00:00,1.4,217.0,119.0,6.4,61.7,0.7924
STN-04,2021-02-12 06:00:00,1.1,273.0,129.0,5.3,60.5,0.7027
STN-04,2021-02-12 07:00:00,2.8,368.0,142.0,5.5,62.6,0.6886
STN-04,2021-02-12 08:00:00,3.9,575.0,,5.7,63.7,0.7052
STN-04,2021-02-12 09:00:00,4.5,624.0,181.0,5.6,61.0,0.669
STN-04,2021-02-12 10:00:00,,553.0,163.0,8.6,60.0,0.6942
STN-04,2021-02-12 11:00:00,4.4,589.0,177.0,11.2,52.9,0.6878
STN-04,2021-02-12 12:00:00,3.8,485.0,150.0,12.0,53.8,0.7381
STN-04,2021-02-12 13:00:00,3.0,316.0,136.0,11.6,51.4,
STN-04,2021-02-12 14:00:00,3.0,326.0,140.0,10.9,51.5,0.6075
STN-04,2021-02-12 15:00:00,3.2,414.0,161.0,10.6,54.4,0.5905
STN-04,2021-02-12 16:00:00,3.6,533.0,192.0,10.6,56.3,0.5664
STN-04,2021-02-12 17:00:00,4.4,626.0,234.0,10.6,53.1,0.5363
STN-04,2021-02-12 18:00:00,4.9,634.0,218.0,9.2,59.1,0.5706
STN-04,2021-02-12 19:00:00,3.5,469.0,187.0,7.1,58.9,0.5505
STN-04,2021-02-12 20:00:00,3.5,419.0,184.0,4.9,62.7,0.5147
STN-04,2021-02-12 21:00:00,3.3,426.0,189.0,4.2,65.4,0.5446
STN-04,2021-02-12 22:00:00,2.8,378.0,167.0,3.8,68.7,0.554
STN-04,2021-02-12 23:00:00,2.5,296.0,159.0,4.0,64.0,0.5534
STN-04,2021-02-13 00:00:00,2.0,265.0,139.0,3.6,65.0,0.5419
STN-04,2021-02-13 01:00:00,1.6,217.0,111.0,3.6,64.9,0.5175
STN-04,2021-02-13 02:00:00,1.7,208.0,111.0,3.3,65.8,0.526
STN-04,2021-02-13 03:00:00,1.9,252.0,109.0,3.6,64.4,0.5211
STN-04,2021-02-13 04:00:00,2.1,220.0,86.0,3.5,61.9,0.5004
STN-04,2021-02-13 05:00:00,1.4,243.0,101.0,2.3,60.8,0.4375
STN-04,2021-02-13 06:00:00,1.1,308.0,116.0,2.3,60.3,0.4244
STN-04,2021-02-13 07:00:00,2.7,493.0,157.0,2.4,62.4,
STN-04,2021-02-13 08:00:00,3.9,627.0,173.0,3.5,61.9,0.4535
STN-04,2021-02-13 09:00:00,4.4,696.0,201.0,5.7,57.2,0.45
STN-04,2021-02-13 10:00:00,4.0,610.0,200.0,8.0,47.2,0.4152
STN-04,2021-02-13 11:00:00,3.1,518.0,196.0,9.9,,0.3718
STN-04,2021-02-13 12:00:00,2.3,440.0,172.0,9.2,37.4,0.2974
STN-04,2021-02-13 13:00:00,2.5,359.0,,7.9,42.2,0.2944
STN-04,2021-02-13 14:00:00,2.5,439.0,183.0,7.6,39.2,0.2573
STN-04,2021-02-13 15:00:00,1.6,346.0,180.0,8.6,37.6,0.2721
STN-04,2021-02-13 16:00:00,2.2,304.0,180.0,9.7,39.7,0.3462
STN-04,2021-02-13 17:00:00,2.6,256.0,164.0,9.0,44.3,0.3939
STN-04,2021-02-13 18:00:00,4.1,423.0,189.0,9.1,52.6,0.4992
STN-04,2021-02-13 19:00:00,5.3,493.0,199.0,7.7,61.5,0.5821
STN-04,2021-02-13 20:00:00,5.5,543.0,201.0,4.9,66.4,0.5924
STN-04,2021-02-13 21:00:00,4.3,,192.0,3.3,68.0,0.544
STN-04,2021-02-13 22:00:00,1.9,144.0,122.0,1.9,70.5,0.58
STN-04,2021-02-13 23:00:00,1.7,131.0,117.0,0.2,,0.5239
STN-04,2021-02-14 00:00:00,1.5,163.0,116.0,1.0,74.5,0.5449
STN-04,2021-02-14 01:00:00,1.2,131.0,112.0,0.3,79.1,0.5385
STN-04,2021-02-14 02:00:00,1.0,110.0,95.0,1.1,82.8,0.6304
STN-04,2021-02-14 03:00:00,0.8,86.0,,-1.3,85.3,0.563
STN-04,2021-02-14 04:00:00,1.0,147.0,86.0,-3.0,92.6,0.5849
STN-04,2021-02-14 05:00:00,0.3,127.0,66.0,-5.0,94.9,0.5579
STN-04,2021-02-14 06:00:00,0.7,166.0,93.0,-5.3,91.3,0.5149
STN-04,2021-02-14 07:00:00,1.4,158.0,111.0,-5.3,89.1,0.4987
STN-04,2021-02-14 08:00:00,3.0,357.0,136.0,-5.9,90.9,0.5287
STN-04,2021-02-14 09:00:00,3.7,428.0,164.0,-3.6,85.4,0.5643
STN-04,2021-02-14 10:00:00,3.3,411.0,165.0,-0.4,76.3,0.5625
STN-04,2021-02-14 11:00:00,2.5,292.0,159.0,2.3,69.7,0.5551
STN-04,2021-02-14 12:00:00,2.3,193.0,135.0,3.9,64.7,0.5274
STN-04,2021-02-14 13:00:00,1.9,143.0,131.0,4.5,56.9,0.4268
STN-04,2021-02-14 14:00:00,2.8,231.0,155.0,5.7,53.0,0.4183
STN-04,2021-02-14 15:00:00,2.5,232.0,156.0,6.7,50.0,0.453
STN-04,2021-02-14 16:00:00,2.9,268.0,166.0,3.8,59.8,0.4446
STN-04,2021-02-14 17:00:00,3.0,251.0,182.0,4.3,55.2,0.4442
STN-04,2021-02-14 18:00:00,2.9,265.0,178.0,1.9,58.9,0.4106
STN-04,2021-02-14 19:00:00,3.2,280.0,178.0,0.7,59.4,0.3969
STN-04,2021-02-14 20:00:00,3.9,343.0,188.0,-1.0,65.6,0.4079
STN-04,2021-02-14 21:00:00,3.4,338.0,166.0,-0.3,62.0,0.3876
STN-04,2021-02-14 22:00:00,3.5,357.0,174.0,-0.4,63.2,0.3926
STN-04,2021-02-14 23:00:00,3.2,320.0,165.0,-2.0,66.1,0.3646
STN-04,2021-02-15 00:00:00,3.0,245.0,152.0,-0.4,64.8,0.3824
STN-04,2021-02-15 01:00:00,3.0,236.0,141.0,-0.6,65.1,0.3699
STN-04,2021-02-15 02:00:00,2.6,184.0,127.0,0.1,65.0,0.3666
STN-04,2021-02-15 03:00:00,3.1,171.0,158.0,0.8,64.3,0.3929
STN-04,2021-02-15 04:00:00,2.7,177.0,137.0,0.2,64.8,0.3518
STN-04,2021-02-15 05:00:00,2.6,188.0,138.0,-1.0,67.7,
STN-04,2021-02-15 06:00:00,1.3,83.0,110.0,-1.9,67.2,0.3037
STN-04,2021-02-15 07:00:00,2.1,138.0,131.0,1.4,57.5,0.3061
STN-04,2021-02-15 08:00:00,4.0,379.0,181.0,2.3,55.1,0.331
STN-04,2021-02-15 09:00:00,4.3,398.0,190.0,3.0,51.9,0.3411
STN-04,2021-02-15 10:00:00,3.2,325.0,179.0,7.6,38.1,0.3166
STN-04,2021-02-15 11:00:00,2.9,312.0,186.0,8.7,33.1,0.2417
STN-04,2021-02-15 12:00:00,3.7,383.0,184.0,12.1,35.9,0.3479
STN-04,2021-02-15 13:00:00,3.4,397.0,186.0,12.3,39.3,0.3763
STN-04,2021-02-15 14:00:00,3.9,330.0,179.0,10.3,42.5,0.3638
STN-04,2021-02-15 15:00:00,3.5,300.0,190.0,11.4,40.5,0.3804
STN-04,2021-02-15 16:00:00,3.6,274.0,176.0,11.2,45.0,0.4561
STN-04,2021-02-15 17:00:00,4.7,379.0,208.0,10.7,45.1,0.453
STN-04,2021-02-15 18:00:00,6.0,458.0,225.0,10.3,45.8,0.4592
STN-04,2021-02-15 19:00:00,5.8,,212.0,10.0,49.0,0.5204
STN-04,2021-02-15 20:00:00,5.8,471.0,219.0,9.7,48.6,0.5233
STN-04,2021-02-15 21:00:00,4.7,394.0,203.0,9.6,47.6,0.52
STN-04,2021-02-15 22:00:00,3.7,281.0,190.0,8.1,52.7,0.5505
STN-04,2021-02-15 23:00:00,3.3,225.0,175.0,7.1,52.0,0.5012
STN-04,2021-02-16 00:00:00,3.1,218.0,162.0,4.9,54.0,0.4328
STN-04,2021-02-16 01:00:00,3.1,286.0,166.0,4.8,52.1,0.4032
STN-04,2021-02-16 02:00:00,2.7,219.0,132.0,4.2,54.3,0.4249
STN-04,2021-02-16 03:00:00,2.2,197.0,125.0,5.3,55.9,0.4893
STN-04,2021-02-16 04:00:00,1.8,111.0,95.0,5.3,58.0,0.518
STN-04,2021-02-16 05:00:00,2.3,175.0,122.0,3.9,57.7,0.4497
STN-04,2021-02-16 06:00:00,3.7,400.0,177.0,4.3,57.1,0.4533
STN-04,2021-02-16 07:00:00,3.5,492.0,201.0,3.5,56.9,0.3945
STN-04,2021-02-16 08:00:00,4.3,702.0,232.0,3.7,59.3,0.429
STN-04,2021-02-16 09:00:00,5.8,839.0,252.0,5.5,61.5,0.5066
STN-04,2021-02-16 10:00:00,5.4,829.0,255.0,7.5,63.0,0.5751
STN-04,2021-02-16 11:00:00,4.9,794.0,247.0,9.1,57.4,0.5067
STN-04,2021-02-16 12:00:00,4.1,658.0,229.0,8.2,57.6,0.4819
STN-04,2021-02-16 13:00:00,4.1,587.0,213.0,10.6,56.4,0.5682
STN-04,2021-02-16 14:00:00,4.2,601.0,220.0,10.7,60.0,0.5679
STN-04,2021-02-16 15:00:00,4.2,642.0,214.0,10.0,56.5,0.5217
STN-04,2021-02-16 16:00:00,4.3,699.0,228.0,8.6,59.3,0.5214
STN-04,2021-02-16 17:00:00,5.6,744.0,236.0,8.1,65.8,0.6104
STN-04,2021-02-16 18:00:00,5.8,769.0,243.0,7.0,68.9,0.6522
STN-04,2021-02-16 19:00:00,5.6,693.0,209.0,7.2,74.6,0.7599
STN-04,2021-02-16 20:00:00,5.2,637.0,191.0,5.6,77.8,0.7603
STN-04,2021-02-16 21:00:00,4.4,538.0,169.0,4.7,77.9,0.7461
STN-04,2021-02-16 22:00:00,3.4,439.0,159.0,3.5,79.0,0.7369
STN-04,2021-02-16 23:00:00,2.3,291.0,125.0,4.1,79.4,0.7831
STN-04,2021-02-17 00:00:00,2.4,324.0,142.0,5.0,74.0,0.8115
STN-04,2021-02-17 01:00:00,1.7,154.0,110.0,5.4,70.0,0.7638
STN-04,2021-02-17 02:00:00,1.7,239.0,124.0,5.0,69.1,0.7267
STN-04,2021-02-17 03:00:00,1.3,229.0,116.0,2.6,74.9,
STN-04,2021-02-17 04:00:00,1.6,275.0,100.0,2.7,77.2,0.7894
STN-04,2021-02-17 05:00:00,1.6,270.0,99.0,1.4,71.6,0.7047
STN-04,2021-02-17 06:00:00,2.0,305.0,107.0,1.2,78.8,0.7725
STN-04,2021-02-17 07:00:00,3.4,467.0,150.0,1.4,75.4,0.7498
STN-04,2021-02-17 08:00:00,5.0,612.0,180.0,1.7,76.7,0.7588
STN-04,2021-02-17 09:00:00,5.5,,185.0,2.6,,0.8522
STN-04,2021-02-17 10:00:00,3.7,471.0,163.0,4.7,72.1,0.8395
STN-04,2021-02-17 11:00:00,3.3,393.0,155.0,4.4,63.4,0.7293
STN-04,2021-02-17 12:00:00,3.5,372.0,171.0,6.2,58.3,0.7108
STN-04,2021-02-17 13:00:00,3.0,300.0,140.0,6.4,58.1,0.7042
STN-04,2021-02-17 14:00:00,3.3,259.0,124.0,7.8,56.5,0.7043
STN-04,2021-02-17 15:00:00,3.7,300.0,141.0,8.9,52.2,0.6884
STN-04,2021-02-17 16:00:00,3.3,302.0,146.0,7.5,57.0,0.6931
STN-04,2021-02-17 17:00:00,3.0,290.0,170.0,7.2,54.8,0.6747
STN-04,2021-02-17 18:00:00,3.4,346.0,181.0,6.2,58.8,0.7167
STN-04,2021-02-17 19:00:00,5.1,502.0,226.0,4.3,62.2,0.7298
STN-04,2021-02-17 20:00:00,4.2,451.0,190.0,3.0,66.8,0.7714
STN-04,2021-02-17 21:00:00,3.9,447.0,185.0,2.4,67.3,0.7922
STN-04,2021-02-17 22:00:00,3.6,348.0,153.0,2.1,73.9,0.8994
STN-04,2021-02-17 23:00:00,2.3,339.0,129.0,1.1,74.4,0.9039
STN-04,2021-02-18 00:00:00,1.6,,104.0,0.4,71.0,0.8359
STN-04,2021-02-18 01:00:00,1.6,175.0,90.0,-0.8,76.7,0.8432
STN-04,2021-02-18 02:00:00,0.7,102.0,66.0,-0.0,75.4,0.8736
STN-04,2021-02-18 03:00:00,,91.0,86.0,1.3,73.2,0.9019
STN-04,2021-02-18 04:00:00,0.7,63.0,66.0,1.0,72.3,0.8663
STN-04,2021-02-18 05:00:00,0.3,143.0,83.0,-1.4,74.7,0.7886
STN-04,2021-02-18 06:00:00,0.5,146.0,99.0,-1.7,72.7,0.7709
STN-04,2021-02-18 07:00:00,1.8,276.0,151.0,-0.2,68.0,0.7898
STN-04,2021-02-18 08:00:00,4.3,499.0,203.0,1.1,65.1,0.804
STN-04,2021-02-18 09:00:00,4.3,481.0,190.0,2.6,61.8,0.8617
STN-04,2021-02-18 10:00:00,3.6,399.0,172.0,6.5,58.0,0.9148
STN-04,2021-02-18 11:00:00,4.1,451.0,178.0,10.5,56.0,1.0315
STN-04,2021-02-18 12:00:00,3.6,427.0,180.0,10.4,50.3,0.9574
STN-04,2021-02-18 13:00:00,2.4,306.0,173.0,10.6,,0.8222
STN-04,2021-02-18 14:00:00,2.7,449.0,204.0,10.4,42.7,0.8141
STN-04,2021-02-18 15:00:00,2.9,482.0,225.0,10.6,44.4,0.7983
STN-04,2021-02-18 16:00:00,4.5,597.0,237.0,8.8,,0.7573
STN-04,2021-02-18 17:00:00,5.0,676.0,249.0,7.6,49.9,0.7009
STN-04,2021-02-18 18:00:00,5.9,672.0,250.0,7.1,50.9,0.7104
STN-04,2021-02-18 19:00:00,6.2,735.0,276.0,7.2,52.7,0.7421
STN-04,2021-02-18 20:00:00,5.8,703.0,243.0,5.4,53.1,0.7098
STN-04,2021-02-18 21:00:00,4.9,564.0,227.0,5.0,,0.656
STN-04,2021-02-18 22:00:00,3.7,525.0,202.0,3.2,50.9,0.6054
STN-04,2021-02-18 23:00:00,3.5,488.0,205.0,4.1,51.4,0.6344
STN-04,2021-02-19 00:00:00,3.0,458.0,199.0,2.9,48.8,0.5263
STN-04,2021-02-19 01:00:00,2.3,365.0,178.0,2.9,49.3,
STN-04,2021-02-19 02:00:00,,402.0,148.0,3.1,49.1,0.4951
STN-04,2021-02-19 03:00:00,2.5,305.0,145.0,2.0,47.4,0.4003
STN-04,2021-02-19 04:00:00,2.6,353.0,136.0,1.2,49.6,0.3892
STN-04,2021-02-19 05:00:00,2.3,299.0,111.0,0.1,53.7,0.4346
STN-04,2021-02-19 06:00:00,3.0,356.0,123.0,-0.3,55.9,0.4466
STN-04,2021-02-19 07:00:00,,445.0,138.0,0.8,47.9,0.3642
STN-04,2021-02-19 08:00:00,4.9,579.0,174.0,2.2,47.3,0.4243
STN-04,2021-02-19 09:00:00,4.8,640.0,176.0,3.4,49.2,0.4675
STN-04,2021-02-19 10:00:00,4.2,553.0,182.0,5.0,43.6,0.436
STN-04,2021-02-19 11:00:00,2.6,366.0,166.0,5.5,40.2,0.3661
STN-04,2021-02-19 12:00:00,1.4,193.0,167.0,7.6,34.4,0.3453
STN-04,2021-02-19 13:00:00,2.2,246.0,187.0,8.4,24.1,0.2205
STN-04,2021-02-19 14:00:00,2.1,172.0,169.0,8.5,25.5,0.2584
STN-04,2021-02-19 15:00:00,2.0,,152.0,9.4,,0.2547
STN-04,2021-02-19 16:00:00,2.9,216.0,164.0,8.9,31.2,0.266
STN-04,2021-02-19 17:00:00,3.2,229.0,169.0,7.4,34.5,0.2542
STN-04,2021-02-19 18:00:00,3.9,243.0,183.0,5.8,37.5,0.2759
STN-04,2021-02-19 19:00:00,4.2,301.0,212.0,4.4,39.1,0.2588
STN-04,2021-02-19 20:00:00,4.2,300.0,200.0,4.3,,0.3112
STN-04,2021-02-19 21:00:00,3.0,243.0,185.0,1.7,51.0,0.3185
STN-04,2021-02-19 22:00:00,3.7,,185.0,-0.6,60.7,0.3171
STN-04,2021-02-19 23:00:00,3.6,363.0,167.0,-0.1,60.3,0.352
STN-04,2021-02-20 00:00:00,2.4,306.0,141.0,-0.7,60.6,0.3319
STN-04,2021-02-20 01:00:00,2.9,312.0,128.0,-1.0,63.7,0.3376
STN-04,2021-02-20 02:00:00,1.7,212.0,94.0,-0.7,67.5,0.3647
STN-04,2021-02-20 03:00:00,1.6,276.0,129.0,-0.4,68.7,0.384
STN-04,2021-02-20 04:00:00,1.5,173.0,99.0,0.7,65.1,0.3952
STN-04,2021-02-20 05:00:00,2.2,253.0,120.0,0.5,61.7,0.3559
STN-04,2021-02-20 06:00:00,1.5,223.0,112.0,1.7,57.0,0.3203
STN-04,2021-02-20 07:00:00,2.1,289.0,122.0,1.4,56.6,0.2674
STN-04,2021-02-20 08:00:00,3.6,424.0,152.0,1.7,59.6,0.3112
STN-04,2021-02-20 09:00:00,4.0,453.0,161.0,3.6,54.7,0.3352
STN-04,2021-02-20 10:00:00,4.3,553.0,195.0,5.8,46.3,0.2754
STN-04,2021-02-20 11:00:00,4.7,592.0,197.0,7.3,41.2,0.2447
STN-04,2021-02-20 12:00:00,4.3,656.0,198.0,8.0,38.7,0.2075
STN-04,2021-02-20 13:00:00,3.9,672.0,220.0,9.8,41.5,0.2705
STN-04,2021-02-20 14:00:00,3.1,526.0,,7.9,36.9,0.1385
STN-04,2021-02-20 15:00:00,3.2,458.0,187.0,8.3,35.8,0.1336
STN-04,2021-02-20 16:00:00,3.3,560.0,188.0,7.9,30.8,0.0564
STN-04,2021-02-20 17:00:00,4.1,653.0,210.0,6.5,32.8,0.05
STN-04,2021-02-20 18:00:00,4.9,647.0,224.0,5.5,36.8,0.0729
STN-04,2021-02-20 19:00:00,5.6,694.0,253.0,4.9,34.4,0.0551
STN-04,2021-02-20 20:00:00,5.3,614.0,223.0,6.3,32.9,0.1067
STN-04,2021-02-20 21:00:00,4.0,529.0,191.0,6.2,34.8,0.137
STN-04,2021-02-20 22:00:00,3.8,568.0,180.0,5.6,40.0,0.1811
STN-04,2021-02-20 23:00:00,4.3,520.0,168.0,7.1,45.1,0.3119
STN-04,2021-02-21 00:00:00,3.7,484.0,161.0,6.0,47.0,0.2686
STN-04,2021-02-21 01:00:00,2.1,290.0,99.0,5.8,45.3,0.256
STN-04,2021-02-21 02:00:00,1.6,258.0,95.0,5.2,44.6,0.2108
STN-04,2021-02-21 03:00:00,1.1,176.0,93.0,3.7,47.4,0.1989
STN-04,2021-02-21 04:00:00,1.9,247.0,77.0,3.8,55.1,0.2505
STN-04,2021-02-21 05:00:00,2.5,240.0,82.0,3.9,57.0,0.2603
STN-04,2021-02-21 06:00:00,2.3,183.0,71.0,2.3,64.5,0.285
STN-04,2021-02-21 07:00:00,3.3,341.0,113.0,1.7,61.0,0.2234
STN-04,2021-02-21 08:00:00,3.9,480.0,147.0,1.7,,0.2005
STN-04,2021-02-21 09:00:00,3.5,419.0,151.0,3.1,48.0,0.1315
STN-04,2021-02-21 10:00:00,3.0,343.0,149.0,6.0,41.1,0.1356
STN-04,2021-02-21 11:00:00,2.8,369.0,169.0,8.1,34.1,0.1045
STN-04,2021-02-21 12:00:00,2.5,328.0,149.0,9.5,29.8,0.0687
STN-04,2021-02-21 13:00:00,2.1,252.0,132.0,9.1,36.9,0.1392
STN-04,2021-02-21 14:00:00,2.7,283.0,122.0,8.2,34.2,0.0637
STN-04,2021-02-21 15:00:00,4.0,447.0,155.0,7.3,38.1,0.0754
STN-04,2021-02-21 16:00:00,3.3,384.0,156.0,7.1,35.1,0.0645
STN-04,2021-02-21 17:00:00,4.6,574.0,201.0,7.7,38.2,0.1251
STN-04,2021-02-21 18:00:00,5.2,629.0,208.0,5.9,42.6,0.1438
STN-04,2021-02-21 19:00:00,4.6,558.0,203.0,3.3,47.0,0.1256
STN-04,2021-02-21 20:00:00,4.2,508.0,195.0,4.3,48.7,0.2179
STN-04,2021-02-21 21:00:00,4.1,465.0,166.0,2.7,50.5,0.2144
STN-04,2021-02-21 22:00:00,3.8,418.0,158.0,2.5,53.3,0.2645
STN-04,2021-02-21 23:00:00,3.1,301.0,148.0,1.5,57.9,0.3086
STN-04,2021-02-22 00:00:00,3.3,264.0,141.0,2.1,55.8,0.3764
STN-04,2021-02-22 01:00:00,2.4,254.0,137.0,,57.2,0.3212
STN-04,2021-02-22 02:00:00,1.6,120.0,104.0,-0.0,53.2,0.2712
STN-04,2021-02-22 03:00:00,1.7,173.0,119.0,-1.5,53.6,0.2627
STN-04,2021-02-22 04:00:00,1.3,221.0,98.0,-3.7,53.7,0.1767
STN-04,2021-02-22 05:00:00,1.8,312.0,124.0,-3.1,57.0,0.2094
STN-04,2021-02-22 06:00:00,1.7,307.0,136.0,-4.1,64.0,0.204
STN-04,2021-02-22 07:00:00,,328.0,141.0,-3.2,63.5,0.2799
STN-04,2021-02-22 08:00:00,3.4,472.0,165.0,-1.3,55.0,0.2666
STN-04,2021-02-22 09:00:00,4.5,570.0,172.0,0.9,46.9,0.213
STN-04,2021-02-22 10:00:00,4.3,504.0,174.0,,36.9,0.2055
STN-04,2021-02-22 11:00:00,4.3,500.0,160.0,5.0,30.2,0.1243
STN-04,2021-02-22 12:00:00,3.2,402.0,141.0,6.0,30.7,0.1382
STN-04,2021-02-22 13:00:00,3.1,339.0,146.0,7.0,23.2,0.0592
STN-04,2021-02-22 14:00:00,3.7,482.0,171.0,7.1,28.5,0.1014
STN-04,2021-02-22 15:00:00,3.0,409.0,164.0,7.8,22.9,0.05
STN-04,2021-02-22 16:00:00,2.8,376.0,159.0,8.0,23.6,0.0825
STN-04,2021-02-22 17:00:00,3.4,429.0,186.0,8.2,28.3,0.1369
STN-04,2021-02-22 18:00:00,4.6,499.0,212.0,,38.3,0.2935
STN-04,2021-02-22 19:00:00,4.8,551.0,231.0,5.2,42.6,0.2621
STN-04,2021-02-22 20:00:00,4.6,508.0,210.0,4.4,47.7,0.3165
STN-04,2021-02-22 21:00:00,2.9,415.0,205.0,3.7,46.1,0.2743
STN-04,2021-02-22 22:00:00,1.8,328.0,179.0,3.7,50.2,0.3513
STN-04,2021-02-22 23:00:00,3.1,375.0,179.0,4.2,54.3,0.3734
STN-04,2021-02-23 00:00:00,2.8,349.0,168.0,4.0,59.0,0.429
STN-04,2021-02-23 01:00:00,1.1,224.0,130.0,3.6,61.8,0.4257
STN-04,2021-02-23 02:00:00,1.5,341.0,129.0,2.6,60.5,0.3512
STN-04,2021-02-23 03:00:00,0.8,184.0,114.0,3.2,59.7,0.3799
STN-04,2021-02-23 04:00:00,0.0,10.0,71.0,2.3,59.8,0.3403
STN-04,2021-02-23 05:00:00,0.0,1.0,71.0,1.3,56.8,0.2523
STN-04,2021-02-23 06:00:00,0.4,115.0,97.0,0.8,59.9,0.2998
STN-04,2021-02-23 07:00:00,1.7,283.0,123.0,1.3,62.8,0.3948
STN-04,2021-02-23 08:00:00,3.0,373.0,,2.2,63.0,0.4298
STN-04,2021-02-23 09:00:00,3.2,437.0,181.0,3.8,56.4,0.4075
STN-04,2021-02-23 10:00:00,2.9,468.0,199.0,7.0,48.7,0.4081
STN-04,2021-02-23 11:00:00,3.0,409.0,202.0,9.6,42.4,0.4048
STN-04,2021-02-23 12:00:00,2.3,374.0,187.0,9.6,41.5,0.3544
STN-04,2021-02-23 13:00:00,2.4,363.0,178.0,8.9,47.2,0.3834
STN-04,2021-02-23 14:00:00,3.2,407.0,187.0,9.2,48.6,0.413
STN-04,2021-02-23 15:00:00,3.3,515.0,188.0,9.7,50.4,0.4401
STN-04,2021-02-23 16:00:00,4.7,646.0,224.0,10.4,47.7,0.4447
STN-04,2021-02-23 17:00:00,5.6,715.0,243.0,10.6,51.7,0.4987
STN-04,2021-02-23 18:00:00,5.2,698.0,233.0,7.9,53.0,0.4513
STN-04,2021-02-23 19:00:00,6.1,731.0,236.0,5.4,,0.4594
STN-04,2021-02-23 20:00:00,5.5,654.0,220.0,3.8,55.6,
STN-04,2021-02-23 21:00:00,4.5,560.0,204.0,3.9,54.8,0.435
STN-04,2021-02-23 22:00:00,3.3,379.0,166.0,4.7,55.5,0.4466
STN-04,2021-02-23 23:00:00,2.5,269.0,,4.3,59.9,0.4781
STN-04,2021-02-24 00:00:00,2.8,280.0,149.0,5.0,62.1,0.5165
STN-04,2021-02-24 01:00:00,2.4,234.0,123.0,4.9,66.3,0.5723
STN-04,2021-02-24 02:00:00,1.9,153.0,98.0,6.2,61.1,0.5775
STN-04,2021-02-24 03:00:00,0.9,72.0,95.0,4.3,61.7,0.5366
STN-04,2021-02-24 04:00:00,0.6,1.0,63.0,2.3,60.4,0.459
STN-04,2021-02-24 05:00:00,0.4,36.0,75.0,1.4,59.8,0.4443
STN-04,2021-02-24 06:00:00,0.7,84.0,70.0,2.4,59.5,0.4838
STN-04,2021-02-24 07:00:00,1.5,199.0,78.0,1.7,58.8,0.4305
STN-04,2021-02-24 08:00:00,3.2,362.0,106.0,4.3,57.4,0.5195
STN-04,2021-02-24 09:00:00,3.1,342.0,119.0,5.6,49.9,0.4711
STN-04,2021-02-24 10:00:00,3.0,421.0,134.0,8.7,39.7,0.4398
STN-04,2021-02-24 11:00:00,2.8,348.0,117.0,10.5,39.4,0.4477
STN-04,2021-02-24 12:00:00,2.7,242.0,117.0,10.8,40.2,0.4596
STN-04,2021-02-24 13:00:00,3.2,207.0,128.0,12.2,39.1,0.4637
STN-04,2021-02-24 14:00:00,2.9,176.0,130.0,13.0,38.8,0.5253
STN-04,2021-02-24 15:00:00,2.1,204.0,134.0,13.9,36.6,0.5648
STN-04,2021-02-24 16:00:00,2.0,209.0,149.0,14.6,27.7,0.4742
STN-04,2021-02-24 17:00:00,2.8,291.0,171.0,13.0,37.6,0.5568
STN-04,2021-02-24 18:00:00,4.2,407.0,192.0,11.4,39.0,0.5579
STN-04,2021-02-24 19:00:00,5.2,486.0,202.0,10.1,42.0,0.5625
STN-04,2021-02-24 20:00:00,4.1,357.0,176.0,8.8,42.6,0.5315
STN-04,2021-02-24 21:00:00,3.0,266.0,151.0,8.4,41.3,0.5054
STN-04,2021-02-24 22:00:00,1.9,148.0,119.0,8.1,44.8,0.5278
STN-04,2021-02-24 23:00:00,2.7,304.0,148.0,6.8,49.9,0.5734
STN-04,2021-02-25 00:00:00,3.2,351.0,157.0,5.9,55.0,0.6295
STN-04,2021-02-25 01:00:00,2.8,368.0,170.0,4.5,,0.5136
STN-04,2021-02-25 02:00:00,2.3,329.0,152.0,4.7,52.5,0.5453
STN-04,2021-02-25 03:00:00,3.6,486.0,196.0,3.4,52.0,0.4411
STN-04,2021-02-25 04:00:00,3.7,412.0,150.0,3.0,57.9,0.4952
STN-04,2021-02-25 05:00:00,3.7,473.0,,1.4,65.3,0.5138
STN-04,2021-02-25 06:00:00,3.8,530.0,157.0,2.0,61.7,0.4883
STN-04,2021-02-25 07:00:00,4.6,634.0,190.0,2.9,58.7,0.4913
STN-04,2021-02-25 08:00:00,5.9,822.0,246.0,4.0,56.2,0.4732
STN-04,2021-02-25 09:00:00,5.7,809.0,259.0,5.0,59.2,0.5888
STN-04,2021-02-25 10:00:00,5.7,811.0,273.0,7.3,51.6,0.5316
STN-04,2021-02-25 11:00:00,4.6,696.0,246.0,9.1,46.6,0.5047
STN-04,2021-02-25 12:00:00,5.0,672.0,233.0,10.9,46.0,0.5376
STN-04,2021-02-25 13:00:00,4.3,583.0,204.0,12.4,40.1,0.5167
STN-04,2021-02-25 14:00:00,4.2,530.0,192.0,12.5,38.5,0.534
STN-04,2021-02-25 15:00:00,4.0,,199.0,12.9,39.0,0.5376
STN-04,2021-02-25 16:00:00,5.2,592.0,219.0,13.2,40.6,0.5548
STN-04,2021-02-25 17:00:00,6.3,618.0,,12.5,36.2,0.4779
STN-04,2021-02-25 18:00:00,6.3,,203.0,11.5,39.6,0.5125
STN-04,2021-02-25 19:00:00,6.3,621.0,218.0,9.1,43.2,0.5009
STN-04,2021-02-25 20:00:00,5.9,548.0,197.0,9.1,49.5,0.5447
STN-04,2021-02-25 21:00:00,4.7,541.0,174.0,8.8,51.6,0.5468
STN-04,2021-02-25 22:00:00,3.6,373.0,121.0,7.7,60.0,0.634
STN-04,2021-02-25 23:00:00,3.1,383.0,123.0,7.2,57.1,0.5643
STN-04,2021-02-26 00:00:00,3.1,382.0,136.0,6.6,59.1,0.5439
STN-04,2021-02-26 01:00:00,2.2,267.0,128.0,6.5,58.7,0.5542
STN-04,2021-02-26 02:00:00,1.6,145.0,92.0,6.3,55.9,0.5293
STN-04,2021-02-26 03:00:00,1.9,169.0,117.0,6.1,60.4,0.5929
STN-04,2021-02-26 04:00:00,1.7,115.0,86.0,7.1,62.1,0.6359
STN-04,2021-02-26 05:00:00,1.3,148.0,81.0,6.7,63.8,0.6406
STN-04,2021-02-26 06:00:00,1.5,243.0,105.0,5.6,67.9,0.6374
STN-04,2021-02-26 07:00:00,2.4,324.0,136.0,5.2,64.0,0.581
STN-04,2021-02-26 08:00:00,4.0,475.0,175.0,5.9,63.0,0.5714
STN-04,2021-02-26 09:00:00,5.1,554.0,,8.5,55.3,0.5959
STN-04,2021-02-26 10:00:00,4.2,525.0,201.0,10.6,47.7,0.5858
STN-04,2021-02-26 11:00:00,3.5,438.0,182.0,12.2,43.6,0.5712
STN-04,2021-02-26 12:00:00,4.4,536.0,195.0,13.7,44.8,0.5869
STN-04,2021-02-26 13:00:00,4.4,508.0,,14.0,45.9,0.6221
STN-04,2021-02-26 14:00:00,3.5,423.0,182.0,13.5,47.1,0.5681
STN-04,2021-02-26 15:00:00,,393.0,168.0,14.5,47.1,0.6009
STN-04,2021-02-26 16:00:00,4.5,489.0,189.0,14.0,51.8,0.6557
STN-04,2021-02-26 17:00:00,5.4,538.0,,,52.8,0.6637
STN-04,2021-02-26 18:00:00,5.4,611.0,221.0,10.2,63.3,0.7117
STN-04,2021-02-26 19:00:00,5.5,648.0,220.0,8.3,65.1,0.6738
STN-04,2021-02-26 20:00:00,5.1,626.0,209.0,7.5,74.2,0.7735
STN-04,2021-02-26 21:00:00,4.3,531.0,190.0,7.3,72.2,0.704
STN-04,2021-02-26 22:00:00,3.9,491.0,182.0,6.3,72.9,0.7011
STN-04,2021-02-26 23:00:00,2.7,425.0,166.0,5.9,73.2,0.709
STN-04,2021-02-27 00:00:00,2.9,419.0,151.0,6.2,70.3,0.6664
STN-04,2021-02-27 01:00:00,2.6,462.0,158.0,6.0,70.7,0.6441
STN-04,2021-02-27 02:00:00,1.6,326.0,121.0,4.7,68.8,0.5928
STN-04,2021-02-27 03:00:00,1.9,414.0,132.0,3.6,74.1,0.6156
STN-04,2021-02-27 04:00:00,,465.0,139.0,2.1,72.7,0.5325
STN-04,2021-02-27 05:00:00,1.8,330.0,138.0,0.4,73.5,0.51
STN-04,2021-02-27 06:00:00,1.7,400.0,155.0,-0.5,72.4,0.469
STN-04,2021-02-27 07:00:00,2.9,524.0,176.0,-0.7,74.6,0.4754
STN-04,2021-02-27 08:00:00,4.0,672.0,200.0,1.6,72.4,0.5116
STN-04,2021-02-27 09:00:00,4.1,735.0,214.0,4.4,71.7,0.5679
STN-04,2021-02-27 10:00:00,3.1,667.0,196.0,7.2,60.5,0.5066
STN-04,2021-02-27 11:00:00,2.8,539.0,159.0,,46.2,0.409
STN-04,2021-02-27 12:00:00,3.3,587.0,171.0,9.9,46.0,0.4151
STN-04,2021-02-27 13:00:00,2.9,423.0,140.0,10.2,44.7,0.3979
STN-04,2021-02-27 14:00:00,2.1,390.0,120.0,11.3,,0.4018
STN-04,2021-02-27 15:00:00,3.0,454.0,,11.9,45.6,0.4658
STN-04,2021-02-27 16:00:00,2.8,491.0,159.0,11.7,48.0,0.4889
STN-04,2021-02-27 17:00:00,3.2,522.0,176.0,10.0,46.7,0.3925
STN-04,2021-02-27 18:00:00,3.3,509.0,176.0,9.1,51.6,0.4366
STN-04,2021-02-27 19:00:00,3.8,488.0,189.0,5.2,58.9,0.4351
STN-04,2021-02-27 20:00:00,3.3,408.0,185.0,3.6,52.8,0.3525
STN-04,2021-02-27 21:00:00,2.1,318.0,196.0,1.7,53.2,0.2609
STN-04,2021-02-27 22:00:00,2.3,341.0,194.0,1.1,54.1,0.2717
STN-04,2021-02-27 23:00:00,1.6,232.0,166.0,1.3,55.8,0.3181
STN-04,2021-02-28 00:00:00,2.2,289.0,165.0,0.6,63.3,0.3833
STN-04,2021-02-28 01:00:00,1.7,226.0,132.0,0.5,64.8,0.4053
STN-04,2021-02-28 02:00:00,1.0,91.0,114.0,0.8,66.2,0.4209
STN-04,2021-02-28 03:00:00,0.9,88.0,115.0,0.8,64.7,0.3764
STN-04,2021-02-28 04:00:00,0.4,54.0,82.0,0.3,65.1,0.3496
STN-04,2021-02-28 05:00:00,0.4,51.0,77.0,-0.3,72.1,0.4195
STN-04,2021-02-28 06:00:00,0.5,122.0,105.0,0.2,70.8,0.3795
STN-04,2021-02-28 07:00:00,1.7,229.0,125.0,1.5,62.2,0.3355
STN-04,2021-02-28 08:00:00,2.7,252.0,154.0,2.3,59.0,0.2914
STN-04,2021-02-28 09:00:00,2.5,,161.0,3.5,56.9,0.3113
STN-04,2021-02-28 10:00:00,3.0,278.0,171.0,5.6,48.2,0.2962
STN-04,2021-02-28 11:00:00,2.1,225.0,179.0,8.1,37.3,0.2234
STN-04,2021-02-28 12:00:00,1.8,187.0,170.0,10.4,31.4,0.1753
STN-04,2021-02-28 13:00:00,2.1,199.0,158.0,11.9,25.9,0.1744
STN-04,2021-02-28 14:00:00,2.4,196.0,147.0,,24.0,0.1018
STN-04,2021-02-28 15:00:00,1.8,96.0,122.0,11.1,26.7,0.1308
STN-04,2021-02-28 16:00:00,2.0,42.0,131.0,9.7,33.2,0.1699
STN-04,2021-02-28 17:00:00,2.8,141.0,147.0,11.647704625721325,36.7,0.357673091683935
STN-04,2021-02-28 18:00:00,3.7,200.0,161.0,12.795409251442651,40.1,0.52774618336787
STN-04,2021-02-28 19:00:00,4.9,252.0,175.0,14.643113877163977,44.6,0.7514192750518051
STN-04,2021-02-28 20:00:00,4.1,153.0,149.0,16.1908185028853,53.1,1.00679236673574
STN-04,2021-02-28 21:00:00,3.0,118.0,138.0,17.738523128606626,55.1,1.127265458419675
STN-04,2021-02-28 22:00:00,3.0,126.0,141.0,17.238523128606626,60.2,1.168065458419675
STN-04,2021-02-28 23:00:00,2.6,202.0,144.0,16.338523128606628,64.0,1.166465458419675
STN-04,2021-03-01 00:00:00,2.4,80.0,106.0,22.538523128606627,61.3,1.3954654584196748
STN-04,2021-03-01 01:00:00,1.7,1.0,81.0,23.438523128606626,62.2,1.445465458419675
STN-04,2021-03-01 02:00:00,1.3,1.0,62.0,22.738523128606626,69.3,1.479565458419675
STN-04,2021-03-01 03:00:00,1.0,1.0,39.0,24.538523128606627,73.5,1.571265458419675
STN-04,2021-03-01 04:00:00,,1.0,4.0,22.63852312860663,76.0,1.5427654584196748
STN-04,2021-03-01 05:00:00,0.9,1.0,17.0,22.538523128606627,77.5,1.5427654584196748
STN-04,2021-03-01 06:00:00,1.9,49.0,47.0,21.938523128606626,81.0,1.537865458419675
STN-04,2021-03-01 07:00:00,3.8,,99.0,22.238523128606626,79.6,1.525265458419675
STN-04,2021-03-01 08:00:00,4.7,383.0,140.0,8.9,75.6,0.7272
STN-04,2021-03-01 09:00:00,5.7,546.0,165.0,10.9,65.6,0.7002
STN-04,2021-03-01 10:00:00,4.7,449.0,162.0,12.7,60.4,0.6923
STN-04,2021-03-01 11:00:00,3.9,328.0,140.0,14.9,49.8,0.6217
STN-04,2021-03-01 12:00:00,2.6,197.0,111.0,14.9,48.2,0.5596
STN-04,2021-03-01 13:00:00,2.5,209.0,98.0,15.5,48.0,0.5263
STN-04,2021-03-01 14:00:00,3.1,248.0,95.0,14.8,51.9,0.4905
STN-04,2021-03-01 15:00:00,3.1,235.0,94.0,16.2,52.8,0.5585
STN-04,2021-03-01 16:00:00,3.2,235.0,93.0,14.5,52.4,0.5359
STN-04,2021-03-01 17:00:00,4.3,371.0,119.0,13.4,49.0,0.4956
STN-04,2021-03-01 18:00:00,5.0,392.0,136.0,11.9,47.0,0.4548
STN-04,2021-03-01 19:00:00,5.3,375.0,132.0,11.2,50.8,0.5303
STN-04,2021-03-01 20:00:00,5.3,409.0,134.0,8.8,56.6,0.5552
STN-04,2021-03-01 21:00:00,4.7,410.0,125.0,7.5,64.6,0.5896
STN-04,2021-03-01 22:00:00,4.1,399.0,127.0,7.2,60.8,0.5334
STN-04,2021-03-01 23:00:00,3.0,381.0,122.0,7.3,64.1,0.5854
STN-04,2021-03-02 00:00:00,2.8,372.0,113.0,7.5,65.3,0.6133
STN-04,2021-03-02 01:00:00,2.8,372.0,113.0,7.5,65.3,0.6133
STN-04,2021-03-02 02:00:00,1.4,66.0,56.0,5.4,63.9,0.5181
STN-04,2021-03-02 03:00:00,0.6,1.0,45.0,6.2,61.8,0.5245
STN-04,2021-03-02 04:00:00,0.6,1.0,22.0,5.5,64.4,0.5619
STN-04,2021-03-02 05:00:00,1.3,29.0,45.0,4.8,66.4,0.5739
STN-04,2021-03-02 06:00:00,1.0,13.0,46.0,4.6,69.9,0.581
STN-04,2021-03-02 07:00:00,2.2,91.0,60.0,5.2,63.1,0.5603
STN-04,2021-03-02 08:00:00,3.2,225.0,77.0,7.0,62.8,0.6014
STN-04,2021-03-02 09:00:00,3.2,246.0,83.0,8.5,61.2,0.6108
STN-04,2021-03-02 10:00:00,2.8,195.0,87.0,11.0,53.2,0.5895
STN-04,2021-03-02 11:00:00,2.7,182.0,77.0,14.1,52.6,0.6398
STN-04,2021-03-02 12:00:00,3.2,187.0,82.0,15.9,52.8,0.6603
STN-04,2021-03-02 13:00:00,3.4,,,16.7,54.2,0.7214
STN-04,2021-03-02 14:00:00,2.2,1.0,22.0,17.2,48.7,0.6718
STN-04,2021-03-02 15:00:00,2.2,28.0,34.0,15.5,45.3,0.5924
STN-04,2021-03-02 16:00:00,2.7,75.0,42.0,14.9,51.0,0.6425
STN-04,2021-03-02 17:00:00,2.8,135.0,61.0,14.0,103.32614813523517,0.634
STN-04,2021-03-02 18:00:00,3.0,84.0,59.0,13.4,58.0,0.7055
STN-04,2021-03-02 19:00:00,4.1,258.0,109.0,12.5,56.9,0.6814
STN-04,2021-03-02 20:00:00,3.0,207.0,89.0,10.8,60.7,0.6677
STN-04,2021-03-02 21:00:00,2.4,194.0,87.0,9.1,56.5,0.5798
STN-04,2021-03-02 22:00:00,1.5,3.0,57.0,9.4,55.0,0.5689
STN-04,2021-03-02 23:00:00,1.1,1.0,44.0,9.3,62.1,0.6399
STN-04,2021-03-03 00:00:00,1.6,55.0,47.0,8.4,66.6,0.6384
STN-04,2021-03-03 01:00:00,0.8,12.0,42.0,7.2,70.6,0.654
STN-04,2021-03-03 02:00:00,0.3,1.0,35.0,6.8,66.3,0.632
STN-04,2021-03-03 03:00:00,0.0,1.0,44.0,7.7,62.7,0.627
STN-04,2021-03-03 04:00:00,1.2,65.0,38.0,7.7,65.5,0.6482
STN-04,2021-03-03 05:00:00,2.0,113.0,63.0,7.3,64.1,0.6349
STN-04,2021-03-03 06:00:00,1.5,51.0,55.0,6.6,68.6,0.6821
STN-04,2021-03-03 07:00:00,1.3,25.0,39.0,7.4,62.1,0.669
STN-04,2021-03-03 08:00:00,2.8,132.0,78.0,9.2,57.9,0.7231
STN-04,2021-03-03 09:00:00,3.7,229.0,96.0,12.3,54.3,
STN-04,2021-03-03 10:00:00,3.3,281.0,117.0,15.3,49.9,0.8056
STN-04,2021-03-03 11:00:00,3.1,263.0,120.0,15.9,45.1,0.7736
STN-04,2021-03-03 12:00:00,2.2,221.0,114.0,17.5,41.3,0.7412
STN-04,2021-03-03 13:00:00,1.7,133.0,76.0,19.5,38.5,0.7698
STN-04,2021-03-03 14:00:00,2.0,177.0,66.0,21.0,43.4,0.8696
STN-04,2021-03-03 15:00:00,1.6,,68.0,21.9,40.7,0.8615
STN-04,2021-03-03 16:00:00,0.9,57.0,59.0,19.7,49.2,0.8879
STN-04,2021-03-03 17:00:00,1.4,107.0,,20.4,47.0,0.912
STN-04,2021-03-03 18:00:00,1.2,153.0,102.0,19.1,,0.9505
STN-04,2021-03-03 19:00:00,2.3,193.0,118.0,18.5,48.6,0.9837
STN-04,2021-03-03 20:00:00,3.0,309.0,148.0,,53.5,0.9217
STN-04,2021-03-03 21:00:00,2.8,289.0,124.0,14.8,58.4,0.9613
STN-04,2021-03-03 22:00:00,2.5,244.0,104.0,13.7,105.75497095815071,0.9379
STN-04,2021-03-03 23:00:00,2.8,256.0,116.0,13.7,59.0,0.93
STN-04,2021-03-04 00:00:00,3.8,423.0,134.0,13.0,65.1,0.9613
STN-04,2021-03-04 01:00:00,3.1,348.0,126.0,11.7,61.3,0.8749
STN-04,2021-03-04 02:00:00,2.3,272.0,104.0,10.1,67.8,0.9097
STN-04,2021-03-04 03:00:00,1.4,224.0,102.0,8.0,70.7,0.8262
STN-04,2021-03-04 04:00:00,0.7,103.0,48.0,7.7,72.7,0.8199
STN-04,2021-03-04 05:00:00,0.8,142.0,53.0,6.4,73.4,0.7948
STN-04,2021-03-04 06:00:00,1.7,236.0,64.0,6.6,72.3,0.7927
STN-04,2021-03-04 07:00:00,2.4,281.0,81.0,6.6,72.1,0.8027
STN-04,2021-03-04 08:00:00,4.7,440.0,125.0,7.5,67.8,0.7843
STN-04,2021-03-04 09:00:00,4.3,359.0,122.0,9.3,65.1,0.7884
STN-04,2021-03-04 10:00:00,4.7,437.0,150.0,9.6,62.7,0.7058
STN-04,2021-03-04 11:00:00,4.4,377.0,137.0,11.8,59.0,0.7115
STN-04,2021-03-04 12:00:00,3.9,248.0,108.0,12.4,55.9,0.6726
STN-04,2021-03-04 13:00:00,2.8,127.0,82.0,13.4,54.0,0.6843
STN-04,2021-03-04 14:00:00,3.1,132.0,83.0,14.0,48.5,0.6805
STN-04,2021-03-04 15:00:00,3.8,263.0,93.0,14.8,50.1,0.7022
STN-04,2021-03-04 16:00:00,4.4,353.0,109.0,14.4,53.5,0.7068
STN-04,2021-03-04 17:00:00,4.3,,114.0,15.3,49.0,0.7278
STN-04,2021-03-04 18:00:00,4.1,309.0,107.0,14.0,45.1,0.6793
STN-04,2021-03-04 19:00:00,4.4,302.0,105.0,11.6,51.1,0.6832
STN-04,2021-03-04 20:00:00,4.7,307.0,114.0,11.3,57.5,0.7563
STN-04,2021-03-04 21:00:00,3.8,233.0,91.0,11.4,58.9,0.7759
STN-04,2021-03-04 22:00:00,2.6,121.0,60.0,10.7,67.2,0.8796
STN-04,2021-03-04 23:00:00,2.5,146.0,72.0,10.6,67.8,0.8512
STN-04,2021-03-05 00:00:00,2.3,217.0,78.0,8.9,66.6,0.7857
STN-04,2021-03-05 01:00:00,1.5,191.0,63.0,9.0,64.3,0.7825
STN-04,2021-03-05 02:00:00,0.8,60.0,30.0,8.5,69.2,0.832
STN-04,2021-03-05 03:00:00,0.8,82.0,49.0,8.5,74.1,0.8765
STN-04,2021-03-05 04:00:00,0.0,1.0,19.0,7.6,77.4,0.9019
STN-04,2021-03-05 05:00:00,,2.0,19.0,8.4,78.6,0.9392
STN-04,2021-03-05 06:00:00,0.1,1.0,26.0,8.9,76.4,0.922
STN-04,2021-03-05 07:00:00,2.1,191.0,63.0,9.2,77.9,0.9526
STN-04,2021-03-05 08:00:00,2.8,197.0,85.0,10.3,74.0,0.9617
STN-04,2021-03-05 09:00:00,3.6,265.0,104.0,11.2,76.0,1.0163
STN-04,2021-03-05 10:00:00,3.7,333.0,119.0,12.4,69.8,0.9949
STN-04,2021-03-05 11:00:00,3.1,256.0,115.0,15.0,62.8,0.9827
STN-04,2021-03-05 12:00:00,3.2,335.0,142.0,15.6,57.9,0.9554
STN-04,2021-03-05 13:00:00,3.5,322.0,124.0,17.3,49.4,0.8836
STN-04,2021-03-05 14:00:00,2.8,284.0,113.0,19.1,44.6,0.8852
STN-04,2021-03-05 15:00:00,2.7,246.0,114.0,20.2,45.2,0.9294
STN-04,2021-03-05 16:00:00,3.0,282.0,117.0,20.5,,0.9421
STN-04,2021-03-05 17:00:00,3.5,339.0,131.0,19.4,43.9,0.9244
STN-04,2021-03-05 18:00:00,4.3,372.0,126.0,17.6,45.4,0.9078
STN-04,2021-03-05 19:00:00,4.7,455.0,139.0,15.7,47.8,0.8994
STN-04,2021-03-05 20:00:00,13.631587128646512,344.0,124.0,14.3,50.7,0.9169
STN-04,2021-03-05 21:00:00,3.6,220.0,101.0,13.9,54.2,1.0087
STN-04,2021-03-05 22:00:00,2.5,223.0,113.0,12.5,51.1,0.9145
STN-04,2021-03-05 23:00:00,2.6,154.0,112.0,12.9,55.3,0.9755
STN-04,2021-03-06 00:00:00,3.4,268.0,129.0,13.6,50.5,0.9359
STN-04,2021-03-06 01:00:00,2.7,162.0,111.0,13.0,53.2,0.9249
STN-04,2021-03-06 02:00:00,2.5,181.0,84.0,13.6,62.3,1.0547
STN-04,2021-03-06 03:00:00,2.0,118.0,79.0,12.2,69.9,1.072
STN-04,2021-03-06 04:00:00,2.2,,60.0,13.1,,1.0911
STN-04,2021-03-06 05:00:00,1.8,123.0,55.0,12.8,71.8,1.1342
STN-04,2021-03-06 06:00:00,1.0,14.0,43.0,13.8,73.5,1.1911
STN-04,2021-03-06 07:00:00,1.8,156.0,73.0,13.7,67.3,1.1027
STN-04,2021-03-06 08:00:00,2.6,259.0,86.0,14.5,60.3,1.0818
STN-04,2021-03-06 09:00:00,2.2,322.0,100.0,15.0,58.6,1.0751
STN-04,2021-03-06 10:00:00,1.9,273.0,104.0,18.0,52.8,1.1252
STN-04,2021-03-06 11:00:00,2.0,222.0,99.0,20.2,52.0,1.1798
STN-04,2021-03-06 12:00:00,2.3,329.0,106.0,20.1,56.3,1.2248
STN-04,2021-03-06 13:00:00,2.4,297.0,101.0,20.4,57.4,1.2221
STN-04,2021-03-06 14:00:00,,171.0,87.0,19.1,55.2,1.1951
STN-04,2021-03-06 15:00:00,2.2,129.0,85.0,-36.87217534059144,54.1,1.1663
STN-04,2021-03-06 16:00:00,2.6,138.0,,19.7,49.5,1.137
STN-04,2021-03-06 17:00:00,3.0,165.0,105.0,19.5,47.2,1.1281
STN-04,2021-03-06 18:00:00,4.3,337.0,118.0,15.7,50.9,1.0755
STN-04,2021-03-06 19:00:00,5.1,378.0,132.0,15.5,49.4,1.0933
STN-04,2021-03-06 20:00:00,,484.0,145.0,16.1,56.2,1.1814
STN-04,2021-03-06 21:00:00,5.0,490.0,153.0,15.0,61.2,1.1737
STN-04,2021-03-06 22:00:00,5.3,520.0,159.0,14.2,66.6,1.1605
STN-04,2021-03-06 23:00:00,5.2,490.0,138.0,14.6,68.1,1.1842
STN-04,2021-03-07 00:00:00,4.5,452.0,128.0,14.3,61.2,1.1112
STN-04,2021-03-07 01:00:00,3.9,439.0,122.0,13.5,59.7,1.041
STN-04,2021-03-07 02:00:00,3.4,405.0,104.0,12.5,62.2,1.0354
STN-04,2021-03-07 03:00:00,3.3,312.0,107.0,10.3,63.2,0.9304
STN-04,2021-03-07 04:00:00,3.3,327.0,87.0,9.7,68.0,0.9601
STN-04,2021-03-07 05:00:00,2.2,195.0,82.0,10.8,68.3,1.012
STN-04,2021-03-07 06:00:00,2.9,326.0,104.0,10.9,67.2,0.9999
STN-04,2021-03-07 07:00:00,3.6,385.0,129.0,11.6,68.9,1.0805
STN-04,2021-03-07 08:00:00,3.8,,147.0,11.5,64.5,1.0449
STN-04,2021-03-07 09:00:00,3.2,404.0,152.0,13.4,62.8,1.1059
STN-04,2021-03-07 10:00:00,,456.0,180.0,15.4,53.4,1.0023
STN-04,2021-03-07 11:00:00,2.8,413.0,180.0,17.2,46.5,0.9459
STN-04,2021-03-07 12:00:00,2.8,372.0,161.0,16.2,48.7,0.9573
STN-04,2021-03-07 13:00:00,3.8,480.0,157.0,17.4,50.1,1.0001
STN-04,2021-03-07 14:00:00,4.4,522.0,164.0,17.0,46.9,0.948
STN-04,2021-03-07 15:00:00,4.1,450.0,155.0,16.3,46.2,0.917
STN-04,2021-03-07 16:00:00,4.4,555.0,182.0,16.7,43.2,0.8672
STN-04,2021-03-07 17:00:00,5.1,659.0,193.0,16.2,38.3,0.8011
STN-04,2021-03-07 18:00:00,5.3,693.0,189.0,15.3,39.7,0.8199
STN-04,2021-03-07 19:00:00,5.5,730.0,197.0,,47.0,0.896
STN-04,2021-03-07 20:00:00,4.7,614.0,177.0,12.3,47.1,0.8682
STN-04,2021-03-07 21:00:00,4.0,626.0,157.0,8.6,53.2,0.8255
STN-04,2021-03-07 22:00:00,3.6,530.0,134.0,8.3,57.3,0.8767
STN-04,2021-03-07 23:00:00,4.2,446.0,129.0,9.3,58.9,0.9333
STN-04,2021-03-08 00:00:00,3.6,369.0,118.0,9.8,56.5,0.9571
STN-04,2021-03-08 01:00:00,3.4,343.0,104.0,10.1,56.9,0.92
STN-04,2021-03-08 02:00:00,3.3,348.0,91.0,10.3,60.3,0.9677
STN-04,2021-03-08 03:00:00,3.1,337.0,88.0,9.4,56.5,0.8711
STN-04,2021-03-08 04:00:00,2.3,330.0,51.0,9.1,58.3,0.8694
STN-04,2021-03-08 05:00:00,1.4,229.0,43.0,9.1,55.4,0.8382
STN-04,2021-03-08 06:00:00,1.5,219.0,55.0,8.3,57.3,0.8611
STN-04,2021-03-08 07:00:00,2.1,289.0,87.0,8.7,48.3,0.797
STN-04,2021-03-08 08:00:00,3.6,384.0,121.0,11.0,47.2,0.8732
STN-04,2021-03-08 09:00:00,3.6,412.0,135.0,12.3,35.2,0.7769
STN-04,2021-03-08 10:00:00,4.1,445.0,146.0,15.2,28.6,0.7594
STN-04,2021-03-08 11:00:00,3.6,404.0,137.0,17.8,20.0,0.7304
STN-04,2021-03-08 12:00:00,4.1,409.0,136.0,19.5,16.2,0.7412
STN-04,2021-03-08 13:00:00,4.0,,144.0,20.7,14.5,0.7448
STN-04,2021-03-08 14:00:00,3.7,480.0,134.0,20.0,15.7,0.7105
STN-04,2021-03-08 15:00:00,3.4,457.0,125.0,19.5,17.6,0.7145
STN-04,2021-03-08 16:00:00,4.2,508.0,127.0,21.2,25.5,0.8461
STN-04,2021-03-08 17:00:00,5.0,597.0,127.0,21.0,,0.9635
STN-04,2021-03-08 18:00:00,5.3,551.0,130.0,20.8,39.8,1.0083
STN-04,2021-03-08 19:00:00,6.2,628.0,120.0,19.4,46.0,1.0668
STN-04,2021-03-08 20:00:00,5.0,464.0,101.0,18.3,44.2,1.0093
STN-04,2021-03-08 21:00:00,4.6,501.0,119.0,17.2,51.8,1.0724
STN-04,2021-03-08 22:00:00,3.5,339.0,100.0,14.9,56.7,1.0511
STN-04,2021-03-08 23:00:00,,293.0,97.0,13.7,58.1,1.0385
STN-04,2021-03-09 00:00:00,3.4,284.0,78.0,12.3,59.5,1.0046
STN-04,2021-03-09 01:00:00,3.1,278.0,75.0,13.4,58.1,1.0222
STN-04,2021-03-09 02:00:00,1.7,125.0,39.0,12.8,61.5,1.0513
STN-04,2021-03-09 03:00:00,0.9,64.0,37.0,11.0,59.9,0.9659
STN-04,2021-03-09 04:00:00,0.8,38.0,13.0,10.7,57.8,0.91
STN-04,2021-03-09 05:00:00,0.1,1.0,12.0,8.9,59.9,0.8558
STN-04,2021-03-09 06:00:00,0.2,1.0,26.0,8.9,59.9,0.8437
STN-04,2021-03-09 07:00:00,,129.0,54.0,8.4,61.1,0.855
STN-04,2021-03-09 08:00:00,2.3,258.0,77.0,8.3,60.2,0.8369
STN-04,2021-03-09 09:00:00,3.1,320.0,93.0,10.1,52.3,0.8198
STN-04,2021-03-09 10:00:00,2.6,292.0,83.0,13.1,41.3,0.7564
STN-04,2021-03-09 11:00:00,2.7,293.0,94.0,16.4,31.4,0.7367
STN-04,2021-03-09 12:00:00,2.2,243.0,81.0,17.2,29.8,0.7376
STN-04,2021-03-09 13:00:00,3.2,322.0,92.0,17.9,28.1,0.6786
STN-04,2021-03-09 14:00:00,2.9,297.0,74.0,16.5,27.5,0.591
STN-04,2021-03-09 15:00:00,2.9,288.0,62.0,16.3,25.4,0.5597
STN-04,2021-03-09 16:00:00,3.0,316.0,75.0,15.7,25.2,0.487
STN-04,2021-03-09 17:00:00,3.7,345.0,87.0,14.0,28.6,0.4439
STN-04,2021-03-09 18:00:00,4.6,429.0,112.0,12.2,36.0,0.485
STN-04,2021-03-09 19:00:00,3.6,292.0,94.0,11.6,38.0,0.5284
STN-04,2021-03-09 20:00:00,3.4,284.0,111.0,11.7,48.4,0.6591
STN-04,2021-03-09 21:00:00,3.2,255.0,107.0,11.9,49.7,0.6713
STN-04,2021-03-09 22:00:00,2.9,226.0,102.0,10.9,50.0,0.6034
STN-04,2021-03-09 23:00:00,3.0,253.0,107.0,10.8,52.4,0.6255
STN-04,2021-03-10 00:00:00,3.5,362.0,141.0,8.9,57.1,0.5974
STN-04,2021-03-10 01:00:00,3.3,245.0,106.0,8.7,60.3,0.639
STN-04,2021-03-10 02:00:00,4.1,289.0,116.0,7.6,68.7,0.6872
STN-04,2021-03-10 03:00:00,4.6,349.0,120.0,8.2,73.6,0.7843
STN-04,2021-03-10 04:00:00,4.1,323.0,86.0,7.8,77.2,0.7787
STN-04,2021-03-10 05:00:00,3.4,264.0,82.0,6.3,79.9,0.777
STN-04,2021-03-10 06:00:00,,181.0,,6.6,79.1,0.8086
STN-04,2021-03-10 07:00:00,3.8,338.0,90.0,7.5,76.3,0.8236
STN-04,2021-03-10 08:00:00,4.1,403.0,111.0,7.7,72.3,0.7619
STN-04,2021-03-10 09:00:00,4.7,417.0,104.0,9.8,66.5,0.7663
STN-04,2021-03-10 10:00:00,4.6,401.0,108.0,12.4,59.8,0.7758
STN-04,2021-03-10 11:00:00,,219.0,89.0,14.9,53.2,0.7829
STN-04,2021-03-10 12:00:00,3.7,276.0,101.0,16.4,50.5,0.791
STN-04,2021-03-10 13:00:00,4.0,260.0,99.0,16.9,43.7,0.6827
STN-04,2021-03-10 14:00:00,4.7,397.0,115.0,17.7,48.2,0.7175
STN-04,2021-03-10 15:00:00,5.5,453.0,123.0,19.1,50.6,0.7985
STN-04,2021-03-10 16:00:00,5.5,458.0,110.0,19.5,50.5,0.8235
STN-04,2021-03-10 17:00:00,7.0,592.0,144.0,18.6,59.8,0.9168
STN-04,2021-03-10 18:00:00,7.0,532.0,133.0,16.5,65.7,0.9894
STN-04,2021-03-10 19:00:00,6.5,423.0,118.0,16.6,66.8,1.037
STN-04,2021-03-10 20:00:00,6.5,517.0,122.0,15.1,78.9,1.1547
STN-04,2021-03-10 21:00:00,5.5,398.0,,15.2,72.7,1.1328
STN-04,2021-03-10 22:00:00,5.0,403.0,102.0,14.6,71.9,1.1329
STN-04,2021-03-10 23:00:00,5.3,,113.0,13.4,81.3,1.2119
STN-04,2021-03-11 00:00:00,5.6,450.0,114.0,13.6,83.7,1.2606
STN-04,2021-03-11 01:00:00,6.0,483.0,128.0,13.6,83.9,1.2552
STN-04,2021-03-11 02:00:00,5.4,513.0,,11.8,81.3,1.1996
STN-04,2021-03-11 03:00:00,,486.0,139.0,12.5,84.9,1.2807
STN-04,2021-03-11 04:00:00,5.1,437.0,117.0,13.0,82.7,1.2548
STN-04,2021-03-11 05:00:00,4.7,428.0,135.0,12.3,84.2,1.2612
STN-04,2021-03-11 06:00:00,3.6,350.0,131.0,13.4,80.8,1.2623
STN-04,2021-03-11 07:00:00,4.3,455.0,159.0,14.1,78.3,1.2823
STN-04,2021-03-11 08:00:00,5.0,569.0,166.0,14.4,76.1,1.3066
STN-04,2021-03-11 09:00:00,5.4,598.0,177.0,16.6,69.7,1.3232
STN-04,2021-03-11 10:00:00,,664.0,188.0,19.8,60.6,1.3428
STN-04,2021-03-11 11:00:00,5.2,620.0,178.0,19.0,62.2,1.299
STN-04,2021-03-11 12:00:00,5.4,599.0,187.0,21.1,59.3,1.2825
STN-04,2021-03-11 13:00:00,5.4,601.0,191.0,-7.7973529648065245,60.3,1.2947
STN-04,2021-03-11 14:00:00,6.1,647.0,205.0,22.4,60.0,1.2938
STN-04,2021-03-11 15:00:00,5.5,583.0,176.0,23.1,57.7,1.2518
STN-04,2021-03-11 16:00:00,5.5,,182.0,22.7,52.6,1.2177
STN-04,2021-03-11 17:00:00,6.6,734.0,230.0,22.1,55.9,1.2483
STN-04,2021-03-11 18:00:00,7.3,873.0,245.0,,61.4,1.308
STN-04,2021-03-11 19:00:00,6.3,704.0,202.0,18.0,71.0,1.3794
STN-04,2021-03-11 20:00:00,4.9,633.0,,15.6,74.9,1.3135
STN-04,2021-03-11 21:00:00,4.7,696.0,198.0,13.3,80.5,1.3268
STN-04,2021-03-11 22:00:00,2.9,478.0,155.0,11.7,76.3,1.2199
STN-04,2021-03-11 23:00:00,2.0,317.0,121.0,10.0,79.4,1.1853
STN-04,2021-03-12 00:00:00,1.7,228.0,106.0,9.1,84.3,1.2119
STN-04,2021-03-12 01:00:00,2.1,250.0,88.0,9.8,83.7,1.2471
STN-04,2021-03-12 02:00:00,2.3,221.0,84.0,10.1,86.6,1.3134
STN-04,2021-03-12 03:00:00,2.1,211.0,89.0,10.6,87.8,1.3473
STN-04,2021-03-12 04:00:00,1.7,191.0,71.0,7.8,86.5,1.2711
STN-04,2021-03-12 05:00:00,2.2,268.0,77.0,5.5,90.6,1.205
STN-04,2021-03-12 06:00:00,2.6,282.0,96.0,5.9,94.8,1.2891
STN-04,2021-03-12 07:00:00,4.1,376.0,129.0,6.4,91.7,1.2709
STN-04,2021-03-12 08:00:00,4.6,448.0,153.0,6.9,89.7,1.261
STN-04,2021-03-12 09:00:00,4.7,448.0,171.0,8.2,80.1,1.2116
STN-04,2021-03-12 10:00:00,4.9,430.0,174.0,11.3,72.1,1.1952
STN-04,2021-03-12 11:00:00,4.2,362.0,152.0,12.5,66.1,1.1597
STN-04,2021-03-12 12:00:00,4.0,332.0,147.0,13.7,63.5,1.1017
STN-04,2021-03-12 13:00:00,3.6,237.0,125.0,13.5,61.2,1.0541
STN-04,2021-03-12 14:00:00,3.4,236.0,123.0,13.7,65.4,1.0763
STN-04,2021-03-12 15:00:00,2.6,218.0,131.0,13.8,61.5,1.0189
STN-04,2021-03-12 16:00:00,3.4,234.0,141.0,14.8,59.4,1.0614
STN-04,2021-03-12 17:00:00,3.1,224.0,114.0,14.1,61.1,
STN-04,2021-03-12 18:00:00,3.6,244.0,,14.7,60.8,1.1446
STN-04,2021-03-12 19:00:00,4.5,275.0,138.0,13.2,67.2,1.2018
STN-04,2021-03-12 20:00:00,4.0,272.0,147.0,12.1,67.8,1.1451
STN-04,2021-03-12 21:00:00,3.9,204.0,135.0,10.8,72.8,1.1805
STN-04,2021-03-12 22:00:00,4.2,216.0,121.0,9.2,72.8,1.1101
STN-04,2021-03-12 23:00:00,3.4,151.0,105.0,8.7,76.0,1.1151
STN-04,2021-03-13 00:00:00,4.1,198.0,105.0,8.3,77.3,1.1296
STN-04,2021-03-13 01:00:00,3.6,227.0,96.0,6.7,75.9,1.0344
STN-04,2021-03-13 02:00:00,3.2,214.0,70.0,7.0,76.8,1.0427
STN-04,2021-03-13 03:00:00,2.9,245.0,70.0,6.8,77.5,1.0503
STN-04,2021-03-13 04:00:00,2.4,168.0,29.0,6.1,82.2,1.0463
STN-04,2021-03-13 05:00:00,3.8,318.0,72.0,7.9,80.1,1.0945
STN-04,2021-03-13 06:00:00,3.7,393.0,79.0,,78.5,1.0769
STN-04,2021-03-13 07:00:00,3.9,507.0,108.0,7.6,73.9,1.0258
STN-04,2021-03-13 08:00:00,4.5,575.0,130.0,7.5,72.2,1.0376
STN-04,2021-03-13 09:00:00,4.2,491.0,108.0,9.5,67.2,1.0316
STN-04,2021-03-13 10:00:00,3.8,459.0,97.0,10.4,63.6,0.9878
STN-04,2021-03-13 11:00:00,3.5,383.0,105.0,12.0,64.6,1.0362
STN-04,2021-03-13 12:00:00,3.8,395.0,118.0,13.3,60.8,1.0062
STN-04,2021-03-13 13:00:00,3.5,349.0,117.0,14.0,55.4,
STN-04,2021-03-13 14:00:00,3.5,349.0,117.0,14.0,55.4,
STN-04,2021-03-13 15:00:00,3.2,352.0,101.0,12.8,54.0,0.897
STN-04,2021-03-13 16:00:00,3.5,363.0,122.0,11.9,48.4,0.7624
STN-04,2021-03-13 17:00:00,3.9,398.0,115.0,11.6,53.9,0.824
STN-04,2021-03-13 18:00:00,4.5,425.0,132.0,10.2,63.2,0.9521
STN-04,2021-03-13 19:00:00,5.2,439.0,134.0,10.3,69.1,1.0984
STN-04,2021-03-13 20:00:00,4.4,384.0,136.0,9.1,65.6,1.0646
STN-04,2021-03-13 21:00:00,3.6,288.0,118.0,9.2,71.9,1.1401
STN-04,2021-03-13 22:00:00,4.3,,125.0,9.5,73.5,1.1926
STN-04,2021-03-13 23:00:00,4.3,288.0,112.0,8.3,75.5,1.1397
STN-04,2021-03-14 00:00:00,4.6,262.0,109.0,7.2,76.0,1.1499
STN-04,2021-03-14 01:00:00,3.4,,79.0,6.2,81.1,1.1769
STN-04,2021-03-14 02:00:00,3.0,116.0,48.0,5.5,84.5,1.2235
STN-04,2021-03-14 03:00:00,2.9,128.0,52.0,5.7,86.1,1.2424
STN-04,2021-03-14 04:00:00,1.7,72.0,36.0,4.7,83.7,1.1676
STN-04,2021-03-14 05:00:00,1.1,133.0,48.0,5.0,83.2,1.1763
STN-04,2021-03-14 06:00:00,1.7,178.0,65.0,5.6,75.5,1.1167
STN-04,2021-03-14 07:00:00,2.6,293.0,90.0,4.8,81.8,1.1826
STN-04,2021-03-14 08:00:00,3.1,391.0,100.0,5.8,76.5,1.1706
STN-04,2021-03-14 09:00:00,3.2,400.0,121.0,7.7,70.0,1.1523
STN-04,2021-03-14 10:00:00,3.1,303.0,108.0,10.1,66.1,1.1894
STN-04,2021-03-14 11:00:00,2.4,205.0,115.0,12.0,59.0,1.1592
STN-04,2021-03-14 12:00:00,2.3,176.0,115.0,14.2,57.1,1.1902
STN-04,2021-03-14 13:00:00,2.4,201.0,119.0,14.8,59.7,1.1565
STN-04,2021-03-14 14:00:00,2.4,231.0,129.0,14.9,59.2,1.1475
STN-04,2021-03-14 15:00:00,2.8,308.0,150.0,15.2,55.0,1.112
STN-04,2021-03-14 16:00:00,2.7,253.0,159.0,15.6,59.4,1.1301
STN-04,2021-03-14 17:00:00,3.2,344.0,174.0,14.4,55.6,1.0569
STN-04,2021-03-14 18:00:00,3.4,,169.0,11.2,59.3,1.0546
STN-04,2021-03-14 19:00:00,3.5,371.0,181.0,9.0,63.0,1.0473
STN-04,2021-03-14 20:00:00,3.5,413.0,163.0,7.6,63.6,0.996
STN-04,2021-03-14 21:00:00,3.3,373.0,152.0,7.6,58.4,0.941
STN-04,2021-03-14 22:00:00,2.8,370.0,136.0,8.3,57.6,0.9621
STN-04,2021-03-14 23:00:00,2.9,332.0,136.0,7.6,61.6,1.0055
STN-04,2021-03-15 00:00:00,2.3,164.0,105.0,8.7,60.1,1.0255
STN-04,2021-03-15 01:00:00,2.5,177.0,104.0,7.7,,1.0258
STN-04,2021-03-15 02:00:00,1.7,101.0,80.0,9.0,68.9,1.1476
STN-04,2021-03-15 03:00:00,,58.0,76.0,8.2,77.7,1.2214
STN-04,2021-03-15 04:00:00,0.8,93.0,61.0,7.8,83.4,1.2615
STN-04,2021-03-15 05:00:00,1.9,212.0,68.0,8.3,86.0,1.3169
STN-04,2021-03-15 06:00:00,1.8,,67.0,7.5,83.7,1.272
STN-04,2021-03-15 07:00:00,2.5,345.0,95.0,8.4,79.4,1.2099
STN-04,2021-03-15 08:00:00,4.5,576.0,153.0,8.3,76.0,1.1707
STN-04,2021-03-15 09:00:00,4.0,495.0,132.0,9.3,68.9,1.1617
STN-04,2021-03-15 10:00:00,4.0,465.0,142.0,11.9,57.2,1.0879
STN-04,2021-03-15 11:00:00,2.8,329.0,126.0,13.8,52.2,1.0749
STN-04,2021-03-15 12:00:00,2.4,240.0,103.0,14.2,51.9,1.0751
STN-04,2021-03-15 13:00:00,3.1,244.0,120.0,16.7,47.2,1.0701
STN-04,2021-03-15 14:00:00,2.8,205.0,99.0,16.2,51.3,1.1173
STN-04,2021-03-15 15:00:00,2.7,211.0,93.0,17.9,51.2,1.1627
STN-04,2021-03-15 16:00:00,2.9,265.0,93.0,18.3,49.3,1.1465
STN-04,2021-03-15 17:00:00,4.2,441.0,132.0,16.8,50.4,1.1373
STN-04,2021-03-15 18:00:00,5.4,500.0,130.0,15.8,56.7,1.2068
STN-04,2021-03-15 19:00:00,5.3,495.0,113.0,13.7,64.2,1.2398
STN-04,2021-03-15 20:00:00,4.1,452.0,109.0,12.4,63.0,1.2112
STN-04,2021-03-15 21:00:00,2.6,275.0,103.0,11.8,63.5,1.2029
STN-04,2021-03-15 22:00:00,1.4,105.0,60.0,10.5,63.1,1.1949
STN-04,2021-03-15 23:00:00,1.9,77.0,64.0,8.8,65.3,1.1867
STN-04,2021-03-16 00:00:00,1.1,32.0,63.0,8.1,62.2,1.1734
STN-04,2021-03-16 01:00:00,1.1,56.0,58.0,7.6,63.5,1.144
STN-04,2021-03-16 02:00:00,0.4,1.0,45.0,6.8,62.3,1.1083
STN-04,2021-03-16 03:00:00,0.0,1.0,44.0,7.1,60.5,1.0788
STN-04,2021-03-16 04:00:00,0.1,1.0,23.0,6.5,66.6,1.1043
STN-04,2021-03-16 05:00:00,0.7,,49.0,5.3,68.3,1.0566
STN-04,2021-03-16 06:00:00,,1.0,45.0,6.6,63.4,1.0235
STN-04,2021-03-16 07:00:00,1.9,66.0,73.0,7.4,62.8,1.0405
STN-04,2021-03-16 08:00:00,2.1,44.0,75.0,10.2,52.1,1.0569
STN-04,2021-03-16 09:00:00,2.4,100.0,,13.3,48.3,1.1226
STN-04,2021-03-16 10:00:00,2.2,74.0,93.0,17.2,40.0,1.1518
STN-04,2021-03-16 11:00:00,2.0,56.0,101.0,18.8,29.0,1.0541
STN-04,2021-03-16 12:00:00,2.6,118.0,103.0,20.7,24.2,1.0703
STN-04,2021-03-16 13:00:00,3.0,107.0,102.0,21.1,22.4,1.0638
STN-04,2021-03-16 14:00:00,2.7,16.0,95.0,21.1,24.5,1.0481
STN-04,2021-03-16 15:00:00,2.5,85.0,86.0,21.6,35.3,1.1574
STN-04,2021-03-16 16:00:00,2.3,106.0,86.0,22.3,33.1,1.1647
STN-04,2021-03-16 17:00:00,3.1,231.0,124.0,20.3,37.1,1.1269
STN-04,2021-03-16 18:00:00,3.9,241.0,137.0,19.1,36.3,
STN-04,2021-03-16 19:00:00,3.4,213.0,143.0,17.9,40.8,1.0602
STN-04,2021-03-16 20:00:00,3.3,203.0,139.0,15.7,42.3,1.0561
STN-04,2021-03-16 21:00:00,2.6,183.0,128.0,13.0,50.3,1.0586
STN-04,2021-03-16 22:00:00,1.7,95.0,108.0,13.2,49.6,1.0251
STN-04,2021-03-16 23:00:00,0.9,25.0,89.0,14.4,46.9,1.0298
STN-04,2021-03-17 00:00:00,0.9,31.0,88.0,12.5,48.9,0.946
STN-04,2021-03-17 01:00:00,0.7,76.0,82.0,11.8,52.7,
STN-04,2021-03-17 02:00:00,0.8,,65.0,10.6,53.8,0.9015
STN-04,2021-03-17 03:00:00,0.7,190.0,92.0,10.4,54.1,0.9086
STN-04,2021-03-17 04:00:00,0.5,71.0,72.0,8.8,58.3,0.8763
STN-04,2021-03-17 05:00:00,0.5,66.0,70.0,8.6,62.4,0.9055
STN-04,2021-03-17 06:00:00,1.4,141.0,71.0,9.5,59.7,0.9553
STN-04,2021-03-17 07:00:00,2.3,188.0,100.0,10.1,56.5,0.932
STN-04,2021-03-17 08:00:00,4.0,358.0,136.0,12.0,58.9,1.0211
STN-04,2021-03-17 09:00:00,4.1,402.0,134.0,14.7,56.2,1.0962
STN-04,2021-03-17 10:00:00,4.5,428.0,146.0,16.3,52.7,1.0782
STN-04,2021-03-17 11:00:00,4.0,398.0,,18.8,47.2,1.0613
STN-04,2021-03-17 12:00:00,3.9,300.0,111.0,17.7,42.6,0.9638
STN-04,2021-03-17 13:00:00,3.6,285.0,99.0,18.5,43.4,0.9932
STN-04,2021-03-17 14:00:00,3.7,350.0,113.0,19.3,40.6,0.975
STN-04,2021-03-17 15:00:00,3.3,317.0,113.0,20.3,41.3,1.0076
STN-04,2021-03-17 16:00:00,4.1,302.0,113.0,20.8,40.8,1.0031
STN-04,2021-03-17 17:00:00,4.4,327.0,113.0,18.6,43.6,0.9801
STN-04,2021-03-17 18:00:00,4.4,418.0,113.0,15.8,44.5,0.9029
STN-04,2021-03-17 19:00:00,4.6,434.0,113.0,15.9,46.2,0.9325
STN-04,2021-03-17 20:00:00,3.1,251.0,113.0,13.5,45.6,0.8585
STN-04,2021-03-17 21:00:00,1.8,176.0,113.0,10.2,54.5,0.8592
STN-04,2021-03-17 22:00:00,2.3,85.0,85.0,9.7,,0.8997
STN-04,2021-03-17 23:00:00,2.1,47.0,89.0,10.1,60.0,0.9365
STN-04,2021-03-18 00:00:00,1.9,100.0,84.0,9.7,64.3,0.9837
STN-04,2021-03-18 01:00:00,1.3,8.0,46.0,7.8,65.8,0.946
STN-04,2021-03-18 02:00:00,0.9,13.0,38.0,9.4,66.9,1.004
STN-04,2021-03-18 03:00:00,1.2,63.0,54.0,11.1,,1.0122
STN-04,2021-03-18 04:00:00,1.9,48.0,40.0,10.8,67.2,1.0681
STN-04,2021-03-18 05:00:00,3.0,152.0,63.0,10.0,71.0,1.0852
STN-04,2021-03-18 06:00:00,3.0,198.0,80.0,9.7,71.1,1.0641
STN-04,2021-03-18 07:00:00,3.7,288.0,94.0,10.1,67.7,1.0556
STN-04,2021-03-18 08:00:00,4.5,407.0,130.0,10.8,65.1,1.0635
STN-04,2021-03-18 09:00:00,4.7,433.0,139.0,12.6,62.9,
STN-04,2021-03-18 10:00:00,3.6,413.0,139.0,13.3,57.5,1.0509
STN-04,2021-03-18 11:00:00,3.5,408.0,137.0,14.7,55.1,1.0479
STN-04,2021-03-18 12:00:00,3.4,342.0,110.0,15.1,55.6,1.055
STN-04,2021-03-18 13:00:00,3.2,264.0,99.0,15.7,51.2,0.9877
STN-04,2021-03-18 14:00:00,3.6,353.0,114.0,15.1,49.5,0.9485
STN-04,2021-03-18 15:00:00,3.5,440.0,122.0,14.6,52.2,0.9302
STN-04,2021-03-18 16:00:00,3.8,476.0,,14.5,53.4,0.9046
STN-04,2021-03-18 17:00:00,3.1,408.0,119.0,14.4,48.6,0.8949
STN-04,2021-03-18 18:00:00,2.9,388.0,138.0,12.6,51.3,0.886
STN-04,2021-03-18 19:00:00,3.4,447.0,155.0,11.0,52.5,0.8466
STN-04,2021-03-18 20:00:00,3.2,386.0,130.0,10.7,56.2,0.9036
STN-04,2021-03-18 21:00:00,3.0,381.0,133.0,9.0,63.7,0.9251
STN-04,2021-03-18 22:00:00,2.4,271.0,120.0,8.5,67.3,0.9683
STN-04,2021-03-18 23:00:00,2.1,277.0,121.0,8.6,61.4,0.9547
STN-04,2021-03-19 00:00:00,1.9,280.0,108.0,7.8,65.1,0.9983
STN-04,2021-03-19 01:00:00,1.6,184.0,80.0,8.6,67.8,
STN-04,2021-03-19 02:00:00,0.4,67.0,53.0,8.4,67.9,1.0057
STN-04,2021-03-19 03:00:00,0.7,148.0,70.0,7.2,73.5,1.0092
STN-04,2021-03-19 04:00:00,0.6,90.0,34.0,6.5,77.0,1.0447
STN-04,2021-03-19 05:00:00,0.7,63.0,14.0,5.2,82.8,1.0565
STN-04,2021-03-19 06:00:00,0.9,26.0,23.0,6.3,85.4,1.1348
STN-04,2021-03-19 07:00:00,2.6,263.0,92.0,7.2,78.1,1.0986
STN-04,2021-03-19 08:00:00,3.2,288.0,96.0,7.1,73.7,1.0583
STN-04,2021-03-19 09:00:00,3.1,244.0,86.0,9.5,65.0,1.0153
STN-04,2021-03-19 10:00:00,3.1,207.0,101.0,12.1,62.1,1.0689
STN-04,2021-03-19 11:00:00,3.2,255.0,104.0,14.1,57.8,1.0401
STN-04,2021-03-19 12:00:00,3.4,235.0,88.0,15.5,53.7,1.0159
STN-04,2021-03-19 13:00:00,4.3,232.0,88.0,16.5,50.3,0.9759
STN-04,2021-03-19 14:00:00,4.3,248.0,84.0,16.1,,0.9285
STN-04,2021-03-19 15:00:00,3.5,272.0,93.0,16.3,48.8,0.9703
STN-04,2021-03-19 16:00:00,3.1,219.0,90.0,16.7,46.1,0.9807
STN-04,2021-03-19 17:00:00,3.6,209.0,102.0,17.8,49.7,
STN-04,2021-03-19 18:00:00,4.2,186.0,106.0,16.5,56.5,1.1687
STN-04,2021-03-19 19:00:00,5.0,243.0,123.0,14.6,59.9,1.1763
STN-04,2021-03-19 20:00:00,,154.0,98.0,13.3,56.5,1.1403
STN-04,2021-03-19 21:00:00,3.3,36.0,73.0,12.9,,1.1435
STN-04,2021-03-19 22:00:00,3.0,33.0,74.0,11.2,63.0,1.1397
STN-04,2021-03-19 23:00:00,3.0,101.0,59.0,11.9,67.1,1.2243
STN-04,2021-03-20 00:00:00,1.8,45.0,52.0,13.2,65.9,1.2156
STN-04,2021-03-20 01:00:00,1.7,80.0,33.0,-7.177425884066718,69.5,1.2086
STN-04,2021-03-20 02:00:00,2.0,106.0,42.0,11.4,72.9,1.2367
STN-04,2021-03-20 03:00:00,2.2,124.0,55.0,10.8,69.1,
STN-04,2021-03-20 04:00:00,2.6,112.0,39.0,11.2,70.2,1.163
STN-04,2021-03-20 05:00:00,2.8,214.0,50.0,9.6,72.9,1.1032
STN-04,2021-03-20 06:00:00,2.9,284.0,76.0,9.0,69.6,1.0308
STN-04,2021-03-20 07:00:00,,344.0,112.0,9.6,63.6,0.999
STN-04,2021-03-20 08:00:00,3.9,401.0,,9.5,61.1,0.974
STN-04,2021-03-20 09:00:00,4.3,499.0,151.0,11.6,60.3,1.0222
STN-04,2021-03-20 10:00:00,3.2,346.0,118.0,14.7,52.1,1.0081
STN-04,2021-03-20 11:00:00,2.7,270.0,103.0,17.5,49.5,1.0765
STN-04,2021-03-20 12:00:00,2.9,235.0,101.0,18.4,47.2,1.0655
STN-04,2021-03-20 13:00:00,2.7,140.0,72.0,17.4,44.2,0.9853
STN-04,2021-03-20 14:00:00,3.1,238.0,88.0,17.0,45.0,0.9419
STN-04,2021-03-20 15:00:00,3.1,308.0,108.0,17.2,41.7,0.9065
STN-04,2021-03-20 16:00:00,3.4,,112.0,15.9,46.3,0.9001
STN-04,2021-03-20 17:00:00,4.3,437.0,150.0,15.4,41.1,0.869
STN-04,2021-03-20 18:00:00,5.3,537.0,164.0,14.9,45.9,0.9378
STN-04,2021-03-20 19:00:00,4.9,488.0,,12.0,51.7,0.9398
STN-04,2021-03-20 20:00:00,3.8,453.0,153.0,8.7,56.7,0.8638
STN-04,2021-03-20 21:00:00,2.6,400.0,158.0,7.9,,0.8142
STN-04,2021-03-20 22:00:00,,253.0,128.0,7.7,46.2,0.7453
STN-04,2021-03-20 23:00:00,1.9,294.0,120.0,7.5,45.1,0.7266
STN-04,2021-03-21 00:00:00,1.5,312.0,116.0,7.5,44.7,0.7152
STN-04,2021-03-21 01:00:00,0.8,268.0,107.0,7.6,38.9,0.5955
STN-04,2021-03-21 02:00:00,1.4,234.0,93.0,6.6,39.9,0.5628
STN-04,2021-03-21 03:00:00,0.5,207.0,109.0,5.6,37.6,
STN-04,2021-03-21 04:00:00,0.7,135.0,80.0,5.0,37.9,0.4368
STN-04,2021-03-21 05:00:00,0.7,112.0,70.0,4.5,45.0,0.4761
STN-04,2021-03-21 06:00:00,0.7,73.0,57.0,5.2,45.5,
STN-04,2021-03-21 07:00:00,2.9,294.0,108.0,7.3,37.8,0.4909
STN-04,2021-03-21 08:00:00,5.1,560.0,160.0,9.7,33.3,
STN-04,2021-03-21 09:00:00,5.6,596.0,156.0,11.3,26.4,0.492
STN-04,2021-03-21 10:00:00,5.2,552.0,151.0,14.3,21.1,0.5149
STN-04,2021-03-21 11:00:00,5.0,551.0,153.0,15.4,15.9,0.4633
STN-04,2021-03-21 12:00:00,4.3,467.0,126.0,17.9,15.7,0.5184
STN-04,2021-03-21 13:00:00,4.3,473.0,115.0,18.8,16.0,0.5306
STN-04,2021-03-21 14:00:00,4.7,474.0,125.0,18.9,15.1,0.4986
STN-04,2021-03-21 15:00:00,4.0,441.0,111.0,18.3,18.5,0.5199
STN-04,2021-03-21 16:00:00,4.2,453.0,125.0,18.3,19.4,0.5248
STN-04,2021-03-21 17:00:00,3.9,431.0,137.0,17.6,21.3,0.5331
STN-04,2021-03-21 18:00:00,5.1,544.0,165.0,16.2,27.2,0.6199
STN-04,2021-03-21 19:00:00,4.5,442.0,148.0,14.9,27.0,0.5839
STN-04,2021-03-21 20:00:00,4.6,455.0,151.0,13.1,30.5,0.5782
STN-04,2021-03-21 21:00:00,3.0,339.0,124.0,12.8,30.6,0.5681
STN-04,2021-03-21 22:00:00,1.9,210.0,97.0,11.7,40.5,0.6281
STN-04,2021-03-21 23:00:00,1.0,102.0,61.0,11.3,41.7,0.6098
STN-04,2021-03-22 00:00:00,1.1,106.0,45.0,12.9,41.1,0.6076
STN-04,2021-03-22 01:00:00,1.1,126.0,26.0,13.3,42.0,0.6426
STN-04,2021-03-22 02:00:00,0.7,25.0,14.0,12.0,44.7,0.6345
STN-04,2021-03-22 03:00:00,0.7,65.0,23.0,11.9,46.0,0.6342
STN-04,2021-03-22 04:00:00,1.1,96.0,23.0,12.4,51.5,0.7211
STN-04,2021-03-22 05:00:00,1.5,154.0,24.0,10.8,58.2,0.7485
STN-04,2021-03-22 06:00:00,2.0,176.0,36.0,10.0,58.5,0.743
STN-04,2021-03-22 07:00:00,2.7,174.0,53.0,10.0,63.3,0.8273
STN-04,2021-03-22 08:00:00,3.0,261.0,83.0,9.7,61.7,0.8155
STN-04,2021-03-22 09:00:00,3.5,362.0,,11.2,59.1,0.8674
STN-04,2021-03-22 10:00:00,2.6,,,13.8,51.1,0.87
STN-04,2021-03-22 11:00:00,3.6,300.0,105.0,13.9,44.5,0.7778
STN-04,2021-03-22 12:00:00,3.5,269.0,109.0,14.8,36.3,0.7327
STN-04,2021-03-22 13:00:00,4.2,310.0,119.0,16.8,,0.8086
STN-04,2021-03-22 14:00:00,4.1,257.0,110.0,18.3,37.5,0.8493
STN-04,2021-03-22 15:00:00,2.8,220.0,115.0,18.7,34.0,0.8181
STN-04,2021-03-22 16:00:00,2.9,194.0,128.0,19.0,29.7,0.7545
STN-04,2021-03-22 17:00:00,3.1,165.0,127.0,20.4,30.1,0.8461
STN-04,2021-03-22 18:00:00,3.9,314.0,146.0,19.4,34.7,0.8808
STN-04,2021-03-22 19:00:00,4.5,,159.0,17.1,40.1,0.9086
STN-04,2021-03-22 20:00:00,5.1,444.0,170.0,14.6,44.6,0.9009
STN-04,2021-03-22 21:00:00,5.0,497.0,171.0,12.5,48.5,0.8798
STN-04,2021-03-22 22:00:00,4.5,493.0,165.0,11.5,46.7,0.7917
STN-04,2021-03-22 23:00:00,4.2,499.0,174.0,9.7,47.3,0.7229
STN-04,2021-03-23 00:00:00,4.3,576.0,176.0,10.7,51.3,0.8599
STN-04,2021-03-23 01:00:00,4.0,575.0,162.0,9.7,52.8,0.8562
STN-04,2021-03-23 02:00:00,4.3,545.0,144.0,9.4,54.4,0.8492
STN-04,2021-03-23 03:00:00,4.2,509.0,141.0,7.3,57.8,0.8038
STN-04,2021-03-23 04:00:00,3.2,357.0,97.0,6.6,56.5,0.7936
STN-04,2021-03-23 05:00:00,2.4,232.0,69.0,6.3,62.8,0.8438
STN-04,2021-03-23 06:00:00,2.1,207.0,80.0,7.6,61.8,0.8944
STN-04,2021-03-23 07:00:00,2.4,282.0,106.0,8.0,53.8,0.8303
STN-04,2021-03-23 08:00:00,2.7,316.0,116.0,8.5,46.9,0.7847
STN-04,2021-03-23 09:00:00,3.3,392.0,120.0,10.5,44.7,0.8365
STN-04,2021-03-23 10:00:00,3.2,437.0,135.0,11.0,37.5,0.7483
STN-04,2021-03-23 11:00:00,3.2,466.0,144.0,12.7,35.6,0.7449
STN-04,2021-03-23 12:00:00,3.1,369.0,110.0,14.4,32.8,0.7334
STN-04,2021-03-23 13:00:00,3.3,360.0,88.0,15.8,35.5,0.806
STN-04,2021-03-23 14:00:00,3.5,334.0,75.0,14.4,32.4,0.689
STN-04,2021-03-23 15:00:00,3.9,329.0,87.0,14.5,38.0,0.7594
STN-04,2021-03-23 16:00:00,3.4,255.0,77.0,14.1,42.0,0.8277
STN-04,2021-03-23 17:00:00,3.6,304.0,84.0,11.9,45.3,0.8717
STN-04,2021-03-23 18:00:00,4.8,391.0,101.0,11.2,46.8,0.8657
STN-04,2021-03-23 19:00:00,4.7,392.0,108.0,10.8,49.1,0.9014
STN-04,2021-03-23 20:00:00,4.5,458.0,118.0,10.1,52.0,-0.32074885065138614
STN-04,2021-03-23 21:00:00,3.7,371.0,96.0,9.8,55.5,0.9432
STN-04,2021-03-23 22:00:00,3.0,274.0,80.0,8.8,55.4,0.9308
STN-04,2021-03-23 23:00:00,3.4,284.0,,8.4,58.5,0.9575
STN-04,2021-03-24 00:00:00,2.7,171.0,59.0,7.9,65.0,1.0039
STN-04,2021-03-24 01:00:00,2.3,42.0,52.0,6.7,63.6,0.9278
STN-04,2021-03-24 02:00:00,1.7,26.0,47.0,4.8,66.6,0.8783
STN-04,2021-03-24 03:00:00,1.1,1.0,55.0,5.5,62.3,0.876
STN-04,2021-03-24 04:00:00,0.7,1.0,28.0,4.0,62.2,0.8267
STN-04,2021-03-24 05:00:00,0.8,1.0,27.0,4.0,60.2,0.7833
STN-04,2021-03-24 06:00:00,0.6,1.0,28.0,5.2,58.2,0.8169
STN-04,2021-03-24 07:00:00,0.9,34.0,61.0,4.7,60.8,0.8213
STN-04,2021-03-24 08:00:00,1.5,209.0,85.0,4.5,62.3,0.8154
STN-04,2021-03-24 09:00:00,2.0,266.0,107.0,5.3,60.1,0.8336
STN-04,2021-03-24 10:00:00,1.4,205.0,103.0,7.5,53.4,0.8321
STN-04,2021-03-24 11:00:00,1.9,278.0,118.0,10.0,52.8,0.8709
STN-04,2021-03-24 12:00:00,2.2,277.0,121.0,10.3,50.1,0.8459
STN-04,2021-03-24 13:00:00,2.4,305.0,124.0,10.3,49.0,0.7941
STN-04,2021-03-24 14:00:00,2.4,298.0,109.0,11.0,45.7,0.7783
STN-04,2021-03-24 15:00:00,2.7,312.0,105.0,10.6,47.6,0.736
STN-04,2021-03-24 16:00:00,3.5,357.0,119.0,9.6,59.0,0.8417
STN-04,2021-03-24 17:00:00,3.6,446.0,141.0,15.882413814666279,60.2,1.2357729682262493
STN-04,2021-03-24 18:00:00,3.9,434.0,158.0,20.96482762933256,66.3,1.6643459364524986
STN-04,2021-03-24 19:00:00,3.8,401.0,154.0,18.86482762933256,68.7,1.6451459364524987
STN-04,2021-03-24 20:00:00,3.6,364.0,151.0,16.46482762933256,71.0,1.6185459364524988
STN-04,2021-03-24 21:00:00,2.6,259.0,118.0,15.16482762933256,74.9,1.6075459364524987
STN-04,2021-03-24 22:00:00,2.3,277.0,100.0,14.76482762933256,80.9,1.6292459364524987
STN-04,2021-03-24 23:00:00,3.3,263.0,100.0,-3.4,90.0,0.7141
STN-04,2021-03-25 00:00:00,4.1,399.0,125.0,-4.3,84.1,0.6604
STN-04,2021-03-25 01:00:00,4.3,,120.0,-3.0,86.7,0.7555
STN-04,2021-03-25 02:00:00,3.5,321.0,96.0,,90.7,0.8547
STN-04,2021-03-25 03:00:00,2.4,297.0,90.0,-3.0,94.1,0.8309
STN-04,2021-03-25 04:00:00,1.4,181.0,61.0,-2.7,96.9,0.8773
STN-04,2021-03-25 05:00:00,1.4,144.0,56.0,-1.4,95.1,0.8857
STN-04,2021-03-25 06:00:00,2.2,169.0,71.0,-1.1,96.0,0.9396
STN-04,2021-03-25 07:00:00,2.9,268.0,80.0,-1.5,90.6,0.906
STN-04,2021-03-25 08:00:00,4.2,409.0,106.0,-0.3,84.0,0.8702
STN-04,2021-03-25 09:00:00,3.6,376.0,110.0,0.0,78.5,0.825
STN-04,2021-03-25 10:00:00,2.8,327.0,130.0,2.4,69.5,0.7921
STN-04,2021-03-25 11:00:00,2.9,334.0,126.0,4.8,75.8,0.8941
STN-04,2021-03-25 12:00:00,3.2,337.0,130.0,5.9,77.7,0.9276
STN-04,2021-03-25 13:00:00,2.7,239.0,125.0,6.7,80.3,0.9908
STN-04,2021-03-25 14:00:00,1.6,158.0,106.0,6.4,77.3,0.9433
STN-04,2021-03-25 15:00:00,1.6,186.0,98.0,8.0,78.0,0.9694
STN-04,2021-03-25 16:00:00,1.9,164.0,95.0,8.4,79.1,1.0224
STN-04,2021-03-25 17:00:00,2.6,226.0,120.0,7.0,73.8,0.9489
STN-04,2021-03-25 18:00:00,3.0,181.0,102.0,6.3,80.0,1.0363
STN-04,2021-03-25 19:00:00,3.5,308.0,122.0,5.4,82.1,1.0757
STN-04,2021-03-25 20:00:00,3.7,338.0,118.0,5.3,78.6,1.0497
STN-04,2021-03-25 21:00:00,2.3,296.0,100.0,4.3,80.8,1.0536
STN-04,2021-03-25 22:00:00,1.2,193.0,56.0,5.2,82.7,1.0979
STN-04,2021-03-25 23:00:00,1.7,263.0,81.0,5.8,81.0,1.0906
STN-04,2021-03-26 00:00:00,1.9,211.0,82.0,4.3,81.7,1.0438
STN-04,2021-03-26 01:00:00,1.6,229.0,56.0,1.4,86.9,0.9971
STN-04,2021-03-26 02:00:00,1.9,231.0,58.0,2.1,91.3,1.0378
STN-04,2021-03-26 03:00:00,1.2,217.0,60.0,2.0,92.4,1.0389
STN-04,2021-03-26 04:00:00,2.0,235.0,57.0,1.8,91.9,1.0128
STN-04,2021-03-26 05:00:00,1.8,156.0,33.0,3.8,90.1,1.1174
STN-04,2021-03-26 06:00:00,3.1,292.0,55.0,4.2,86.0,1.0636
STN-04,2021-03-26 07:00:00,,,95.0,4.2,85.3,
STN-04,2021-03-26 08:00:00,4.0,398.0,106.0,5.2,79.4,1.0653
STN-04,2021-03-26 09:00:00,4.7,505.0,142.0,7.2,71.5,1.0488
STN-04,2021-03-26 10:00:00,4.6,444.0,126.0,9.8,71.2,1.1257
STN-04,2021-03-26 11:00:00,4.1,392.0,120.0,10.9,68.9,1.0849
STN-04,2021-03-26 12:00:00,,372.0,133.0,11.7,60.7,0.9863
STN-04,2021-03-26 13:00:00,2.4,265.0,113.0,11.4,60.0,1.0009
STN-04,2021-03-26 14:00:00,1.4,224.0,106.0,11.0,53.0,0.894
STN-04,2021-03-26 15:00:00,1.5,171.0,102.0,10.9,48.8,0.8613
STN-04,2021-03-26 16:00:00,1.0,159.0,99.0,12.1,40.8,0.8236
STN-04,2021-03-26 17:00:00,2.7,309.0,121.0,12.6,40.2,0.8298
STN-04,2021-03-26 18:00:00,3.2,391.0,142.0,11.0,35.9,0.7603
STN-04,2021-03-26 19:00:00,3.8,396.0,140.0,9.8,41.2,0.8032
STN-04,2021-03-26 20:00:00,2.9,281.0,114.0,8.2,48.1,0.8341
STN-04,2021-03-26 21:00:00,3.1,,128.0,7.1,49.5,
STN-04,2021-03-26 22:00:00,3.0,349.0,122.0,5.3,51.4,0.7925
STN-04,2021-03-26 23:00:00,3.4,337.0,120.0,5.3,54.3,0.8189
STN-04,2021-03-27 00:00:00,2.9,274.0,116.0,4.9,58.6,0.8299
STN-04,2021-03-27 01:00:00,2.9,255.0,100.0,5.3,62.4,0.8718
STN-04,2021-03-27 02:00:00,3.3,303.0,95.0,5.4,64.1,0.88
STN-04,2021-03-27 03:00:00,3.7,288.0,90.0,5.6,72.4,0.9646
STN-04,2021-03-27 04:00:00,3.5,312.0,63.0,4.1,69.3,0.8579
STN-04,2021-03-27 05:00:00,2.7,224.0,53.0,3.2,68.1,0.7998
STN-04,2021-03-27 06:00:00,2.9,277.0,66.0,3.8,63.6,0.7679
STN-04,2021-03-27 07:00:00,3.9,387.0,86.0,3.2,62.8,0.7292
STN-04,2021-03-27 08:00:00,4.5,506.0,105.0,3.3,64.3,0.7472
STN-04,2021-03-27 09:00:00,4.8,522.0,107.0,6.5,60.5,0.8023
STN-04,2021-03-27 10:00:00,4.4,488.0,105.0,8.0,57.7,0.7942
STN-04,2021-03-27 11:00:00,3.0,245.0,77.0,9.9,48.6,0.724
STN-04,2021-03-27 12:00:00,2.6,155.0,70.0,11.8,42.7,0.711
STN-04,2021-03-27 13:00:00,2.6,181.0,61.0,12.7,39.9,0.6977
STN-04,2021-03-27 14:00:00,2.5,167.0,59.0,12.9,44.4,0.7385
STN-04,2021-03-27 15:00:00,2.8,133.0,60.0,14.6,42.3,0.8106
STN-04,2021-03-27 16:00:00,2.9,156.0,75.0,13.3,42.5,0.7726
STN-04,2021-03-27 17:00:00,4.4,313.0,108.0,11.6,48.5,0.802
STN-04,2021-03-27 18:00:00,5.6,368.0,114.0,11.0,59.3,0.9465
STN-04,2021-03-27 19:00:00,5.9,394.0,134.0,9.9,,0.9834
STN-04,2021-03-27 20:00:00,5.2,337.0,110.0,9.0,64.0,0.9633
STN-04,2021-03-27 21:00:00,4.1,326.0,97.0,8.2,63.1,0.8823
STN-04,2021-03-27 22:00:00,4.0,300.0,114.0,9.1,68.3,0.9433
STN-04,2021-03-27 23:00:00,3.4,311.0,107.0,8.3,66.6,0.9199
STN-04,2021-03-28 00:00:00,3.0,271.0,111.0,6.8,73.7,1.0035
STN-04,2021-03-28 01:00:00,3.0,349.0,135.0,6.2,73.6,0.9494
STN-04,2021-03-28 02:00:00,2.5,291.0,93.0,7.2,67.9,0.9043
STN-04,2021-03-28 03:00:00,2.1,255.0,98.0,8.0,,0.9054
STN-04,2021-03-28 04:00:00,1.3,200.0,72.0,7.2,69.7,0.9019
STN-04,2021-03-28 05:00:00,0.8,121.0,55.0,6.1,69.3,0.8635
STN-04,2021-03-28 06:00:00,1.0,134.0,44.0,7.5,66.2,0.8577
STN-04,2021-03-28 07:00:00,2.2,273.0,76.0,8.1,64.6,0.887
STN-04,2021-03-28 08:00:00,3.4,419.0,113.0,9.3,60.9,0.9096
STN-04,2021-03-28 09:00:00,3.8,469.0,117.0,22.936460110448046,50.4,0.806
STN-04,2021-03-28 10:00:00,5.0,538.0,128.0,14.2,44.3,0.8699
STN-04,2021-03-28 11:00:00,4.6,522.0,132.0,15.6,44.5,0.9001
STN-04,2021-03-28 12:00:00,2.8,329.0,100.0,16.5,40.1,0.8556
STN-04,2021-03-28 13:00:00,3.1,269.0,100.0,16.2,40.3,0.8146
STN-04,2021-03-28 14:00:00,2.8,232.0,89.0,17.2,48.5,0.9163
STN-04,2021-03-28 15:00:00,2.0,139.0,63.0,17.1,48.2,0.8791
STN-04,2021-03-28 16:00:00,2.9,187.0,63.0,18.6,46.3,0.9065
STN-04,2021-03-28 17:00:00,3.5,185.0,64.0,17.7,44.0,0.8765
STN-04,2021-03-28 18:00:00,4.6,272.0,88.0,16.1,44.0,0.8847
STN-04,2021-03-28 19:00:00,5.0,293.0,92.0,13.3,44.0,0.8867
STN-04,2021-03-28 20:00:00,4.3,341.0,91.0,10.7,44.0,0.892
STN-04,2021-03-28 21:00:00,2.3,164.0,61.0,9.4,44.0,0.879
STN-04,2021-03-28 22:00:00,1.2,93.0,55.0,8.3,68.9,0.9291
STN-04,2021-03-28 23:00:00,1.9,117.0,67.0,8.6,66.9,0.8887
STN-04,2021-03-29 00:00:00,2.3,176.0,75.0,8.6,72.6,0.9028
STN-04,2021-03-29 01:00:00,3.0,234.0,77.0,8.0,80.0,0.9533
STN-04,2021-03-29 02:00:00,3.0,281.0,81.0,7.6,81.3,0.9488
STN-04,2021-03-29 03:00:00,2.2,257.0,87.0,7.4,80.1,0.9092
STN-04,2021-03-29 04:00:00,2.5,234.0,70.0,6.7,74.0,0.8368
STN-04,2021-03-29 05:00:00,2.0,195.0,63.0,8.1,70.6,0.838
STN-04,2021-03-29 06:00:00,2.3,215.0,73.0,7.7,68.0,0.7826
STN-04,2021-03-29 07:00:00,4.0,332.0,96.0,9.0,68.3,0.8813
STN-04,2021-03-29 08:00:00,4.9,414.0,121.0,9.2,70.6,0.9604
STN-04,2021-03-29 09:00:00,4.8,408.0,148.0,11.1,65.1,0.9843
STN-04,2021-03-29 10:00:00,9.448033495926857,320.0,146.0,11.8,60.5,0.932
STN-04,2021-03-29 11:00:00,3.4,252.0,145.0,13.6,58.6,0.9643
STN-04,2021-03-29 12:00:00,1.7,72.0,,14.1,53.9,0.9081
STN-04,2021-03-29 13:00:00,1.9,95.0,104.0,13.4,50.7,0.8223
STN-04,2021-03-29 14:00:00,1.7,115.0,108.0,16.1,39.0,0.7433
STN-04,2021-03-29 15:00:00,1.7,124.0,124.0,16.6,40.8,0.7751
STN-04,2021-03-29 16:00:00,1.3,92.0,112.0,16.7,41.1,0.8102
STN-04,2021-03-29 17:00:00,1.6,146.0,116.0,14.7,44.7,0.7943
STN-04,2021-03-29 18:00:00,2.9,257.0,117.0,13.6,48.4,0.821
STN-04,2021-03-29 19:00:00,3.2,348.0,148.0,15.0,50.0,0.9415
STN-04,2021-03-29 20:00:00,2.5,271.0,124.0,30.675724233313655,50.5,0.9081
STN-04,2021-03-29 21:00:00,1.6,213.0,101.0,13.5,52.1,0.9134
STN-04,2021-03-29 22:00:00,0.4,37.0,78.0,12.3,50.6,0.8736
STN-04,2021-03-29 23:00:00,,1.0,52.0,11.5,47.7,0.8248
STN-04,2021-03-30 00:00:00,1.0,64.0,80.0,11.0,,0.7627
STN-04,2021-03-30 01:00:00,0.6,4.0,80.0,10.7,40.5,0.713
STN-04,2021-03-30 02:00:00,0.3,1.0,63.0,11.5,,0.7082
STN-04,2021-03-30 03:00:00,0.0,1.0,54.0,11.9,38.5,0.7365
STN-04,2021-03-30 04:00:00,0.0,1.0,37.0,10.0,34.9,0.6003
STN-04,2021-03-30 05:00:00,0.0,1.0,36.0,8.8,40.1,0.6124
STN-04,2021-03-30 06:00:00,0.3,98.0,54.0,8.6,45.9,0.6495
STN-04,2021-03-30 07:00:00,1.3,202.0,101.0,8.9,46.3,0.6701
STN-04,2021-03-30 08:00:00,3.1,366.0,140.0,11.2,38.2,
STN-04,2021-03-30 09:00:00,4.0,448.0,153.0,12.4,37.9,0.7164
STN-04,2021-03-30 10:00:00,2.7,348.0,147.0,13.5,28.8,0.6269
STN-04,2021-03-30 11:00:00,1.6,248.0,138.0,16.2,,0.5908
STN-04,2021-03-30 12:00:00,2.4,354.0,154.0,17.6,18.1,0.5488
STN-04,2021-03-30 13:00:00,2.5,304.0,125.0,18.5,20.4,0.5727
STN-04,2021-03-30 14:00:00,2.4,350.0,122.0,19.4,20.1,0.5777
STN-04,2021-03-30 15:00:00,2.3,316.0,113.0,20.5,21.6,0.6345
STN-04,2021-03-30 16:00:00,2.1,264.0,106.0,20.0,19.7,0.5946
STN-04,2021-03-30 17:00:00,,416.0,139.0,,24.4,0.6533
STN-04,2021-03-30 18:00:00,4.9,492.0,147.0,19.2,27.0,0.671
STN-04,2021-03-30 19:00:00,,491.0,165.0,17.5,29.5,0.6507
STN-04,2021-03-30 20:00:00,5.0,440.0,144.0,15.4,38.9,0.6924
STN-04,2021-03-30 21:00:00,5.0,503.0,149.0,15.5,45.2,0.7275
STN-04,2021-03-30 22:00:00,4.6,466.0,147.0,15.0,48.6,0.7564
STN-04,2021-03-30 23:00:00,4.3,438.0,150.0,13.4,51.8,0.7501
STN-04,2021-03-31 00:00:00,4.1,409.0,158.0,12.7,53.1,0.718
STN-04,2021-03-31 01:00:00,3.6,381.0,145.0,13.5,53.7,0.7473
STN-04,2021-03-31 02:00:00,3.3,385.0,134.0,,53.2,0.7007
STN-04,2021-03-31 03:00:00,2.4,258.0,111.0,9.7,57.2,0.6538
STN-04,2021-03-31 04:00:00,2.7,230.0,99.0,8.9,56.1,0.5997
STN-04,2021-03-31 05:00:00,3.4,320.0,118.0,9.4,60.3,0.6417
STN-04,2021-03-31 06:00:00,3.9,439.0,145.0,10.3,59.1,
STN-04,2021-03-31 07:00:00,3.8,455.0,166.0,9.3,60.6,0.6358
STN-04,2021-03-31 08:00:00,4.8,620.0,210.0,11.0,57.9,0.6648
STN-04,2021-03-31 09:00:00,4.6,,196.0,11.8,56.5,0.6938
STN-04,2021-03-31 10:00:00,4.9,642.0,198.0,15.3,51.7,0.7631
STN-04,2021-03-31 11:00:00,4.2,538.0,,18.1,49.3,0.7881
STN-04,2021-03-31 12:00:00,3.5,465.0,164.0,19.8,47.7,
STN-04,2021-03-31 13:00:00,3.8,447.0,146.0,21.0,52.1,0.8846
STN-04,2021-03-31 14:00:00,3.4,444.0,168.0,21.0,48.2,0.8028
STN-04,2021-03-31 15:00:00,3.3,449.0,169.0,21.3,48.1,0.8106
STN-04,2021-03-31 16:00:00,3.5,473.0,173.0,20.0,56.2,0.8677
STN-04,2021-03-31 17:00:00,4.1,495.0,176.0,18.1,64.0,0.9132
STN-04,2021-03-31 18:00:00,4.9,542.0,,18.2,63.5,0.9815
STN-04,2021-03-31 19:00:00,5.9,614.0,190.0,17.5,68.9,1.0671
STN-04,2021-03-31 20:00:00,5.2,537.0,177.0,14.7,66.9,0.9679
STN-04,2021-03-31 21:00:00,3.4,430.0,131.0,14.0,63.3,0.9382
STN-04,2021-03-31 22:00:00,3.1,348.0,122.0,14.0,64.8,0.9794
STN-04,2021-03-31 23:00:00,3.1,383.0,,13.5,66.2,0.9755
STN-04,2021-04-01 00:00:00,2.5,278.0,102.0,14.9,62.8,1.0472
STN-04,2021-04-01 01:00:00,2.4,237.0,88.0,13.5,61.0,0.9763
STN-04,2021-04-01 02:00:00,1.8,157.0,,13.9,61.1,0.9717
STN-04,2021-04-01 03:00:00,2.5,212.0,77.0,13.3,61.2,0.9435
STN-04,2021-04-01 04:00:00,1.4,98.0,23.0,13.1,60.9,0.9078
STN-04,2021-04-01 05:00:00,1.1,55.0,15.0,13.2,60.9,0.9336
STN-04,2021-04-01 06:00:00,1.5,164.0,48.0,11.0,-51.21382822802893,0.9002
STN-04,2021-04-01 07:00:00,1.9,155.0,52.0,11.9,63.5,0.9461
STN-04,2021-04-01 08:00:00,3.5,,90.0,12.5,66.6,1.0033
STN-04,2021-04-01 09:00:00,3.7,276.0,89.0,14.3,64.2,1.0601
STN-04,2021-04-01 10:00:00,4.3,403.0,119.0,17.1,61.0,1.1106
STN-04,2021-04-01 11:00:00,4.1,376.0,120.0,20.3,46.5,1.0454
STN-04,2021-04-01 12:00:00,,390.0,134.0,21.8,39.5,0.9757
STN-04,2021-04-01 13:00:00,3.2,335.0,138.0,22.2,37.5,0.9494
STN-04,2021-04-01 14:00:00,2.9,213.0,125.0,23.6,33.1,
STN-04,2021-04-01 15:00:00,2.3,206.0,124.0,24.6,29.7,0.9401
STN-04,2021-04-01 16:00:00,2.1,293.0,154.0,24.7,30.3,0.9402
STN-04,2021-04-01 17:00:00,2.8,314.0,151.0,24.5,32.4,1.0
STN-04,2021-04-01 18:00:00,3.1,337.0,163.0,23.5,35.8,1.0322
STN-04,2021-04-01 19:00:00,3.4,313.0,157.0,20.8,45.6,1.0822
STN-04,2021-04-01 20:00:00,3.7,320.0,164.0,17.5,46.3,0.984
STN-04,2021-04-01 21:00:00,2.4,225.0,140.0,16.0,52.0,0.9997
STN-04,2021-04-01 22:00:00,2.1,162.0,116.0,14.8,59.5,0.9988
STN-04,2021-04-01 23:00:00,1.9,97.0,93.0,12.7,63.3,0.9996
STN-04,2021-04-02 00:00:00,1.6,,83.0,11.5,66.8,1.0684
STN-04,2021-04-02 01:00:00,2.0,149.0,85.0,11.3,59.4,0.9881
STN-04,2021-04-02 02:00:00,1.9,79.0,37.0,10.7,63.1,1.0319
STN-04,2021-04-02 03:00:00,2.0,95.0,54.0,9.5,63.9,0.9836
STN-04,2021-04-02 04:00:00,1.6,1.0,9.0,9.5,66.1,1.0091
STN-04,2021-04-02 05:00:00,1.4,1.0,1.0,9.6,68.5,1.0568
STN-04,2021-04-02 06:00:00,1.5,35.0,18.0,9.0,75.0,1.1094
STN-04,2021-04-02 07:00:00,2.9,196.0,56.0,10.5,69.5,1.0962
STN-04,2021-04-02 08:00:00,4.4,358.0,100.0,11.8,68.6,1.1308
STN-04,2021-04-02 09:00:00,4.9,398.0,107.0,14.0,63.8,1.2161
STN-04,2021-04-02 10:00:00,5.1,453.0,118.0,15.8,58.7,1.1981
STN-04,2021-04-02 11:00:00,4.8,385.0,115.0,18.8,51.2,1.2025
STN-04,2021-04-02 12:00:00,5.8,403.0,116.0,21.0,51.1,1.2411
STN-04,2021-04-02 13:00:00,4.4,339.0,104.0,20.9,46.2,1.1489
STN-04,2021-04-02 14:00:00,4.2,340.0,103.0,20.1,46.5,1.1284
STN-04,2021-04-02 15:00:00,4.1,268.0,106.0,21.5,43.7,1.1476
STN-04,2021-04-02 16:00:00,3.1,228.0,107.0,22.2,41.0,1.0767
STN-04,2021-04-02 17:00:00,3.7,277.0,128.0,23.3,38.0,1.1006
STN-04,2021-04-02 18:00:00,4.0,215.0,124.0,22.7,43.1,1.1812
STN-04,2021-04-02 19:00:00,4.5,325.0,,21.5,47.4,
STN-04,2021-04-02 20:00:00,5.2,412.0,143.0,20.8,54.9,1.3378
STN-04,2021-04-02 21:00:00,3.8,297.0,116.0,19.8,66.6,1.4423
STN-04,2021-04-02 22:00:00,3.5,236.0,102.0,20.1,66.2,1.4426
STN-04,2021-04-02 23:00:00,3.2,188.0,81.0,19.2,66.4,1.396
STN-04,2021-04-03 00:00:00,,59.0,55.0,17.7,69.1,1.4254
STN-04,2021-04-03 01:00:00,1.3,1.0,40.0,17.4,69.5,1.4092
STN-04,2021-04-03 02:00:00,1.5,1.0,11.0,16.3,76.1,1.4866
STN-04,2021-04-03 03:00:00,2.2,1.0,19.0,15.2,77.1,1.4665
STN-04,2021-04-03 04:00:00,2.0,1.0,10.0,15.2,73.0,1.4224
STN-04,2021-04-03 05:00:00,2.1,,36.0,13.5,74.0,1.3697
STN-04,2021-04-03 06:00:00,2.5,49.0,63.0,11.9,75.8,1.3545
STN-04,2021-04-03 07:00:00,2.6,108.0,74.0,12.4,74.1,1.3377
STN-04,2021-04-03 08:00:00,2.7,92.0,75.0,12.3,70.0,1.2971
STN-04,2021-04-03 09:00:00,3.1,,102.0,12.4,71.3,1.3456
STN-04,2021-04-03 10:00:00,2.5,217.0,101.0,15.9,70.0,1.4388
STN-04,2021-04-03 11:00:00,1.4,94.0,102.0,18.4,61.2,1.3711
STN-04,2021-04-03 12:00:00,1.6,106.0,96.0,21.0,60.2,1.4407
STN-04,2021-04-03 13:00:00,1.9,372.9026274718838,82.0,20.9,61.6,1.4507
STN-04,2021-04-03 14:00:00,1.9,1.0,88.0,20.6,57.5,1.3734
STN-04,2021-04-03 15:00:00,1.4,1.0,72.0,19.7,57.7,1.3339
STN-04,2021-04-03 16:00:00,1.8,1.0,95.0,18.9,54.4,1.2682
STN-04,2021-04-03 17:00:00,2.6,1.0,102.0,,57.4,1.3693
STN-04,2021-04-03 18:00:00,4.2,153.0,139.0,17.6,63.1,1.373
STN-04,2021-04-03 19:00:00,4.9,294.0,177.0,15.1,66.0,1.3662
STN-04,2021-04-03 20:00:00,5.8,394.0,189.0,13.8,69.6,1.3437
STN-04,2021-04-03 21:00:00,4.2,289.0,167.0,15.2,66.5,1.3445
STN-04,2021-04-03 22:00:00,3.4,209.0,131.0,13.6,68.6,1.3013
STN-04,2021-04-03 23:00:00,2.8,,119.0,11.6,70.2,1.2674
STN-04,2021-04-04 00:00:00,3.4,158.0,95.0,12.4,70.9,1.2911
STN-04,2021-04-04 01:00:00,3.3,142.0,73.0,9.9,74.4,1.2492
STN-04,2021-04-04 02:00:00,2.8,99.0,55.0,10.6,72.4,1.3106
STN-04,2021-04-04 03:00:00,3.2,138.0,73.0,10.3,71.7,1.2894
STN-04,2021-04-04 04:00:00,3.6,162.0,59.0,10.9,70.1,1.2701
STN-04,2021-04-04 05:00:00,3.1,62.0,39.0,10.0,71.1,1.2395
STN-04,2021-04-04 06:00:00,2.2,1.0,9.0,9.1,72.6,1.2584
STN-04,2021-04-04 07:00:00,2.7,25.0,29.0,10.1,72.9,1.3168
STN-04,2021-04-04 08:00:00,4.2,127.0,63.0,12.0,64.5,1.3053
STN-04,2021-04-04 09:00:00,4.8,200.0,91.0,12.5,62.5,1.2896
STN-04,2021-04-04 10:00:00,4.7,209.0,107.0,15.4,53.0,1.2775
STN-04,2021-04-04 11:00:00,4.4,228.0,90.0,18.5,47.6,1.3511
STN-04,2021-04-04 12:00:00,3.2,97.0,75.0,19.0,41.0,1.2923
STN-04,2021-04-04 13:00:00,3.6,174.0,76.0,19.7,38.1,1.2541
STN-04,2021-04-04 14:00:00,3.7,190.0,83.0,19.6,40.1,1.252
STN-04,2021-04-04 15:00:00,4.0,218.0,113.0,20.0,39.0,1.2167
STN-04,2021-04-04 16:00:00,4.4,232.0,109.0,18.8,44.4,1.2312
STN-04,2021-04-04 17:00:00,5.9,368.0,125.0,19.4,43.8,1.268
STN-04,2021-04-04 18:00:00,5.3,384.0,140.0,18.0,39.7,1.2183
STN-04,2021-04-04 19:00:00,6.0,363.0,160.0,15.9,39.1,1.1576
STN-04,2021-04-04 20:00:00,5.4,272.0,150.0,15.4,39.0,1.1443
STN-04,2021-04-04 21:00:00,4.5,219.0,119.0,14.0,44.7,1.1516
STN-04,2021-04-04 22:00:00,2.5,16.0,75.0,12.3,45.2,1.114
STN-04,2021-04-04 23:00:00,3.4,148.0,99.0,11.2,50.5,1.1493
STN-04,2021-04-05 00:00:00,3.8,227.0,105.0,11.5,56.3,1.1934
STN-04,2021-04-05 01:00:00,2.8,163.0,81.0,11.0,61.0,1.249
STN-04,2021-04-05 02:00:00,2.5,108.0,65.0,8.8,63.5,1.1903
STN-04,2021-04-05 03:00:00,2.3,,57.0,9.0,65.0,1.2199
STN-04,2021-04-05 04:00:00,2.1,66.0,46.0,8.4,66.2,1.1951
STN-04,2021-04-05 05:00:00,2.3,162.0,79.0,7.4,65.5,1.1915
STN-04,2021-04-05 06:00:00,1.1,116.0,70.0,7.2,67.3,1.1904
STN-04,2021-04-05 07:00:00,2.7,296.0,92.0,6.3,70.2,1.1917
STN-04,2021-04-05 08:00:00,,390.0,,9.1,64.3,1.225
STN-04,2021-04-05 09:00:00,4.1,493.0,152.0,9.5,63.0,1.23
STN-04,2021-04-05 10:00:00,3.8,447.0,157.0,11.4,55.8,1.2191
STN-04,2021-04-05 11:00:00,3.3,357.0,142.0,11.2,53.0,1.1478
STN-04,2021-04-05 12:00:00,3.2,316.0,150.0,11.8,55.0,1.1314
STN-04,2021-04-05 13:00:00,3.1,277.0,130.0,11.6,55.7,1.1104
STN-04,2021-04-05 14:00:00,3.3,344.0,144.0,10.1,54.8,1.0292
STN-04,2021-04-05 15:00:00,4.0,384.0,153.0,10.3,53.2,1.016
STN-04,2021-04-05 16:00:00,4.5,312.0,136.0,9.8,52.8,
STN-04,2021-04-05 17:00:00,4.5,284.0,136.0,10.4,56.8,1.056
STN-04,2021-04-05 18:00:00,6.1,362.0,142.0,8.7,60.2,1.106
STN-04,2021-04-05 19:00:00,6.9,454.0,156.0,9.7,59.0,1.1482
STN-04,2021-04-05 20:00:00,6.1,471.0,149.0,8.5,64.8,
STN-04,2021-04-05 21:00:00,4.2,260.0,90.0,8.3,64.8,1.1739
STN-04,2021-04-05 22:00:00,3.5,205.0,77.0,8.1,75.4,1.2964
STN-04,2021-04-05 23:00:00,3.7,196.0,79.0,7.8,76.0,1.3099
STN-04,2021-04-06 00:00:00,3.8,203.0,87.0,8.1,75.7,1.2862
STN-04,2021-04-06 01:00:00,3.0,76.0,56.0,8.6,75.0,1.2872
STN-04,2021-04-06 02:00:00,2.5,1.0,51.0,7.2,76.0,1.2447
STN-04,2021-04-06 03:00:00,2.4,1.0,71.0,7.2,78.8,1.2323
STN-04,2021-04-06 04:00:00,2.5,2.0,60.0,4.6,81.5,3.859076522662784
STN-04,2021-04-06 05:00:00,2.4,1.0,53.0,6.0,77.8,1.1784
STN-04,2021-04-06 06:00:00,3.1,134.0,64.0,6.8,81.8,1.2613
STN-04,2021-04-06 07:00:00,3.2,201.0,84.0,6.1,80.4,1.256
STN-04,2021-04-06 08:00:00,4.0,429.0,129.0,6.0,75.5,1.1633
STN-04,2021-04-06 09:00:00,4.3,447.0,143.0,6.6,69.1,1.1301
STN-04,2021-04-06 10:00:00,3.6,357.0,118.0,9.1,63.8,1.1638
STN-04,2021-04-06 11:00:00,2.4,156.0,92.0,11.6,56.6,1.163
STN-04,2021-04-06 12:00:00,2.6,135.0,95.0,12.6,52.5,1.1521
STN-04,2021-04-06 13:00:00,2.5,108.0,86.0,13.2,,1.0667
STN-04,2021-04-06 14:00:00,3.4,147.0,84.0,14.2,47.4,1.0906
STN-04,2021-04-06 15:00:00,2.9,92.0,97.0,15.4,41.1,1.0424
STN-04,2021-04-06 16:00:00,3.4,180.0,125.0,15.4,40.0,1.0217
STN-04,2021-04-06 17:00:00,4.6,253.0,142.0,,43.7,1.0847
STN-04,2021-04-06 18:00:00,4.8,265.0,137.0,11.5,47.2,1.0121
STN-04,2021-04-06 19:00:00,4.9,310.0,150.0,10.6,47.5,0.9947
STN-04,2021-04-06 20:00:00,4.3,288.0,141.0,9.6,53.2,0.9765
STN-04,2021-04-06 21:00:00,3.8,234.0,124.0,9.6,54.3,0.9973
STN-04,2021-04-06 22:00:00,3.6,184.0,102.0,9.2,51.3,0.9502
STN-04,2021-04-06 23:00:00,3.4,135.0,91.0,7.6,53.9,0.9046
STN-04,2021-04-07 00:00:00,2.4,135.0,87.0,7.0,60.2,0.9181
STN-04,2021-04-07 01:00:00,1.9,129.0,60.0,5.9,58.7,0.8355
STN-04,2021-04-07 02:00:00,1.5,,47.0,7.1,61.3,0.8705
STN-04,2021-04-07 03:00:00,1.6,135.0,52.0,5.8,66.1,0.881
STN-04,2021-04-07 04:00:00,2.3,209.0,,5.4,60.1,0.7959
STN-04,2021-04-07 05:00:00,2.1,167.0,49.0,4.9,69.0,0.8492
STN-04,2021-04-07 06:00:00,1.0,29.0,45.0,4.4,69.8,0.8391
STN-04,2021-04-07 07:00:00,0.8,47.0,64.0,3.8,69.2,
STN-04,2021-04-07 08:00:00,1.7,210.0,101.0,5.2,67.6,0.8611
STN-04,2021-04-07 09:00:00,1.7,241.0,101.0,6.8,58.4,0.8075
STN-04,2021-04-07 10:00:00,1.8,227.0,123.0,9.5,47.4,0.7696
STN-04,2021-04-07 11:00:00,2.2,303.0,141.0,11.0,42.8,0.7317
STN-04,2021-04-07 12:00:00,2.0,261.0,132.0,12.1,38.6,0.7214
STN-04,2021-04-07 13:00:00,2.2,192.0,114.0,13.8,32.7,0.7136
STN-04,2021-04-07 14:00:00,2.0,162.0,117.0,12.9,35.7,0.7063
STN-04,2021-04-07 15:00:00,1.2,11.0,89.0,13.1,36.4,0.7283
STN-04,2021-04-07 16:00:00,2.6,145.0,126.0,13.0,39.6,0.7351
STN-04,2021-04-07 17:00:00,3.2,241.0,153.0,11.9,40.4,0.6959
STN-04,2021-04-07 18:00:00,4.8,350.0,162.0,11.2,48.2,0.785
STN-04,2021-04-07 19:00:00,5.3,390.0,177.0,11.0,46.0,0.7626
STN-04,2021-04-07 20:00:00,4.9,367.0,161.0,10.7,49.6,0.7759
STN-04,2021-04-07 21:00:00,3.6,248.0,130.0,10.0,47.2,0.7201
STN-04,2021-04-07 22:00:00,3.4,139.0,109.0,10.8,42.1,0.7352
STN-04,2021-04-07 23:00:00,3.3,124.0,123.0,11.0,42.6,0.7369
STN-04,2021-04-08 00:00:00,2.4,17.0,103.0,10.2,44.2,0.686
STN-04,2021-04-08 01:00:00,1.3,10.0,84.0,10.7,46.7,0.7055
STN-04,2021-04-08 02:00:00,1.2,1.0,67.0,11.2,47.9,0.7316
STN-04,2021-04-08 03:00:00,1.4,10.0,,10.8,54.2,0.7929
STN-04,2021-04-08 04:00:00,1.2,1.0,38.0,8.9,55.2,0.751
STN-04,2021-04-08 05:00:00,0.7,1.0,34.0,7.3,56.5,0.726
STN-04,2021-04-08 06:00:00,1.2,1.0,44.0,6.4,59.6,0.6855
STN-04,2021-04-08 07:00:00,2.8,86.0,87.0,7.3,55.2,0.6567
STN-04,2021-04-08 08:00:00,3.2,153.0,82.0,7.0,56.0,0.6684
STN-04,2021-04-08 09:00:00,3.1,151.0,93.0,8.3,49.8,
STN-04,2021-04-08 10:00:00,2.8,120.0,93.0,9.0,43.8,0.5681
STN-04,2021-04-08 11:00:00,3.6,186.0,110.0,13.0,42.3,0.6588
STN-04,2021-04-08 12:00:00,3.7,228.0,102.0,14.8,38.5,0.6421
STN-04,2021-04-08 13:00:00,3.2,107.0,65.0,15.7,40.4,0.6851
STN-04,2021-04-08 14:00:00,3.6,135.0,70.0,16.4,43.2,0.732
STN-04,2021-04-08 15:00:00,3.1,114.0,82.0,18.3,34.7,0.6896
STN-04,2021-04-08 16:00:00,2.9,158.0,93.0,18.2,34.3,0.689
STN-04,2021-04-08 17:00:00,3.6,163.0,118.0,17.2,35.8,0.6996
STN-04,2021-04-08 18:00:00,4.0,233.0,145.0,15.4,37.1,0.6898
STN-04,2021-04-08 19:00:00,3.9,150.0,137.0,14.7,40.9,0.735
STN-04,2021-04-08 20:00:00,3.7,152.0,125.0,12.4,47.1,0.7129
STN-04,2021-04-08 21:00:00,2.6,119.0,107.0,12.4,47.4,0.6882
STN-04,2021-04-08 22:00:00,1.7,13.0,94.0,11.5,51.6,0.6936
STN-04,2021-04-08 23:00:00,1.5,1.0,73.0,10.0,52.1,0.6738
STN-04,2021-04-09 00:00:00,1.6,1.0,63.0,9.3,48.9,0.5812
STN-04,2021-04-09 01:00:00,1.9,1.0,75.0,9.4,46.1,0.5377
STN-04,2021-04-09 02:00:00,2.3,62.0,67.0,6.5,54.9,0.5694
STN-04,2021-04-09 03:00:00,1.4,25.0,63.0,8.1,49.9,0.5666
STN-04,2021-04-09 04:00:00,1.0,1.0,10.0,7.6,52.3,0.5924
STN-04,2021-04-09 05:00:00,1.3,14.0,22.0,8.5,51.3,0.6068
STN-04,2021-04-09 06:00:00,1.4,45.0,29.0,8.6,52.8,0.6528
STN-04,2021-04-09 07:00:00,1.6,90.0,42.0,7.7,52.1,0.6307
STN-04,2021-04-09 08:00:00,2.5,237.0,60.0,8.3,49.9,0.6408
STN-04,2021-04-09 09:00:00,2.4,191.0,54.0,10.8,46.3,0.6824
STN-04,2021-04-09 10:00:00,1.9,206.0,80.0,12.6,37.2,0.6393
STN-04,2021-04-09 11:00:00,1.7,172.0,77.0,14.8,35.5,0.6328
STN-04,2021-04-09 12:00:00,1.5,133.0,62.0,14.0,31.6,0.5572
STN-04,2021-04-09 13:00:00,2.0,155.0,75.0,16.1,29.7,0.6026
STN-04,2021-04-09 14:00:00,2.7,281.0,94.0,17.0,28.1,0.6059
STN-04,2021-04-09 15:00:00,2.9,264.0,105.0,18.4,25.7,0.6177
STN-04,2021-04-09 16:00:00,3.2,297.0,,18.2,22.7,0.56
STN-04,2021-04-09 17:00:00,3.3,318.0,146.0,16.4,24.2,0.5398
STN-04,2021-04-09 18:00:00,5.3,406.0,164.0,14.3,32.5,0.5584
STN-04,2021-04-09 19:00:00,5.6,442.0,165.0,13.7,34.4,0.5577
STN-04,2021-04-09 20:00:00,5.2,343.0,141.0,12.6,43.6,0.6328
STN-04,2021-04-09 21:00:00,4.8,339.0,136.0,12.7,48.1,0.6892
STN-04,2021-04-09 22:00:00,3.5,170.0,102.0,10.5,54.3,0.7521
STN-04,2021-04-09 23:00:00,2.3,79.0,67.0,10.0,55.6,0.7485
STN-04,2021-04-10 00:00:00,2.3,18.0,63.0,9.5,57.5,0.7024
STN-04,2021-04-10 01:00:00,1.7,1.0,38.0,10.2,55.4,0.6966
STN-04,2021-04-10 02:00:00,0.2,1.0,12.0,9.4,56.8,0.6698
STN-04,2021-04-10 03:00:00,1.3,1.0,20.0,10.1,60.1,0.7382
STN-04,2021-04-10 04:00:00,1.4,1.0,4.0,9.2,64.8,0.7591
STN-04,2021-04-10 05:00:00,1.9,1.0,27.0,,67.1,0.786
STN-04,2021-04-10 06:00:00,2.0,1.0,33.0,9.5,64.2,0.754
STN-04,2021-04-10 07:00:00,2.7,71.0,45.0,10.2,58.5,0.7082
STN-04,2021-04-10 08:00:00,3.3,148.0,66.0,10.6,59.0,0.7446
STN-04,2021-04-10 09:00:00,3.8,169.0,86.0,15.2,48.9,0.7897
STN-04,2021-04-10 10:00:00,3.3,,99.0,17.2,43.5,0.7825
STN-04,2021-04-10 11:00:00,2.6,52.0,80.0,17.1,43.4,0.7441
STN-04,2021-04-10 12:00:00,2.5,121.0,77.0,19.7,45.7,0.8586
STN-04,2021-04-10 13:00:00,2.0,36.0,61.0,21.0,44.2,0.8991
STN-04,2021-04-10 14:00:00,1.8,1.0,50.0,21.4,44.2,0.8957
STN-04,2021-04-10 15:00:00,1.6,1.0,37.0,21.1,44.3,0.8803
STN-04,2021-04-10 16:00:00,1.8,1.0,63.0,20.7,39.0,0.7904
STN-04,2021-04-10 17:00:00,3.0,,68.0,20.6,44.7,0.8585
STN-04,2021-04-10 18:00:00,3.7,175.0,101.0,19.8,47.1,0.886
STN-04,2021-04-10 19:00:00,4.7,260.0,117.0,17.7,49.2,0.8885
STN-04,2021-04-10 20:00:00,4.9,358.0,135.0,17.0,52.4,0.8789
STN-04,2021-04-10 21:00:00,4.2,280.0,118.0,17.1,51.2,0.8881
STN-04,2021-04-10 22:00:00,3.6,243.0,118.0,17.0,54.0,0.925
STN-04,2021-04-10 23:00:00,3.7,179.0,108.0,14.9,56.6,0.8754
STN-04,2021-04-11 00:00:00,2.6,76.0,107.0,15.0,54.4,0.8727
STN-04,2021-04-11 01:00:00,3.3,185.0,110.0,15.8,59.1,0.9107
STN-04,2021-04-11 02:00:00,2.8,113.0,84.0,14.6,,0.9057
STN-04,2021-04-11 03:00:00,2.8,95.0,68.0,14.4,61.1,0.9109
STN-04,2021-04-11 04:00:00,3.2,195.0,81.0,15.4,65.9,0.9795
STN-04,2021-04-11 05:00:00,3.0,155.0,59.0,15.7,70.7,1.0443
STN-04,2021-04-11 06:00:00,3.1,233.0,61.0,14.7,71.7,1.0242
STN-04,2021-04-11 07:00:00,3.0,180.0,55.0,14.1,68.0,0.9897
STN-04,2021-04-11 08:00:00,4.2,341.0,67.0,14.1,70.1,1.0656
STN-04,2021-04-11 09:00:00,4.8,413.0,93.0,15.5,62.3,1.0502
STN-04,2021-04-11 10:00:00,4.1,344.0,95.0,16.7,57.0,1.0222
STN-04,2021-04-11 11:00:00,3.6,271.0,88.0,19.6,51.6,1.0062
STN-04,2021-04-11 12:00:00,3.0,251.0,97.0,21.1,49.0,0.9936
STN-04,2021-04-11 13:00:00,3.3,269.0,107.0,19.6,49.0,0.9074
STN-04,2021-04-11 14:00:00,3.2,287.0,113.0,19.7,49.5,0.8816
STN-04,2021-04-11 15:00:00,3.2,241.0,106.0,21.0,43.9,0.8536
STN-04,2021-04-11 16:00:00,2.8,208.0,99.0,21.2,41.5,0.8536
STN-04,2021-04-11 17:00:00,3.6,247.0,127.0,19.6,39.9,0.7576
STN-04,2021-04-11 18:00:00,3.7,248.0,130.0,18.4,46.8,0.8399
STN-04,2021-04-11 19:00:00,3.9,258.0,141.0,17.9,51.3,0.9632
STN-04,2021-04-11 20:00:00,2.7,177.0,142.0,16.8,53.2,0.9496
STN-04,2021-04-11 21:00:00,2.7,186.0,131.0,16.3,60.0,1.0205
STN-04,2021-04-11 22:00:00,2.4,93.0,121.0,15.4,56.7,0.9396
STN-04,2021-04-11 23:00:00,1.8,104.0,91.0,13.9,57.3,0.8953
STN-04,2021-04-12 00:00:00,2.3,124.0,95.0,13.8,58.1,0.8989
STN-04,2021-04-12 01:00:00,2.0,94.0,73.0,13.9,58.1,0.9244
STN-04,2021-04-12 02:00:00,1.6,1.0,36.0,14.9,57.0,0.9405
STN-04,2021-04-12 03:00:00,2.2,12.0,55.0,14.7,57.4,0.949
STN-04,2021-04-12 04:00:00,1.8,1.0,29.0,13.9,60.8,0.9008
STN-04,2021-04-12 05:00:00,1.2,1.0,2.0,12.4,68.2,0.9545
STN-04,2021-04-12 06:00:00,1.9,21.0,27.0,14.3,62.8,0.9788
STN-04,2021-04-12 07:00:00,3.1,183.0,60.0,15.9,59.7,1.0122
STN-04,2021-04-12 08:00:00,3.8,211.0,74.0,14.3,60.7,0.9552
STN-04,2021-04-12 09:00:00,4.1,258.0,110.0,16.0,57.5,
STN-04,2021-04-12 10:00:00,3.8,,102.0,17.5,55.4,1.0122
STN-04,2021-04-12 11:00:00,3.3,166.0,82.0,20.4,48.0,1.0037
STN-04,2021-04-12 12:00:00,3.5,163.0,74.0,19.9,44.4,0.9014
STN-04,2021-04-12 13:00:00,3.0,110.0,73.0,19.1,45.3,0.8861
STN-04,2021-04-12 14:00:00,3.0,49.0,77.0,19.3,46.6,0.9136
STN-04,2021-04-12 15:00:00,4.7,227.0,127.0,18.9,46.5,0.8782
STN-04,2021-04-12 16:00:00,4.2,219.0,131.0,17.6,45.3,0.8026
STN-04,2021-04-12 17:00:00,4.8,242.0,140.0,17.7,43.5,0.8157
STN-04,2021-04-12 18:00:00,5.8,406.0,167.0,15.7,45.1,0.7861
STN-04,2021-04-12 19:00:00,5.8,419.0,172.0,12.8,53.9,0.8202
STN-04,2021-04-12 20:00:00,4.6,306.0,161.0,12.3,56.1,0.8582
STN-04,2021-04-12 21:00:00,4.0,237.0,152.0,10.7,54.7,0.7636
STN-04,2021-04-12 22:00:00,3.6,200.0,134.0,9.9,56.4,0.7659
STN-04,2021-04-12 23:00:00,3.6,145.0,115.0,9.8,56.3,0.738
STN-04,2021-04-13 00:00:00,3.6,54.0,77.0,9.7,59.6,0.7885
STN-04,2021-04-13 01:00:00,2.7,11.0,49.0,10.6,55.5,0.783
